{
  "type": "FeatureCollection",
  "name": "ocean_sentinel_origin_drift",
  "metadata": {
    "mode": "DEMO",
    "direction": "BACKWARD",
    "event_id": "00007_01339_persistent_0003",
    "observation_time": "2024-04-10T14:00:00+00:00",
    "timestamp_provenance": "EXTERNALLY_SUPPLIED_TEST_TIMESTAMP",
    "forcing_source": "synthetic_deterministic_fixture",
    "is_authoritative": false,
    "generated_timestamp_utc": "2026-09-20T18:36:15.944382+00:00"
  },
  "features": [
    {
      "type": "Feature",
      "id": "00007_01339_persistent_0003_observation",
      "geometry": {
        "type": "Polygon",
        "coordinates": [
          [
            [
              30.66959305482373,
              32.173326777440515
            ],
            [
              30.669682886352142,
              32.173326777440515
            ],
            [
              30.669682886352142,
              32.17359627202575
            ],
            [
              30.669772717880555,
              32.17359627202575
            ],
            [
              30.669772717880555,
              32.17368610355416
            ],
            [
              30.669682886352142,
              32.17368610355416
            ],
            [
              30.669682886352142,
              32.17395559813939
            ],
            [
              30.669772717880555,
              32.17395559813939
            ],
            [
              30.669772717880555,
              32.17413526119622
            ],
            [
              30.669862549408965,
              32.17413526119622
            ],
            [
              30.669862549408965,
              32.174314924253046
            ],
            [
              30.669952380937378,
              32.174314924253046
            ],
            [
              30.669952380937378,
              32.17458441883828
            ],
            [
              30.670042212465788,
              32.17458441883828
            ],
            [
              30.670042212465788,
              32.17485391342352
            ],
            [
              30.6701320439942,
              32.17485391342352
            ],
            [
              30.6701320439942,
              32.17503357648034
            ],
            [
              30.670221875522614,
              32.17503357648034
            ],
            [
              30.670221875522614,
              32.175213239537165
            ],
            [
              30.670311707051024,
              32.175213239537165
            ],
            [
              30.670311707051024,
              32.1754827341224
            ],
            [
              30.670401538579437,
              32.1754827341224
            ],
            [
              30.670401538579437,
              32.17575222870764
            ],
            [
              30.67049137010785,
              32.17575222870764
            ],
            [
              30.67049137010785,
              32.175931891764456
            ],
            [
              30.67058120163626,
              32.175931891764456
            ],
            [
              30.67058120163626,
              32.17602172329287
            ],
            [
              30.670671033164673,
              32.17602172329287
            ],
            [
              30.670671033164673,
              32.17611155482128
            ],
            [
              30.670850696221496,
              32.17611155482128
            ],
            [
              30.670850696221496,
              32.176201386349696
            ],
            [
              30.67103035927832,
              32.176201386349696
            ],
            [
              30.67103035927832,
              32.17629121787811
            ],
            [
              30.671120190806732,
              32.17629121787811
            ],
            [
              30.671120190806732,
              32.173326777440515
            ],
            [
              30.670760864693086,
              32.173326777440515
            ],
            [
              30.670760864693086,
              32.1732369459121
            ],
            [
              30.67058120163626,
              32.1732369459121
            ],
            [
              30.67058120163626,
              32.17314711438369
            ],
            [
              30.67049137010785,
              32.17314711438369
            ],
            [
              30.67049137010785,
              32.173057282855275
            ],
            [
              30.670401538579437,
              32.173057282855275
            ],
            [
              30.670401538579437,
              32.17296745132686
            ],
            [
              30.670311707051024,
              32.17296745132686
            ],
            [
              30.670311707051024,
              32.172877619798456
            ],
            [
              30.670221875522614,
              32.172877619798456
            ],
            [
              30.670221875522614,
              32.17278778827004
            ],
            [
              30.6701320439942,
              32.17278778827004
            ],
            [
              30.6701320439942,
              32.172608125213216
            ],
            [
              30.670042212465788,
              32.172608125213216
            ],
            [
              30.670042212465788,
              32.17242846215639
            ],
            [
              30.669952380937378,
              32.17242846215639
            ],
            [
              30.669952380937378,
              32.17233863062798
            ],
            [
              30.670042212465788,
              32.17233863062798
            ],
            [
              30.670042212465788,
              32.17224879909957
            ],
            [
              30.669952380937378,
              32.17224879909957
            ],
            [
              30.669952380937378,
              32.172069136042744
            ],
            [
              30.669862549408965,
              32.172069136042744
            ],
            [
              30.669862549408965,
              32.171889472985924
            ],
            [
              30.669772717880555,
              32.171889472985924
            ],
            [
              30.669772717880555,
              32.171619978400685
            ],
            [
              30.669682886352142,
              32.171619978400685
            ],
            [
              30.669682886352142,
              32.17144031534386
            ],
            [
              30.66959305482373,
              32.17144031534386
            ],
            [
              30.66959305482373,
              32.17135048381545
            ],
            [
              30.66950322329532,
              32.17135048381545
            ],
            [
              30.66950322329532,
              32.17126065228704
            ],
            [
              30.669233728710083,
              32.17126065228704
            ],
            [
              30.669233728710083,
              32.171170820758626
            ],
            [
              30.669054065653256,
              32.171170820758626
            ],
            [
              30.669054065653256,
              32.1709911577018
            ],
            [
              30.668874402596433,
              32.1709911577018
            ],
            [
              30.668874402596433,
              32.170721663116566
            ],
            [
              30.668784571068024,
              32.170721663116566
            ],
            [
              30.668784571068024,
              32.17063183158815
            ],
            [
              30.66869473953961,
              32.17063183158815
            ],
            [
              30.66869473953961,
              32.17036233700292
            ],
            [
              30.668604908011197,
              32.17036233700292
            ],
            [
              30.668604908011197,
              32.16991317936086
            ],
            [
              30.668515076482787,
              32.16991317936086
            ],
            [
              30.668515076482787,
              32.169464021718795
            ],
            [
              30.668425244954374,
              32.169464021718795
            ],
            [
              30.668425244954374,
              32.169284358661976
            ],
            [
              30.66833541342596,
              32.169284358661976
            ],
            [
              30.66833541342596,
              32.169014864076736
            ],
            [
              30.66824558189755,
              32.169014864076736
            ],
            [
              30.66824558189755,
              32.16865553796309
            ],
            [
              30.668155750369138,
              32.16865553796309
            ],
            [
              30.668155750369138,
              32.16838604337786
            ],
            [
              30.668065918840725,
              32.16838604337786
            ],
            [
              30.668065918840725,
              32.168296211849444
            ],
            [
              30.667976087312315,
              32.168296211849444
            ],
            [
              30.667976087312315,
              32.1679368857358
            ],
            [
              30.667886255783902,
              32.1679368857358
            ],
            [
              30.667886255783902,
              32.167397896565326
            ],
            [
              30.667796424255492,
              32.167397896565326
            ],
            [
              30.667796424255492,
              32.16730806503691
            ],
            [
              30.667886255783902,
              32.16730806503691
            ],
            [
              30.667886255783902,
              32.16712840198009
            ],
            [
              30.667796424255492,
              32.16712840198009
            ],
            [
              30.667796424255492,
              32.16694873892327
            ],
            [
              30.66770659272708,
              32.16694873892327
            ],
            [
              30.66770659272708,
              32.16667924433803
            ],
            [
              30.667616761198666,
              32.16667924433803
            ],
            [
              30.667616761198666,
              32.1664995812812
            ],
            [
              30.667526929670256,
              32.1664995812812
            ],
            [
              30.667526929670256,
              32.16631991822438
            ],
            [
              30.667616761198666,
              32.16631991822438
            ],
            [
              30.667616761198666,
              32.16623008669597
            ],
            [
              30.667526929670256,
              32.16623008669597
            ],
            [
              30.667526929670256,
              32.16560126599708
            ],
            [
              30.667437098141843,
              32.16560126599708
            ],
            [
              30.667437098141843,
              32.16533177141185
            ],
            [
              30.66734726661343,
              32.16533177141185
            ],
            [
              30.66734726661343,
              32.16488261376979
            ],
            [
              30.66725743508502,
              32.16488261376979
            ],
            [
              30.66725743508502,
              32.16479278224138
            ],
            [
              30.66734726661343,
              32.16479278224138
            ],
            [
              30.66734726661343,
              32.164253793070905
            ],
            [
              30.667437098141843,
              32.164253793070905
            ],
            [
              30.667437098141843,
              32.16362497237202
            ],
            [
              30.667526929670256,
              32.16362497237202
            ],
            [
              30.667526929670256,
              32.16353514084361
            ],
            [
              30.667437098141843,
              32.16353514084361
            ],
            [
              30.667437098141843,
              32.16335547778679
            ],
            [
              30.667526929670256,
              32.16335547778679
            ],
            [
              30.667526929670256,
              32.1627266570879
            ],
            [
              30.667437098141843,
              32.1627266570879
            ],
            [
              30.667437098141843,
              32.16263682555949
            ],
            [
              30.66734726661343,
              32.16263682555949
            ],
            [
              30.66734726661343,
              32.162546994031075
            ],
            [
              30.66725743508502,
              32.162546994031075
            ],
            [
              30.66725743508502,
              32.162367330974256
            ],
            [
              30.667167603556607,
              32.162367330974256
            ],
            [
              30.667167603556607,
              32.162097836389016
            ],
            [
              30.667077772028193,
              32.162097836389016
            ],
            [
              30.667077772028193,
              32.1619181733322
            ],
            [
              30.666987940499784,
              32.1619181733322
            ],
            [
              30.666987940499784,
              32.161558847218544
            ],
            [
              30.66689810897137,
              32.161558847218544
            ],
            [
              30.66689810897137,
              32.16101985804808
            ],
            [
              30.66680827744296,
              32.16101985804808
            ],
            [
              30.66680827744296,
              32.160930026519665
            ],
            [
              30.66689810897137,
              32.160930026519665
            ],
            [
              30.66689810897137,
              32.16030120582078
            ],
            [
              30.666987940499784,
              32.16030120582078
            ],
            [
              30.666987940499784,
              32.159941879707134
            ],
            [
              30.667077772028193,
              32.159941879707134
            ],
            [
              30.667077772028193,
              32.15985204817872
            ],
            [
              30.666987940499784,
              32.15985204817872
            ],
            [
              30.666987940499784,
              32.159672385121894
            ],
            [
              30.667077772028193,
              32.159672385121894
            ],
            [
              30.667077772028193,
              32.15940289053666
            ],
            [
              30.666987940499784,
              32.15940289053666
            ],
            [
              30.666987940499784,
              32.15931305900825
            ],
            [
              30.667077772028193,
              32.15931305900825
            ],
            [
              30.667077772028193,
              32.15913339595142
            ],
            [
              30.666987940499784,
              32.15913339595142
            ],
            [
              30.666987940499784,
              32.15859440678095
            ],
            [
              30.66689810897137,
              32.15859440678095
            ],
            [
              30.66689810897137,
              32.15814524913889
            ],
            [
              30.66680827744296,
              32.15814524913889
            ],
            [
              30.66680827744296,
              32.158055417610484
            ],
            [
              30.66689810897137,
              32.158055417610484
            ],
            [
              30.66689810897137,
              32.15796558608207
            ],
            [
              30.66680827744296,
              32.15796558608207
            ],
            [
              30.66680827744296,
              32.15769609149683
            ],
            [
              30.66689810897137,
              32.15769609149683
            ],
            [
              30.66689810897137,
              32.15760625996842
            ],
            [
              30.66680827744296,
              32.15760625996842
            ],
            [
              30.66680827744296,
              32.157336765383185
            ],
            [
              30.66689810897137,
              32.157336765383185
            ],
            [
              30.66689810897137,
              32.15715710232636
            ],
            [
              30.66680827744296,
              32.15715710232636
            ],
            [
              30.66680827744296,
              32.15706727079795
            ],
            [
              30.66689810897137,
              32.15706727079795
            ],
            [
              30.66689810897137,
              32.15607912398542
            ],
            [
              30.66680827744296,
              32.15607912398542
            ],
            [
              30.66680827744296,
              32.155899460928595
            ],
            [
              30.66689810897137,
              32.155899460928595
            ],
            [
              30.66689810897137,
              32.15580962940018
            ],
            [
              30.66680827744296,
              32.15580962940018
            ],
            [
              30.66680827744296,
              32.15554013481495
            ],
            [
              30.66689810897137,
              32.15554013481495
            ],
            [
              30.66689810897137,
              32.155450303286536
            ],
            [
              30.66680827744296,
              32.155450303286536
            ],
            [
              30.66680827744296,
              32.155180808701296
            ],
            [
              30.66689810897137,
              32.155180808701296
            ],
            [
              30.66689810897137,
              32.15509097717289
            ],
            [
              30.66680827744296,
              32.15509097717289
            ],
            [
              30.66680827744296,
              32.154462156474004
            ],
            [
              30.666718445914547,
              32.154462156474004
            ],
            [
              30.666718445914547,
              32.154192661888764
            ],
            [
              30.666628614386134,
              32.154192661888764
            ],
            [
              30.666628614386134,
              32.154012998831945
            ],
            [
              30.666538782857724,
              32.154012998831945
            ],
            [
              30.666538782857724,
              32.15392316730353
            ],
            [
              30.66644895132931,
              32.15392316730353
            ],
            [
              30.66644895132931,
              32.15383333577512
            ],
            [
              30.666359119800898,
              32.15383333577512
            ],
            [
              30.666359119800898,
              32.153743504246705
            ],
            [
              30.66626928827249,
              32.153743504246705
            ],
            [
              30.66626928827249,
              32.15365367271829
            ],
            [
              30.666179456744075,
              32.15365367271829
            ],
            [
              30.666179456744075,
              32.153563841189886
            ],
            [
              30.666089625215662,
              32.153563841189886
            ],
            [
              30.666089625215662,
              32.15320451507623
            ],
            [
              30.665999793687252,
              32.15320451507623
            ],
            [
              30.665999793687252,
              32.15311468354782
            ],
            [
              30.66590996215884,
              32.15311468354782
            ],
            [
              30.66590996215884,
              32.15284518896259
            ],
            [
              30.66582013063043,
              32.15284518896259
            ],
            [
              30.66582013063043,
              32.15248586284894
            ],
            [
              30.665730299102016,
              32.15248586284894
            ],
            [
              30.665730299102016,
              32.152306199792115
            ],
            [
              30.665640467573603,
              32.152306199792115
            ],
            [
              30.665640467573603,
              32.1522163682637
            ],
            [
              30.665730299102016,
              32.1522163682637
            ],
            [
              30.665730299102016,
              32.15203670520688
            ],
            [
              30.665640467573603,
              32.15203670520688
            ],
            [
              30.665640467573603,
              32.151857042150056
            ],
            [
              30.665550636045193,
              32.151857042150056
            ],
            [
              30.665550636045193,
              32.15077906380911
            ],
            [
              30.665640467573603,
              32.15077906380911
            ],
            [
              30.665640467573603,
              32.1506892322807
            ],
            [
              30.665730299102016,
              32.1506892322807
            ],
            [
              30.665730299102016,
              32.15050956922388
            ],
            [
              30.66582013063043,
              32.15050956922388
            ],
            [
              30.66582013063043,
              32.15024007463864
            ],
            [
              30.66590996215884,
              32.15024007463864
            ],
            [
              30.66590996215884,
              32.149970580053406
            ],
            [
              30.666089625215662,
              32.149970580053406
            ],
            [
              30.666089625215662,
              32.14988074852499
            ],
            [
              30.665999793687252,
              32.14988074852499
            ],
            [
              30.665999793687252,
              32.14925192782611
            ],
            [
              30.666089625215662,
              32.14925192782611
            ],
            [
              30.666089625215662,
              32.149162096297694
            ],
            [
              30.665999793687252,
              32.149162096297694
            ],
            [
              30.665999793687252,
              32.14889260171246
            ],
            [
              30.666089625215662,
              32.14889260171246
            ],
            [
              30.666089625215662,
              32.14880277018405
            ],
            [
              30.665999793687252,
              32.14880277018405
            ],
            [
              30.665999793687252,
              32.14862310712723
            ],
            [
              30.666089625215662,
              32.14862310712723
            ],
            [
              30.666089625215662,
              32.14835361254199
            ],
            [
              30.666179456744075,
              32.14835361254199
            ],
            [
              30.666179456744075,
              32.148084117956756
            ],
            [
              30.66626928827249,
              32.148084117956756
            ],
            [
              30.66626928827249,
              32.14790445489993
            ],
            [
              30.666359119800898,
              32.14790445489993
            ],
            [
              30.666359119800898,
              32.14781462337152
            ],
            [
              30.66644895132931,
              32.14781462337152
            ],
            [
              30.66644895132931,
              32.1476349603147
            ],
            [
              30.666359119800898,
              32.1476349603147
            ],
            [
              30.666359119800898,
              32.147545128786284
            ],
            [
              30.66644895132931,
              32.147545128786284
            ],
            [
              30.66644895132931,
              32.14736546572946
            ],
            [
              30.666538782857724,
              32.14736546572946
            ],
            [
              30.666538782857724,
              32.14700613961581
            ],
            [
              30.666628614386134,
              32.14700613961581
            ],
            [
              30.666628614386134,
              32.146646813502166
            ],
            [
              30.666718445914547,
              32.146646813502166
            ],
            [
              30.666718445914547,
              32.14574849821804
            ],
            [
              30.666628614386134,
              32.14574849821804
            ],
            [
              30.666628614386134,
              32.14529934057598
            ],
            [
              30.666538782857724,
              32.14529934057598
            ],
            [
              30.666538782857724,
              32.14502984599075
            ],
            [
              30.66644895132931,
              32.14502984599075
            ],
            [
              30.66644895132931,
              32.14476035140551
            ],
            [
              30.666359119800898,
              32.14476035140551
            ],
            [
              30.666359119800898,
              32.14458068834869
            ],
            [
              30.66626928827249,
              32.14458068834869
            ],
            [
              30.66626928827249,
              32.14440102529186
            ],
            [
              30.666179456744075,
              32.14440102529186
            ],
            [
              30.666179456744075,
              32.14422136223504
            ],
            [
              30.666089625215662,
              32.14422136223504
            ],
            [
              30.666089625215662,
              32.14404169917822
            ],
            [
              30.665999793687252,
              32.14404169917822
            ],
            [
              30.665999793687252,
              32.14386203612139
            ],
            [
              30.66590996215884,
              32.14386203612139
            ],
            [
              30.66590996215884,
              32.14368237306457
            ],
            [
              30.66582013063043,
              32.14368237306457
            ],
            [
              30.66582013063043,
              32.14359254153616
            ],
            [
              30.665730299102016,
              32.14359254153616
            ],
            [
              30.665730299102016,
              32.14341287847933
            ],
            [
              30.665640467573603,
              32.14341287847933
            ],
            [
              30.665640467573603,
              32.14332304695092
            ],
            [
              30.665550636045193,
              32.14332304695092
            ],
            [
              30.665550636045193,
              32.143233215422505
            ],
            [
              30.66546080451678,
              32.143233215422505
            ],
            [
              30.66546080451678,
              32.14296372083727
            ],
            [
              30.665370972988367,
              32.14296372083727
            ],
            [
              30.665370972988367,
              32.142784057780446
            ],
            [
              30.665281141459957,
              32.142784057780446
            ],
            [
              30.665281141459957,
              32.14269422625204
            ],
            [
              30.665191309931544,
              32.14269422625204
            ],
            [
              30.665191309931544,
              32.14260439472363
            ],
            [
              30.66510147840313,
              32.14260439472363
            ],
            [
              30.66510147840313,
              32.1424247316668
            ],
            [
              30.66501164687472,
              32.1424247316668
            ],
            [
              30.66501164687472,
              32.142245068609974
            ],
            [
              30.664921815346307,
              32.142245068609974
            ],
            [
              30.664921815346307,
              32.14215523708157
            ],
            [
              30.664831983817894,
              32.14215523708157
            ],
            [
              30.664831983817894,
              32.14197557402474
            ],
            [
              30.664742152289485,
              32.14197557402474
            ],
            [
              30.664742152289485,
              32.14188574249633
            ],
            [
              30.66465232076107,
              32.14188574249633
            ],
            [
              30.66465232076107,
              32.141795910967915
            ],
            [
              30.66456248923266,
              32.141795910967915
            ],
            [
              30.66456248923266,
              32.14170607943951
            ],
            [
              30.664382826175835,
              32.14170607943951
            ],
            [
              30.664382826175835,
              32.141616247911095
            ],
            [
              30.664292994647425,
              32.141616247911095
            ],
            [
              30.664292994647425,
              32.14152641638268
            ],
            [
              30.664203163119012,
              32.14152641638268
            ],
            [
              30.664203163119012,
              32.14143658485427
            ],
            [
              30.66402350006219,
              32.14143658485427
            ],
            [
              30.66402350006219,
              32.141346753325855
            ],
            [
              30.663933668533776,
              32.141346753325855
            ],
            [
              30.663933668533776,
              32.14107725874062
            ],
            [
              30.663843837005363,
              32.14107725874062
            ],
            [
              30.663843837005363,
              32.140897595683796
            ],
            [
              30.663754005476953,
              32.140897595683796
            ],
            [
              30.663754005476953,
              32.14080776415538
            ],
            [
              30.66366417394854,
              32.14080776415538
            ],
            [
              30.66366417394854,
              32.140628101098564
            ],
            [
              30.66357434242013,
              32.140628101098564
            ],
            [
              30.66357434242013,
              32.14053826957015
            ],
            [
              30.663484510891717,
              32.14053826957015
            ],
            [
              30.663484510891717,
              32.14044843804174
            ],
            [
              30.663394679363304,
              32.14044843804174
            ],
            [
              30.663394679363304,
              32.140358606513324
            ],
            [
              30.663125184778067,
              32.140358606513324
            ],
            [
              30.663125184778067,
              32.14026877498491
            ],
            [
              30.663035353249658,
              32.14026877498491
            ],
            [
              30.663035353249658,
              32.140178943456505
            ],
            [
              30.66285569019283,
              32.140178943456505
            ],
            [
              30.66285569019283,
              32.14008911192809
            ],
            [
              30.66276585866442,
              32.14008911192809
            ],
            [
              30.66276585866442,
              32.13999928039968
            ],
            [
              30.66267602713601,
              32.13999928039968
            ],
            [
              30.66267602713601,
              32.139909448871265
            ],
            [
              30.662496364079185,
              32.139909448871265
            ],
            [
              30.662496364079185,
              32.139729785814446
            ],
            [
              30.662406532550772,
              32.139729785814446
            ],
            [
              30.662406532550772,
              32.13955012275762
            ],
            [
              30.66222686949395,
              32.13955012275762
            ],
            [
              30.66222686949395,
              32.139460291229206
            ],
            [
              30.662047206437126,
              32.139460291229206
            ],
            [
              30.662047206437126,
              32.13937045970079
            ],
            [
              30.661957374908713,
              32.13937045970079
            ],
            [
              30.661957374908713,
              32.13928062817238
            ],
            [
              30.6618675433803,
              32.13928062817238
            ],
            [
              30.6618675433803,
              32.13919079664397
            ],
            [
              30.66177771185189,
              32.13919079664397
            ],
            [
              30.66177771185189,
              32.13910096511556
            ],
            [
              30.661598048795067,
              32.13910096511556
            ],
            [
              30.661598048795067,
              32.13892130205873
            ],
            [
              30.661508217266654,
              32.13892130205873
            ],
            [
              30.661508217266654,
              32.13883147053032
            ],
            [
              30.66141838573824,
              32.13883147053032
            ],
            [
              30.66141838573824,
              32.1386518074735
            ],
            [
              30.66132855420983,
              32.1386518074735
            ],
            [
              30.66132855420983,
              32.13856197594509
            ],
            [
              30.66141838573824,
              32.13856197594509
            ],
            [
              30.66141838573824,
              32.138472144416674
            ],
            [
              30.66132855420983,
              32.138472144416674
            ],
            [
              30.66132855420983,
              32.13838231288826
            ],
            [
              30.661238722681418,
              32.13838231288826
            ],
            [
              30.661238722681418,
              32.13820264983144
            ],
            [
              30.661148891153005,
              32.13820264983144
            ],
            [
              30.661148891153005,
              32.13811281830303
            ],
            [
              30.661059059624595,
              32.13811281830303
            ],
            [
              30.661059059624595,
              32.138022986774615
            ],
            [
              30.66078956503936,
              32.138022986774615
            ],
            [
              30.66078956503936,
              32.1379331552462
            ],
            [
              30.660609901982536,
              32.1379331552462
            ],
            [
              30.660609901982536,
              32.13784332371779
            ],
            [
              30.660699733510945,
              32.13784332371779
            ],
            [
              30.660699733510945,
              32.13775349218938
            ],
            [
              30.6603404073973,
              32.13775349218938
            ],
            [
              30.6603404073973,
              32.137573829132556
            ],
            [
              30.660250575868886,
              32.137573829132556
            ],
            [
              30.660250575868886,
              32.13748399760414
            ],
            [
              30.660160744340473,
              32.13748399760414
            ],
            [
              30.660160744340473,
              32.13739416607573
            ],
            [
              30.65998108128365,
              32.13739416607573
            ],
            [
              30.65998108128365,
              32.137304334547316
            ],
            [
              30.659891249755237,
              32.137304334547316
            ],
            [
              30.659891249755237,
              32.13721450301891
            ],
            [
              30.659801418226827,
              32.13721450301891
            ],
            [
              30.659801418226827,
              32.1371246714905
            ],
            [
              30.659621755170004,
              32.1371246714905
            ],
            [
              30.659621755170004,
              32.137034839962084
            ],
            [
              30.65953192364159,
              32.137034839962084
            ],
            [
              30.65953192364159,
              32.13694500843367
            ],
            [
              30.659262429056355,
              32.13694500843367
            ],
            [
              30.659262429056355,
              32.13685517690526
            ],
            [
              30.65917259752794,
              32.13685517690526
            ],
            [
              30.65917259752794,
              32.13676534537685
            ],
            [
              30.659082765999532,
              32.13676534537685
            ],
            [
              30.659082765999532,
              32.13667551384844
            ],
            [
              30.658903102942705,
              32.13667551384844
            ],
            [
              30.658903102942705,
              32.13649585079161
            ],
            [
              30.658813271414296,
              32.13649585079161
            ],
            [
              30.658813271414296,
              32.1364060192632
            ],
            [
              30.658633608357473,
              32.1364060192632
            ],
            [
              30.658633608357473,
              32.136316187734785
            ],
            [
              30.65854377682906,
              32.136316187734785
            ],
            [
              30.65854377682906,
              32.13622635620638
            ],
            [
              30.658453945300646,
              32.13622635620638
            ],
            [
              30.658453945300646,
              32.136136524677966
            ],
            [
              30.658364113772237,
              32.136136524677966
            ],
            [
              30.658364113772237,
              32.13604669314955
            ],
            [
              30.658094619187,
              32.13604669314955
            ],
            [
              30.658094619187,
              32.13595686162114
            ],
            [
              30.657914956130174,
              32.13595686162114
            ],
            [
              30.657914956130174,
              32.135867030092726
            ],
            [
              30.65764546154494,
              32.135867030092726
            ],
            [
              30.65764546154494,
              32.13577719856432
            ],
            [
              30.657375966959705,
              32.13577719856432
            ],
            [
              30.657375966959705,
              32.13568736703591
            ],
            [
              30.65719630390288,
              32.13568736703591
            ],
            [
              30.65719630390288,
              32.13559753550749
            ],
            [
              30.65710647237447,
              32.13559753550749
            ],
            [
              30.65710647237447,
              32.13550770397908
            ],
            [
              30.656836977789233,
              32.13550770397908
            ],
            [
              30.656836977789233,
              32.13541787245067
            ],
            [
              30.65674714626082,
              32.13541787245067
            ],
            [
              30.65674714626082,
              32.13532804092225
            ],
            [
              30.656567483203997,
              32.13532804092225
            ],
            [
              30.656567483203997,
              32.13523820939385
            ],
            [
              30.656387820147174,
              32.13523820939385
            ],
            [
              30.656387820147174,
              32.135148377865434
            ],
            [
              30.656118325561938,
              32.135148377865434
            ],
            [
              30.656118325561938,
              32.13505854633702
            ],
            [
              30.65593866250511,
              32.13505854633702
            ],
            [
              30.65593866250511,
              32.13496871480861
            ],
            [
              30.6558488309767,
              32.13496871480861
            ],
            [
              30.6558488309767,
              32.134878883280194
            ],
            [
              30.655758999448288,
              32.134878883280194
            ],
            [
              30.655758999448288,
              32.13478905175179
            ],
            [
              30.65566916791988,
              32.13478905175179
            ],
            [
              30.65566916791988,
              32.134699220223375
            ],
            [
              30.655579336391465,
              32.134699220223375
            ],
            [
              30.655579336391465,
              32.13451955716655
            ],
            [
              30.655489504863052,
              32.13451955716655
            ],
            [
              30.655489504863052,
              32.134429725638135
            ],
            [
              30.655399673334642,
              32.134429725638135
            ],
            [
              30.655399673334642,
              32.134250062581316
            ],
            [
              30.65530984180623,
              32.134250062581316
            ],
            [
              30.65530984180623,
              32.13407039952449
            ],
            [
              30.655220010277816,
              32.13407039952449
            ],
            [
              30.655220010277816,
              32.13389073646766
            ],
            [
              30.655040347220993,
              32.13389073646766
            ],
            [
              30.655040347220993,
              32.13380090493926
            ],
            [
              30.65495051569258,
              32.13380090493926
            ],
            [
              30.65495051569258,
              32.13371107341084
            ],
            [
              30.65486068416417,
              32.13371107341084
            ],
            [
              30.65486068416417,
              32.13362124188243
            ],
            [
              30.654770852635757,
              32.13362124188243
            ],
            [
              30.654770852635757,
              32.13353141035402
            ],
            [
              30.654681021107347,
              32.13353141035402
            ],
            [
              30.654681021107347,
              32.133441578825604
            ],
            [
              30.654591189578934,
              32.133441578825604
            ],
            [
              30.654591189578934,
              32.13335174729719
            ],
            [
              30.65450135805052,
              32.13335174729719
            ],
            [
              30.65450135805052,
              32.13317208424037
            ],
            [
              30.654321694993698,
              32.13317208424037
            ],
            [
              30.654321694993698,
              32.13308225271196
            ],
            [
              30.654231863465284,
              32.13308225271196
            ],
            [
              30.654231863465284,
              32.13290258965513
            ],
            [
              30.654142031936875,
              32.13290258965513
            ],
            [
              30.654142031936875,
              32.132812758126725
            ],
            [
              30.653962368880048,
              32.132812758126725
            ],
            [
              30.653962368880048,
              32.13272292659831
            ],
            [
              30.65387253735164,
              32.13272292659831
            ],
            [
              30.65387253735164,
              32.1326330950699
            ],
            [
              30.653782705823225,
              32.1326330950699
            ],
            [
              30.653782705823225,
              32.132543263541486
            ],
            [
              30.653692874294816,
              32.132543263541486
            ],
            [
              30.653692874294816,
              32.13245343201307
            ],
            [
              30.653603042766402,
              32.13245343201307
            ],
            [
              30.653603042766402,
              32.13236360048466
            ],
            [
              30.65351321123799,
              32.13236360048466
            ],
            [
              30.65351321123799,
              32.13227376895625
            ],
            [
              30.653243716652753,
              32.13227376895625
            ],
            [
              30.653243716652753,
              32.13218393742784
            ],
            [
              30.653153885124343,
              32.13218393742784
            ],
            [
              30.653153885124343,
              32.13209410589943
            ],
            [
              30.65306405359593,
              32.13209410589943
            ],
            [
              30.65306405359593,
              32.13200427437101
            ],
            [
              30.652884390539107,
              32.13200427437101
            ],
            [
              30.652884390539107,
              32.13164494825737
            ],
            [
              30.651357254556103,
              32.13164494825737
            ],
            [
              30.651357254556103,
              32.13146528520054
            ],
            [
              30.65126742302769,
              32.13146528520054
            ],
            [
              30.65126742302769,
              32.13137545367213
            ],
            [
              30.651087759970867,
              32.13137545367213
            ],
            [
              30.651087759970867,
              32.13128562214372
            ],
            [
              30.650997928442454,
              32.13128562214372
            ],
            [
              30.650997928442454,
              32.131105959086895
            ],
            [
              30.650908096914044,
              32.131105959086895
            ],
            [
              30.650908096914044,
              32.13092629603007
            ],
            [
              30.65072843385722,
              32.13092629603007
            ],
            [
              30.65072843385722,
              32.13083646450166
            ],
            [
              30.650638602328808,
              32.13083646450166
            ],
            [
              30.650638602328808,
              32.13074663297325
            ],
            [
              30.650548770800395,
              32.13074663297325
            ],
            [
              30.650548770800395,
              32.130656801444836
            ],
            [
              30.650369107743572,
              32.130656801444836
            ],
            [
              30.650369107743572,
              32.13056696991642
            ],
            [
              30.65027927621516,
              32.13056696991642
            ],
            [
              30.65027927621516,
              32.130387306859596
            ],
            [
              30.65018944468675,
              32.130387306859596
            ],
            [
              30.65018944468675,
              32.13029747533119
            ],
            [
              30.650099613158336,
              32.13029747533119
            ],
            [
              30.650099613158336,
              32.13020764380278
            ],
            [
              30.649919950101513,
              32.13020764380278
            ],
            [
              30.649919950101513,
              32.130117812274364
            ],
            [
              30.6498301185731,
              32.130117812274364
            ],
            [
              30.6498301185731,
              32.13002798074595
            ],
            [
              30.649650455516277,
              32.13002798074595
            ],
            [
              30.649650455516277,
              32.12993814921754
            ],
            [
              30.649560623987863,
              32.12993814921754
            ],
            [
              30.649560623987863,
              32.12975848616072
            ],
            [
              30.64938096093104,
              32.12975848616072
            ],
            [
              30.64938096093104,
              32.129668654632304
            ],
            [
              30.649291129402627,
              32.129668654632304
            ],
            [
              30.649291129402627,
              32.12948899157548
            ],
            [
              30.649201297874217,
              32.12948899157548
            ],
            [
              30.649201297874217,
              32.129399160047065
            ],
            [
              30.649111466345804,
              32.129399160047065
            ],
            [
              30.649111466345804,
              32.129219496990245
            ],
            [
              30.64893180328898,
              32.129219496990245
            ],
            [
              30.64893180328898,
              32.12903983393342
            ],
            [
              30.648841971760568,
              32.12903983393342
            ],
            [
              30.648841971760568,
              32.1288601708766
            ],
            [
              30.648752140232155,
              32.1288601708766
            ],
            [
              30.648752140232155,
              32.12868050781977
            ],
            [
              30.648662308703745,
              32.12868050781977
            ],
            [
              30.648662308703745,
              32.12859067629136
            ],
            [
              30.648572477175332,
              32.12859067629136
            ],
            [
              30.648572477175332,
              32.12850084476295
            ],
            [
              30.648482645646922,
              32.12850084476295
            ],
            [
              30.648482645646922,
              32.12841101323453
            ],
            [
              30.64839281411851,
              32.12841101323453
            ],
            [
              30.64839281411851,
              32.12832118170613
            ],
            [
              30.648213151061686,
              32.12832118170613
            ],
            [
              30.648213151061686,
              32.128231350177714
            ],
            [
              30.648123319533273,
              32.128231350177714
            ],
            [
              30.648123319533273,
              32.1281415186493
            ],
            [
              30.64803348800486,
              32.1281415186493
            ],
            [
              30.64803348800486,
              32.12805168712089
            ],
            [
              30.64794365647645,
              32.12805168712089
            ],
            [
              30.64794365647645,
              32.127961855592474
            ],
            [
              30.647853824948037,
              32.127961855592474
            ],
            [
              30.647853824948037,
              32.12787202406407
            ],
            [
              30.647674161891214,
              32.12787202406407
            ],
            [
              30.647674161891214,
              32.127782192535655
            ],
            [
              30.64749449883439,
              32.127782192535655
            ],
            [
              30.64749449883439,
              32.12769236100724
            ],
            [
              30.647045341192328,
              32.12769236100724
            ],
            [
              30.647045341192328,
              32.12760252947883
            ],
            [
              30.646865678135505,
              32.12760252947883
            ],
            [
              30.646865678135505,
              32.127512697950415
            ],
            [
              30.646775846607092,
              32.127512697950415
            ],
            [
              30.646775846607092,
              32.127422866422
            ],
            [
              30.646686015078682,
              32.127422866422
            ],
            [
              30.646686015078682,
              32.12724320336518
            ],
            [
              30.64650635202186,
              32.12724320336518
            ],
            [
              30.64650635202186,
              32.12715337183677
            ],
            [
              30.646416520493446,
              32.12715337183677
            ],
            [
              30.646416520493446,
              32.127063540308356
            ],
            [
              30.646326688965033,
              32.127063540308356
            ],
            [
              30.646326688965033,
              32.12688387725154
            ],
            [
              30.646236857436623,
              32.12688387725154
            ],
            [
              30.646236857436623,
              32.12679404572312
            ],
            [
              30.64614702590821,
              32.12679404572312
            ],
            [
              30.64614702590821,
              32.12670421419471
            ],
            [
              30.645967362851387,
              32.12670421419471
            ],
            [
              30.645967362851387,
              32.1266143826663
            ],
            [
              30.64578769979456,
              32.1266143826663
            ],
            [
              30.64578769979456,
              32.126524551137884
            ],
            [
              30.64569786826615,
              32.126524551137884
            ],
            [
              30.64569786826615,
              32.12643471960947
            ],
            [
              30.645608036737737,
              32.12643471960947
            ],
            [
              30.645608036737737,
              32.126344888081064
            ],
            [
              30.645518205209328,
              32.126344888081064
            ],
            [
              30.645518205209328,
              32.12616522502424
            ],
            [
              30.645428373680915,
              32.12616522502424
            ],
            [
              30.645428373680915,
              32.126075393495825
            ],
            [
              30.6453385421525,
              32.126075393495825
            ],
            [
              30.6453385421525,
              32.125895730439005
            ],
            [
              30.64524871062409,
              32.125895730439005
            ],
            [
              30.64524871062409,
              32.12553640432535
            ],
            [
              30.64515887909568,
              32.12553640432535
            ],
            [
              30.64515887909568,
              32.12544657279694
            ],
            [
              30.645069047567265,
              32.12544657279694
            ],
            [
              30.645069047567265,
              32.12535674126853
            ],
            [
              30.644979216038855,
              32.12535674126853
            ],
            [
              30.644979216038855,
              32.125177078211706
            ],
            [
              30.644889384510442,
              32.125177078211706
            ],
            [
              30.644889384510442,
              32.12508724668329
            ],
            [
              30.64479955298203,
              32.12508724668329
            ],
            [
              30.64479955298203,
              32.124907583626474
            ],
            [
              30.64470972145362,
              32.124907583626474
            ],
            [
              30.64470972145362,
              32.12481775209806
            ],
            [
              30.644619889925206,
              32.12481775209806
            ],
            [
              30.644619889925206,
              32.12472792056965
            ],
            [
              30.644530058396796,
              32.12472792056965
            ],
            [
              30.644530058396796,
              32.12454825751282
            ],
            [
              30.644440226868383,
              32.12454825751282
            ],
            [
              30.644440226868383,
              32.124368594456
            ],
            [
              30.64435039533997,
              32.124368594456
            ],
            [
              30.64435039533997,
              32.12427876292759
            ],
            [
              30.64426056381156,
              32.12427876292759
            ],
            [
              30.64426056381156,
              32.12409909987076
            ],
            [
              30.644170732283147,
              32.12409909987076
            ],
            [
              30.644170732283147,
              32.12391943681394
            ],
            [
              30.644080900754734,
              32.12391943681394
            ],
            [
              30.644080900754734,
              32.123739773757116
            ],
            [
              30.64390123769791,
              32.123739773757116
            ],
            [
              30.64390123769791,
              32.1236499422287
            ],
            [
              30.643721574641088,
              32.1236499422287
            ],
            [
              30.643721574641088,
              32.12356011070029
            ],
            [
              30.643631743112675,
              32.12356011070029
            ],
            [
              30.643631743112675,
              32.123470279171876
            ],
            [
              30.64345208005585,
              32.123470279171876
            ],
            [
              30.64345208005585,
              32.12329061611506
            ],
            [
              30.64327241699903,
              32.12329061611506
            ],
            [
              30.64327241699903,
              32.12311095305823
            ],
            [
              30.643182585470615,
              32.12311095305823
            ],
            [
              30.643182585470615,
              32.12302112152982
            ],
            [
              30.643092753942202,
              32.12302112152982
            ],
            [
              30.643092753942202,
              32.122931290001404
            ],
            [
              30.64291309088538,
              32.122931290001404
            ],
            [
              30.64291309088538,
              32.122841458473
            ],
            [
              30.642823259356966,
              32.122841458473
            ],
            [
              30.642823259356966,
              32.122751626944584
            ],
            [
              30.642733427828556,
              32.122751626944584
            ],
            [
              30.642733427828556,
              32.12257196388776
            ],
            [
              30.64246393324332,
              32.12257196388776
            ],
            [
              30.64246393324332,
              32.122482132359345
            ],
            [
              30.642374101714907,
              32.122482132359345
            ],
            [
              30.642374101714907,
              32.12239230083094
            ],
            [
              30.642284270186497,
              32.12239230083094
            ],
            [
              30.642284270186497,
              32.122302469302525
            ],
            [
              30.642194438658084,
              32.122302469302525
            ],
            [
              30.642194438658084,
              32.12239230083094
            ],
            [
              30.64210460712967,
              32.12239230083094
            ],
            [
              30.64210460712967,
              32.122302469302525
            ],
            [
              30.64201477560126,
              32.122302469302525
            ],
            [
              30.64201477560126,
              32.12221263777411
            ],
            [
              30.641745281016025,
              32.12221263777411
            ],
            [
              30.641745281016025,
              32.1221228062457
            ],
            [
              30.641565617959202,
              32.1221228062457
            ],
            [
              30.641565617959202,
              32.122032974717285
            ],
            [
              30.641385954902375,
              32.122032974717285
            ],
            [
              30.641385954902375,
              32.12194314318887
            ],
            [
              30.641296123373966,
              32.12194314318887
            ],
            [
              30.641296123373966,
              32.121853311660466
            ],
            [
              30.64111646031714,
              32.121853311660466
            ],
            [
              30.64111646031714,
              32.12176348013205
            ],
            [
              30.64102662878873,
              32.12176348013205
            ],
            [
              30.64102662878873,
              32.12167364860364
            ],
            [
              30.640936797260316,
              32.12167364860364
            ],
            [
              30.640936797260316,
              32.12149398554681
            ],
            [
              30.640846965731903,
              32.12149398554681
            ],
            [
              30.640846965731903,
              32.121314322489994
            ],
            [
              30.640757134203493,
              32.121314322489994
            ],
            [
              30.640757134203493,
              32.121044827904754
            ],
            [
              30.64066730267508,
              32.121044827904754
            ],
            [
              30.64066730267508,
              32.120865164847935
            ],
            [
              30.64057747114667,
              32.120865164847935
            ],
            [
              30.64057747114667,
              32.12068550179111
            ],
            [
              30.640487639618257,
              32.12068550179111
            ],
            [
              30.640487639618257,
              32.120595670262695
            ],
            [
              30.640397808089844,
              32.120595670262695
            ],
            [
              30.640397808089844,
              32.12050583873428
            ],
            [
              30.640307976561434,
              32.12050583873428
            ],
            [
              30.640307976561434,
              32.12023634414905
            ],
            [
              30.64021814503302,
              32.12023634414905
            ],
            [
              30.64021814503302,
              32.12005668109222
            ],
            [
              30.640038481976198,
              32.12005668109222
            ],
            [
              30.640038481976198,
              32.1198770180354
            ],
            [
              30.639948650447785,
              32.1198770180354
            ],
            [
              30.639948650447785,
              32.11978718650699
            ],
            [
              30.63985881891937,
              32.11978718650699
            ],
            [
              30.63985881891937,
              32.11960752345016
            ],
            [
              30.639768987390962,
              32.11960752345016
            ],
            [
              30.639768987390962,
              32.119427860393344
            ],
            [
              30.63967915586255,
              32.119427860393344
            ],
            [
              30.63967915586255,
              32.11933802886493
            ],
            [
              30.63958932433414,
              32.11933802886493
            ],
            [
              30.63958932433414,
              32.11924819733652
            ],
            [
              30.639499492805726,
              32.11924819733652
            ],
            [
              30.639499492805726,
              32.11897870275128
            ],
            [
              30.639319829748903,
              32.11897870275128
            ],
            [
              30.639319829748903,
              32.11879903969446
            ],
            [
              30.63922999822049,
              32.11879903969446
            ],
            [
              30.63922999822049,
              32.118709208166045
            ],
            [
              30.639140166692076,
              32.118709208166045
            ],
            [
              30.639140166692076,
              32.11861937663763
            ],
            [
              30.638960503635253,
              32.11861937663763
            ],
            [
              30.638960503635253,
              32.11852954510922
            ],
            [
              30.63878084057843,
              32.11852954510922
            ],
            [
              30.63878084057843,
              32.11843971358081
            ],
            [
              30.638691009050017,
              32.11843971358081
            ],
            [
              30.638691009050017,
              32.1183498820524
            ],
            [
              30.63842151446478,
              32.1183498820524
            ],
            [
              30.63842151446478,
              32.118260050523986
            ],
            [
              30.63833168293637,
              32.118260050523986
            ],
            [
              30.63833168293637,
              32.11808038746716
            ],
            [
              30.638152019879545,
              32.11808038746716
            ],
            [
              30.638152019879545,
              32.117990555938746
            ],
            [
              30.638062188351135,
              32.117990555938746
            ],
            [
              30.638062188351135,
              32.11790072441034
            ],
            [
              30.63788252529431,
              32.11790072441034
            ],
            [
              30.63788252529431,
              32.11781089288193
            ],
            [
              30.6377926937659,
              32.11781089288193
            ],
            [
              30.6377926937659,
              32.117721061353514
            ],
            [
              30.637702862237486,
              32.117721061353514
            ],
            [
              30.637702862237486,
              32.11754139829669
            ],
            [
              30.637613030709076,
              32.11754139829669
            ],
            [
              30.637613030709076,
              32.11745156676828
            ],
            [
              30.637523199180663,
              32.11745156676828
            ],
            [
              30.637523199180663,
              32.117271903711455
            ],
            [
              30.63743336765225,
              32.117271903711455
            ],
            [
              30.63743336765225,
              32.11691257759781
            ],
            [
              30.63734353612384,
              32.11691257759781
            ],
            [
              30.63734353612384,
              32.11664308301257
            ],
            [
              30.637253704595427,
              32.11664308301257
            ],
            [
              30.637253704595427,
              32.116553251484156
            ],
            [
              30.637163873067013,
              32.116553251484156
            ],
            [
              30.637163873067013,
              32.11637358842734
            ],
            [
              30.637074041538604,
              32.11637358842734
            ],
            [
              30.637074041538604,
              32.11628375689892
            ],
            [
              30.63698421001019,
              32.11628375689892
            ],
            [
              30.63698421001019,
              32.1161040938421
            ],
            [
              30.636894378481777,
              32.1161040938421
            ],
            [
              30.636894378481777,
              32.11601426231368
            ],
            [
              30.636804546953368,
              32.11601426231368
            ],
            [
              30.636804546953368,
              32.11592443078528
            ],
            [
              30.636714715424954,
              32.11592443078528
            ],
            [
              30.636714715424954,
              32.115834599256864
            ],
            [
              30.636624883896545,
              32.115834599256864
            ],
            [
              30.636624883896545,
              32.11565493620004
            ],
            [
              30.63653505236813,
              32.11565493620004
            ],
            [
              30.63653505236813,
              32.115565104671624
            ],
            [
              30.636445220839718,
              32.115565104671624
            ],
            [
              30.636445220839718,
              32.11547527314322
            ],
            [
              30.63635538931131,
              32.11547527314322
            ],
            [
              30.63635538931131,
              32.115385441614805
            ],
            [
              30.636265557782895,
              32.115385441614805
            ],
            [
              30.636265557782895,
              32.11529561008639
            ],
            [
              30.636175726254482,
              32.11529561008639
            ],
            [
              30.636175726254482,
              32.11520577855798
            ],
            [
              30.636085894726072,
              32.11520577855798
            ],
            [
              30.636085894726072,
              32.115115947029565
            ],
            [
              30.635906231669246,
              32.115115947029565
            ],
            [
              30.635906231669246,
              32.114936283972746
            ],
            [
              30.635726568612423,
              32.114936283972746
            ],
            [
              30.635726568612423,
              32.11484645244433
            ],
            [
              30.635636737084013,
              32.11484645244433
            ],
            [
              30.635636737084013,
              32.11475662091592
            ],
            [
              30.6355469055556,
              32.11475662091592
            ],
            [
              30.6355469055556,
              32.114666789387506
            ],
            [
              30.635367242498777,
              32.114666789387506
            ],
            [
              30.635367242498777,
              32.11457695785909
            ],
            [
              30.63518757944195,
              32.11457695785909
            ],
            [
              30.63518757944195,
              32.11448712633069
            ],
            [
              30.63509774791354,
              32.11448712633069
            ],
            [
              30.63509774791354,
              32.114397294802274
            ],
            [
              30.634918084856714,
              32.114397294802274
            ],
            [
              30.634918084856714,
              32.11430746327386
            ],
            [
              30.63473842179989,
              32.11430746327386
            ],
            [
              30.63473842179989,
              32.11421763174545
            ],
            [
              30.634648590271482,
              32.11421763174545
            ],
            [
              30.634648590271482,
              32.114127800217034
            ],
            [
              30.634468927214655,
              32.114127800217034
            ],
            [
              30.634468927214655,
              32.11403796868862
            ],
            [
              30.634289264157832,
              32.11403796868862
            ],
            [
              30.634289264157832,
              32.113948137160214
            ],
            [
              30.63410960110101,
              32.113948137160214
            ],
            [
              30.63410960110101,
              32.1138583056318
            ],
            [
              30.634019769572596,
              32.1138583056318
            ],
            [
              30.634019769572596,
              32.11376847410339
            ],
            [
              30.633840106515773,
              32.11376847410339
            ],
            [
              30.633840106515773,
              32.113678642574975
            ],
            [
              30.63375027498736,
              32.113678642574975
            ],
            [
              30.63375027498736,
              32.113498979518155
            ],
            [
              30.63366044345895,
              32.113498979518155
            ],
            [
              30.63366044345895,
              32.11340914798974
            ],
            [
              30.633480780402124,
              32.11340914798974
            ],
            [
              30.633480780402124,
              32.11331931646133
            ],
            [
              30.633390948873714,
              32.11331931646133
            ],
            [
              30.633390948873714,
              32.113229484932916
            ],
            [
              30.633211285816888,
              32.113229484932916
            ],
            [
              30.633211285816888,
              32.1131396534045
            ],
            [
              30.633031622760065,
              32.1131396534045
            ],
            [
              30.633031622760065,
              32.11304982187609
            ],
            [
              30.63294179123165,
              32.11304982187609
            ],
            [
              30.63294179123165,
              32.11295999034768
            ],
            [
              30.63276212817483,
              32.11295999034768
            ],
            [
              30.63276212817483,
              32.11287015881927
            ],
            [
              30.632672296646415,
              32.11287015881927
            ],
            [
              30.632672296646415,
              32.11278032729086
            ],
            [
              30.632582465118006,
              32.11278032729086
            ],
            [
              30.632582465118006,
              32.11269049576244
            ],
            [
              30.632492633589592,
              32.11269049576244
            ],
            [
              30.632492633589592,
              32.11260066423403
            ],
            [
              30.632402802061183,
              32.11260066423403
            ],
            [
              30.632402802061183,
              32.112510832705624
            ],
            [
              30.63231297053277,
              32.112510832705624
            ],
            [
              30.63231297053277,
              32.11242100117721
            ],
            [
              30.632223139004356,
              32.11242100117721
            ],
            [
              30.632223139004356,
              32.1123311696488
            ],
            [
              30.632133307475947,
              32.1123311696488
            ],
            [
              30.632133307475947,
              32.112241338120384
            ],
            [
              30.63195364441912,
              32.112241338120384
            ],
            [
              30.63195364441912,
              32.11215150659197
            ],
            [
              30.63186381289071,
              32.11215150659197
            ],
            [
              30.63186381289071,
              32.11206167506356
            ],
            [
              30.631773981362297,
              32.11206167506356
            ],
            [
              30.631773981362297,
              32.11197184353515
            ],
            [
              30.631684149833884,
              32.11197184353515
            ],
            [
              30.631684149833884,
              32.11188201200674
            ],
            [
              30.631594318305474,
              32.11188201200674
            ],
            [
              30.631594318305474,
              32.11170234894991
            ],
            [
              30.63150448677706,
              32.11170234894991
            ],
            [
              30.63150448677706,
              32.11152268589309
            ],
            [
              30.631324823720238,
              32.11152268589309
            ],
            [
              30.631324823720238,
              32.111343022836266
            ],
            [
              30.631145160663415,
              32.111343022836266
            ],
            [
              30.631145160663415,
              32.11116335977944
            ],
            [
              30.631055329135002,
              32.11116335977944
            ],
            [
              30.631055329135002,
              32.11098369672262
            ],
            [
              30.63096549760659,
              32.11098369672262
            ],
            [
              30.63096549760659,
              32.11089386519421
            ],
            [
              30.63087566607818,
              32.11089386519421
            ],
            [
              30.63087566607818,
              32.11062437060897
            ],
            [
              30.630785834549766,
              32.11062437060897
            ],
            [
              30.630785834549766,
              32.110354876023735
            ],
            [
              30.630696003021352,
              32.110354876023735
            ],
            [
              30.630696003021352,
              32.11026504449532
            ],
            [
              30.630606171492943,
              32.11026504449532
            ],
            [
              30.630606171492943,
              32.11017521296691
            ],
            [
              30.63051633996453,
              32.11017521296691
            ],
            [
              30.63051633996453,
              32.10999554991009
            ],
            [
              30.63042650843612,
              32.10999554991009
            ],
            [
              30.63042650843612,
              32.109905718381675
            ],
            [
              30.630336676907707,
              32.109905718381675
            ],
            [
              30.630336676907707,
              32.10981588685326
            ],
            [
              30.630246845379293,
              32.10981588685326
            ],
            [
              30.630246845379293,
              32.10972605532485
            ],
            [
              30.630157013850884,
              32.10972605532485
            ],
            [
              30.630157013850884,
              32.109636223796436
            ],
            [
              30.63006718232247,
              32.109636223796436
            ],
            [
              30.63006718232247,
              32.10954639226803
            ],
            [
              30.629977350794057,
              32.10954639226803
            ],
            [
              30.629977350794057,
              32.109456560739616
            ],
            [
              30.629887519265647,
              32.109456560739616
            ],
            [
              30.629887519265647,
              32.1093667292112
            ],
            [
              30.629797687737234,
              32.1093667292112
            ],
            [
              30.629797687737234,
              32.10927689768279
            ],
            [
              30.62970785620882,
              32.10927689768279
            ],
            [
              30.62970785620882,
              32.10918706615438
            ],
            [
              30.62961802468041,
              32.10918706615438
            ],
            [
              30.62961802468041,
              32.10909723462596
            ],
            [
              30.629528193151998,
              32.10909723462596
            ],
            [
              30.629528193151998,
              32.10900740309756
            ],
            [
              30.62943836162359,
              32.10900740309756
            ],
            [
              30.62943836162359,
              32.10882774004073
            ],
            [
              30.629348530095175,
              32.10882774004073
            ],
            [
              30.629348530095175,
              32.108648076983904
            ],
            [
              30.62907903550994,
              32.108648076983904
            ],
            [
              30.62907903550994,
              32.1085582454555
            ],
            [
              30.628989203981526,
              32.1085582454555
            ],
            [
              30.628989203981526,
              32.108468413927085
            ],
            [
              30.628809540924703,
              32.108468413927085
            ],
            [
              30.628809540924703,
              32.10837858239867
            ],
            [
              30.62871970939629,
              32.10837858239867
            ],
            [
              30.62871970939629,
              32.10828875087026
            ],
            [
              30.628540046339467,
              32.10828875087026
            ],
            [
              30.628540046339467,
              32.108198919341845
            ],
            [
              30.628360383282644,
              32.108198919341845
            ],
            [
              30.628360383282644,
              32.10810908781343
            ],
            [
              30.62827055175423,
              32.10810908781343
            ],
            [
              30.62827055175423,
              32.108019256285026
            ],
            [
              30.628090888697407,
              32.108019256285026
            ],
            [
              30.628090888697407,
              32.10792942475661
            ],
            [
              30.628001057168994,
              32.10792942475661
            ],
            [
              30.628001057168994,
              32.107749761699786
            ],
            [
              30.627911225640585,
              32.107749761699786
            ],
            [
              30.627911225640585,
              32.10765993017137
            ],
            [
              30.62782139411217,
              32.10765993017137
            ],
            [
              30.62782139411217,
              32.10757009864297
            ],
            [
              30.62764173105535,
              32.10757009864297
            ],
            [
              30.62764173105535,
              32.10739043558614
            ],
            [
              30.627551899526935,
              32.10739043558614
            ],
            [
              30.627551899526935,
              32.107210772529314
            ],
            [
              30.6272824049417,
              32.107210772529314
            ],
            [
              30.6272824049417,
              32.107031109472494
            ],
            [
              30.627102741884876,
              32.107031109472494
            ],
            [
              30.627102741884876,
              32.10694127794408
            ],
            [
              30.627012910356463,
              32.10694127794408
            ],
            [
              30.627012910356463,
              32.10685144641567
            ],
            [
              30.626923078828053,
              32.10685144641567
            ],
            [
              30.626923078828053,
              32.106761614887255
            ],
            [
              30.62683324729964,
              32.106761614887255
            ],
            [
              30.62683324729964,
              32.10667178335884
            ],
            [
              30.626743415771227,
              32.10667178335884
            ],
            [
              30.626743415771227,
              32.106581951830435
            ],
            [
              30.626653584242817,
              32.106581951830435
            ],
            [
              30.626653584242817,
              32.10649212030202
            ],
            [
              30.626563752714404,
              32.10649212030202
            ],
            [
              30.626563752714404,
              32.106312457245195
            ],
            [
              30.626473921185994,
              32.106312457245195
            ],
            [
              30.626473921185994,
              32.10622262571678
            ],
            [
              30.62638408965758,
              32.10622262571678
            ],
            [
              30.62638408965758,
              32.10604296265996
            ],
            [
              30.626294258129168,
              32.10604296265996
            ],
            [
              30.626294258129168,
              32.10595313113155
            ],
            [
              30.626204426600758,
              32.10595313113155
            ],
            [
              30.626204426600758,
              32.105863299603136
            ],
            [
              30.626114595072345,
              32.105863299603136
            ],
            [
              30.626114595072345,
              32.10568363654631
            ],
            [
              30.62602476354393,
              32.10568363654631
            ],
            [
              30.62602476354393,
              32.105593805017904
            ],
            [
              30.62593493201552,
              32.105593805017904
            ],
            [
              30.62593493201552,
              32.10550397348949
            ],
            [
              30.62584510048711,
              32.10550397348949
            ],
            [
              30.62584510048711,
              32.10523447890425
            ],
            [
              30.625755268958695,
              32.10523447890425
            ],
            [
              30.625755268958695,
              32.10505481584743
            ],
            [
              30.625665437430285,
              32.10505481584743
            ],
            [
              30.625665437430285,
              32.10496498431902
            ],
            [
              30.625575605901872,
              32.10496498431902
            ],
            [
              30.625575605901872,
              32.104875152790605
            ],
            [
              30.625485774373463,
              32.104875152790605
            ],
            [
              30.625485774373463,
              32.10469548973378
            ],
            [
              30.62539594284505,
              32.10469548973378
            ],
            [
              30.62539594284505,
              32.10460565820537
            ],
            [
              30.625306111316636,
              32.10460565820537
            ],
            [
              30.625306111316636,
              32.10451582667696
            ],
            [
              30.625126448259813,
              32.10451582667696
            ],
            [
              30.625126448259813,
              32.10837858239867
            ],
            [
              30.625306111316636,
              32.10837858239867
            ],
            [
              30.625306111316636,
              32.108468413927085
            ],
            [
              30.625126448259813,
              32.108468413927085
            ],
            [
              30.625126448259813,
              32.1085582454555
            ],
            [
              30.62539594284505,
              32.1085582454555
            ],
            [
              30.62539594284505,
              32.108468413927085
            ],
            [
              30.625485774373463,
              32.108468413927085
            ],
            [
              30.625485774373463,
              32.1085582454555
            ],
            [
              30.625755268958695,
              32.1085582454555
            ],
            [
              30.625755268958695,
              32.108648076983904
            ],
            [
              30.62584510048711,
              32.108648076983904
            ],
            [
              30.62584510048711,
              32.10873790851232
            ],
            [
              30.625755268958695,
              32.10873790851232
            ],
            [
              30.625755268958695,
              32.10882774004073
            ],
            [
              30.625575605901872,
              32.10882774004073
            ],
            [
              30.625575605901872,
              32.10900740309756
            ],
            [
              30.625485774373463,
              32.10900740309756
            ],
            [
              30.625485774373463,
              32.10909723462596
            ],
            [
              30.625306111316636,
              32.10909723462596
            ],
            [
              30.625306111316636,
              32.10918706615438
            ],
            [
              30.625126448259813,
              32.10918706615438
            ],
            [
              30.625126448259813,
              32.10927689768279
            ],
            [
              30.625306111316636,
              32.10927689768279
            ],
            [
              30.625306111316636,
              32.1093667292112
            ],
            [
              30.625126448259813,
              32.1093667292112
            ],
            [
              30.625126448259813,
              32.109456560739616
            ],
            [
              30.625306111316636,
              32.109456560739616
            ],
            [
              30.625306111316636,
              32.10954639226803
            ],
            [
              30.625126448259813,
              32.10954639226803
            ],
            [
              30.625126448259813,
              32.109636223796436
            ],
            [
              30.625306111316636,
              32.109636223796436
            ],
            [
              30.625306111316636,
              32.10972605532485
            ],
            [
              30.625126448259813,
              32.10972605532485
            ],
            [
              30.625126448259813,
              32.10981588685326
            ],
            [
              30.625306111316636,
              32.10981588685326
            ],
            [
              30.625306111316636,
              32.109905718381675
            ],
            [
              30.62539594284505,
              32.109905718381675
            ],
            [
              30.62539594284505,
              32.10981588685326
            ],
            [
              30.625485774373463,
              32.10981588685326
            ],
            [
              30.625485774373463,
              32.10999554991009
            ],
            [
              30.625755268958695,
              32.10999554991009
            ],
            [
              30.625755268958695,
              32.110085381438495
            ],
            [
              30.62584510048711,
              32.110085381438495
            ],
            [
              30.62584510048711,
              32.10999554991009
            ],
            [
              30.626114595072345,
              32.10999554991009
            ],
            [
              30.626114595072345,
              32.109905718381675
            ],
            [
              30.626294258129168,
              32.109905718381675
            ],
            [
              30.626294258129168,
              32.10981588685326
            ],
            [
              30.626563752714404,
              32.10981588685326
            ],
            [
              30.626563752714404,
              32.10972605532485
            ],
            [
              30.626653584242817,
              32.10972605532485
            ],
            [
              30.626653584242817,
              32.10981588685326
            ],
            [
              30.626923078828053,
              32.10981588685326
            ],
            [
              30.626923078828053,
              32.109905718381675
            ],
            [
              30.627012910356463,
              32.109905718381675
            ],
            [
              30.627012910356463,
              32.10999554991009
            ],
            [
              30.62719257341329,
              32.10999554991009
            ],
            [
              30.62719257341329,
              32.110085381438495
            ],
            [
              30.6272824049417,
              32.110085381438495
            ],
            [
              30.6272824049417,
              32.11017521296691
            ],
            [
              30.627551899526935,
              32.11017521296691
            ],
            [
              30.627551899526935,
              32.11026504449532
            ],
            [
              30.62764173105535,
              32.11026504449532
            ],
            [
              30.62764173105535,
              32.110354876023735
            ],
            [
              30.627731562583758,
              32.110354876023735
            ],
            [
              30.627731562583758,
              32.11044470755215
            ],
            [
              30.62782139411217,
              32.11044470755215
            ],
            [
              30.62782139411217,
              32.11053453908056
            ],
            [
              30.627911225640585,
              32.11053453908056
            ],
            [
              30.627911225640585,
              32.11062437060897
            ],
            [
              30.628001057168994,
              32.11062437060897
            ],
            [
              30.628001057168994,
              32.11071420213738
            ],
            [
              30.628090888697407,
              32.11071420213738
            ],
            [
              30.628090888697407,
              32.11089386519421
            ],
            [
              30.62827055175423,
              32.11089386519421
            ],
            [
              30.62827055175423,
              32.11098369672262
            ],
            [
              30.628360383282644,
              32.11098369672262
            ],
            [
              30.628360383282644,
              32.111073528251026
            ],
            [
              30.628540046339467,
              32.111073528251026
            ],
            [
              30.628540046339467,
              32.11125319130785
            ],
            [
              30.62862987786788,
              32.11125319130785
            ],
            [
              30.62862987786788,
              32.11206167506356
            ],
            [
              30.62871970939629,
              32.11206167506356
            ],
            [
              30.62871970939629,
              32.1123311696488
            ],
            [
              30.628899372453116,
              32.1123311696488
            ],
            [
              30.628899372453116,
              32.112510832705624
            ],
            [
              30.628989203981526,
              32.112510832705624
            ],
            [
              30.628989203981526,
              32.11260066423403
            ],
            [
              30.62907903550994,
              32.11260066423403
            ],
            [
              30.62907903550994,
              32.11287015881927
            ],
            [
              30.629168867038352,
              32.11287015881927
            ],
            [
              30.629168867038352,
              32.11304982187609
            ],
            [
              30.629258698566762,
              32.11304982187609
            ],
            [
              30.629258698566762,
              32.113498979518155
            ],
            [
              30.629168867038352,
              32.113498979518155
            ],
            [
              30.629168867038352,
              32.11358881104656
            ],
            [
              30.629258698566762,
              32.11358881104656
            ],
            [
              30.629258698566762,
              32.113948137160214
            ],
            [
              30.629348530095175,
              32.113948137160214
            ],
            [
              30.629348530095175,
              32.114127800217034
            ],
            [
              30.62970785620882,
              32.114127800217034
            ],
            [
              30.62970785620882,
              32.11403796868862
            ],
            [
              30.629797687737234,
              32.11403796868862
            ],
            [
              30.629797687737234,
              32.113948137160214
            ],
            [
              30.629887519265647,
              32.113948137160214
            ],
            [
              30.629887519265647,
              32.1138583056318
            ],
            [
              30.629977350794057,
              32.1138583056318
            ],
            [
              30.629977350794057,
              32.11376847410339
            ],
            [
              30.63006718232247,
              32.11376847410339
            ],
            [
              30.63006718232247,
              32.113678642574975
            ],
            [
              30.630157013850884,
              32.113678642574975
            ],
            [
              30.630157013850884,
              32.11358881104656
            ],
            [
              30.630336676907707,
              32.11358881104656
            ],
            [
              30.630336676907707,
              32.113498979518155
            ],
            [
              30.630696003021352,
              32.113498979518155
            ],
            [
              30.630696003021352,
              32.11358881104656
            ],
            [
              30.630785834549766,
              32.11358881104656
            ],
            [
              30.630785834549766,
              32.113678642574975
            ],
            [
              30.63087566607818,
              32.113678642574975
            ],
            [
              30.63087566607818,
              32.1138583056318
            ],
            [
              30.63096549760659,
              32.1138583056318
            ],
            [
              30.63096549760659,
              32.114127800217034
            ],
            [
              30.63087566607818,
              32.114127800217034
            ],
            [
              30.63087566607818,
              32.11421763174545
            ],
            [
              30.63096549760659,
              32.11421763174545
            ],
            [
              30.63096549760659,
              32.114666789387506
            ],
            [
              30.631055329135002,
              32.114666789387506
            ],
            [
              30.631055329135002,
              32.11484645244433
            ],
            [
              30.631145160663415,
              32.11484645244433
            ],
            [
              30.631145160663415,
              32.11502611550115
            ],
            [
              30.631234992191825,
              32.11502611550115
            ],
            [
              30.631234992191825,
              32.11520577855798
            ],
            [
              30.63141465524865,
              32.11520577855798
            ],
            [
              30.63141465524865,
              32.115385441614805
            ],
            [
              30.631594318305474,
              32.115385441614805
            ],
            [
              30.631594318305474,
              32.11547527314322
            ],
            [
              30.631684149833884,
              32.11547527314322
            ],
            [
              30.631684149833884,
              32.115565104671624
            ],
            [
              30.631773981362297,
              32.115565104671624
            ],
            [
              30.631773981362297,
              32.11565493620004
            ],
            [
              30.63186381289071,
              32.11565493620004
            ],
            [
              30.63186381289071,
              32.115565104671624
            ],
            [
              30.63195364441912,
              32.115565104671624
            ],
            [
              30.63195364441912,
              32.11565493620004
            ],
            [
              30.632043475947533,
              32.11565493620004
            ],
            [
              30.632043475947533,
              32.115565104671624
            ],
            [
              30.632133307475947,
              32.115565104671624
            ],
            [
              30.632133307475947,
              32.11565493620004
            ],
            [
              30.632223139004356,
              32.11565493620004
            ],
            [
              30.632223139004356,
              32.115565104671624
            ],
            [
              30.63231297053277,
              32.115565104671624
            ],
            [
              30.63231297053277,
              32.11565493620004
            ],
            [
              30.632672296646415,
              32.11565493620004
            ],
            [
              30.632672296646415,
              32.11574476772845
            ],
            [
              30.632851959703242,
              32.11574476772845
            ],
            [
              30.632851959703242,
              32.115834599256864
            ],
            [
              30.63294179123165,
              32.115834599256864
            ],
            [
              30.63294179123165,
              32.11601426231368
            ],
            [
              30.633031622760065,
              32.11601426231368
            ],
            [
              30.633031622760065,
              32.1161040938421
            ],
            [
              30.63294179123165,
              32.1161040938421
            ],
            [
              30.63294179123165,
              32.11619392537051
            ],
            [
              30.633031622760065,
              32.11619392537051
            ],
            [
              30.633031622760065,
              32.11673291454098
            ],
            [
              30.633121454288478,
              32.11673291454098
            ],
            [
              30.633121454288478,
              32.116822746069396
            ],
            [
              30.633211285816888,
              32.116822746069396
            ],
            [
              30.633211285816888,
              32.11718207218304
            ],
            [
              30.6333011173453,
              32.11718207218304
            ],
            [
              30.6333011173453,
              32.11843971358081
            ],
            [
              30.633390948873714,
              32.11843971358081
            ],
            [
              30.633390948873714,
              32.11861937663763
            ],
            [
              30.633480780402124,
              32.11861937663763
            ],
            [
              30.633480780402124,
              32.118709208166045
            ],
            [
              30.63366044345895,
              32.118709208166045
            ],
            [
              30.63366044345895,
              32.11879903969446
            ],
            [
              30.63375027498736,
              32.11879903969446
            ],
            [
              30.63375027498736,
              32.11888887122287
            ],
            [
              30.633840106515773,
              32.11888887122287
            ],
            [
              30.633840106515773,
              32.11897870275128
            ],
            [
              30.633929938044183,
              32.11897870275128
            ],
            [
              30.633929938044183,
              32.119158365808104
            ],
            [
              30.63410960110101,
              32.119158365808104
            ],
            [
              30.63410960110101,
              32.11924819733652
            ],
            [
              30.634019769572596,
              32.11924819733652
            ],
            [
              30.634019769572596,
              32.11933802886493
            ],
            [
              30.63410960110101,
              32.11933802886493
            ],
            [
              30.63410960110101,
              32.11969735497858
            ],
            [
              30.634289264157832,
              32.11969735497858
            ],
            [
              30.634289264157832,
              32.11978718650699
            ],
            [
              30.63419943262942,
              32.11978718650699
            ],
            [
              30.63419943262942,
              32.1198770180354
            ],
            [
              30.634289264157832,
              32.1198770180354
            ],
            [
              30.634289264157832,
              32.11996684956381
            ],
            [
              30.634379095686246,
              32.11996684956381
            ],
            [
              30.634379095686246,
              32.12005668109222
            ],
            [
              30.634468927214655,
              32.12005668109222
            ],
            [
              30.634468927214655,
              32.120146512620636
            ],
            [
              30.63455875874307,
              32.120146512620636
            ],
            [
              30.63455875874307,
              32.12023634414905
            ],
            [
              30.63473842179989,
              32.12023634414905
            ],
            [
              30.63473842179989,
              32.120416007205876
            ],
            [
              30.634828253328305,
              32.120416007205876
            ],
            [
              30.634828253328305,
              32.120595670262695
            ],
            [
              30.635007916385128,
              32.120595670262695
            ],
            [
              30.635007916385128,
              32.12068550179111
            ],
            [
              30.63518757944195,
              32.12068550179111
            ],
            [
              30.63518757944195,
              32.12077533331952
            ],
            [
              30.635726568612423,
              32.12077533331952
            ],
            [
              30.635726568612423,
              32.120865164847935
            ],
            [
              30.636445220839718,
              32.120865164847935
            ],
            [
              30.636445220839718,
              32.12095499637634
            ],
            [
              30.636624883896545,
              32.12095499637634
            ],
            [
              30.636624883896545,
              32.121044827904754
            ],
            [
              30.636714715424954,
              32.121044827904754
            ],
            [
              30.636714715424954,
              32.12095499637634
            ],
            [
              30.636804546953368,
              32.12095499637634
            ],
            [
              30.636804546953368,
              32.121044827904754
            ],
            [
              30.63698421001019,
              32.121044827904754
            ],
            [
              30.63698421001019,
              32.12113465943317
            ],
            [
              30.637074041538604,
              32.12113465943317
            ],
            [
              30.637074041538604,
              32.121314322489994
            ],
            [
              30.637163873067013,
              32.121314322489994
            ],
            [
              30.637163873067013,
              32.12149398554681
            ],
            [
              30.637253704595427,
              32.12149398554681
            ],
            [
              30.637253704595427,
              32.12167364860364
            ],
            [
              30.63734353612384,
              32.12167364860364
            ],
            [
              30.63734353612384,
              32.121853311660466
            ],
            [
              30.63743336765225,
              32.121853311660466
            ],
            [
              30.63743336765225,
              32.122032974717285
            ],
            [
              30.63734353612384,
              32.122032974717285
            ],
            [
              30.63734353612384,
              32.1221228062457
            ],
            [
              30.63743336765225,
              32.1221228062457
            ],
            [
              30.63743336765225,
              32.122302469302525
            ],
            [
              30.637523199180663,
              32.122302469302525
            ],
            [
              30.637523199180663,
              32.12239230083094
            ],
            [
              30.637613030709076,
              32.12239230083094
            ],
            [
              30.637613030709076,
              32.12257196388776
            ],
            [
              30.637702862237486,
              32.12257196388776
            ],
            [
              30.637702862237486,
              32.122841458473
            ],
            [
              30.6377926937659,
              32.122841458473
            ],
            [
              30.6377926937659,
              32.12302112152982
            ],
            [
              30.63788252529431,
              32.12302112152982
            ],
            [
              30.63788252529431,
              32.12329061611506
            ],
            [
              30.637972356822722,
              32.12329061611506
            ],
            [
              30.637972356822722,
              32.12338044764347
            ],
            [
              30.63788252529431,
              32.12338044764347
            ],
            [
              30.63788252529431,
              32.1236499422287
            ],
            [
              30.637972356822722,
              32.1236499422287
            ],
            [
              30.637972356822722,
              32.123739773757116
            ],
            [
              30.63788252529431,
              32.123739773757116
            ],
            [
              30.63788252529431,
              32.12382960528553
            ],
            [
              30.637972356822722,
              32.12382960528553
            ],
            [
              30.637972356822722,
              32.12391943681394
            ],
            [
              30.638062188351135,
              32.12391943681394
            ],
            [
              30.638062188351135,
              32.12400926834235
            ],
            [
              30.638241851407958,
              32.12400926834235
            ],
            [
              30.638241851407958,
              32.12409909987076
            ],
            [
              30.638062188351135,
              32.12409909987076
            ],
            [
              30.638062188351135,
              32.124638089041234
            ],
            [
              30.638152019879545,
              32.124638089041234
            ],
            [
              30.638152019879545,
              32.12472792056965
            ],
            [
              30.638241851407958,
              32.12472792056965
            ],
            [
              30.638241851407958,
              32.124907583626474
            ],
            [
              30.63833168293637,
              32.124907583626474
            ],
            [
              30.63833168293637,
              32.12508724668329
            ],
            [
              30.63842151446478,
              32.12508724668329
            ],
            [
              30.63842151446478,
              32.12526690974012
            ],
            [
              30.638601177521608,
              32.12526690974012
            ],
            [
              30.638601177521608,
              32.12544657279694
            ],
            [
              30.638691009050017,
              32.12544657279694
            ],
            [
              30.638691009050017,
              32.12553640432535
            ],
            [
              30.63878084057843,
              32.12553640432535
            ],
            [
              30.63878084057843,
              32.12580589891059
            ],
            [
              30.639050335163667,
              32.12580589891059
            ],
            [
              30.639050335163667,
              32.125895730439005
            ],
            [
              30.639140166692076,
              32.125895730439005
            ],
            [
              30.639140166692076,
              32.12598556196741
            ],
            [
              30.639319829748903,
              32.12598556196741
            ],
            [
              30.639319829748903,
              32.12580589891059
            ],
            [
              30.639409661277313,
              32.12580589891059
            ],
            [
              30.639409661277313,
              32.125895730439005
            ],
            [
              30.639499492805726,
              32.125895730439005
            ],
            [
              30.639499492805726,
              32.12571606738218
            ],
            [
              30.63967915586255,
              32.12571606738218
            ],
            [
              30.63967915586255,
              32.125626235853765
            ],
            [
              30.63985881891937,
              32.125626235853765
            ],
            [
              30.63985881891937,
              32.12544657279694
            ],
            [
              30.640128313504608,
              32.12544657279694
            ],
            [
              30.640128313504608,
              32.12526690974012
            ],
            [
              30.64021814503302,
              32.12526690974012
            ],
            [
              30.64021814503302,
              32.12535674126853
            ],
            [
              30.640307976561434,
              32.12535674126853
            ],
            [
              30.640307976561434,
              32.12526690974012
            ],
            [
              30.640397808089844,
              32.12526690974012
            ],
            [
              30.640397808089844,
              32.125177078211706
            ],
            [
              30.64057747114667,
              32.125177078211706
            ],
            [
              30.64057747114667,
              32.12508724668329
            ],
            [
              30.64066730267508,
              32.12508724668329
            ],
            [
              30.64066730267508,
              32.12499741515488
            ],
            [
              30.64102662878873,
              32.12499741515488
            ],
            [
              30.64102662878873,
              32.12508724668329
            ],
            [
              30.641206291845553,
              32.12508724668329
            ],
            [
              30.641206291845553,
              32.125177078211706
            ],
            [
              30.641296123373966,
              32.125177078211706
            ],
            [
              30.641296123373966,
              32.12535674126853
            ],
            [
              30.641385954902375,
              32.12535674126853
            ],
            [
              30.641385954902375,
              32.12544657279694
            ],
            [
              30.641565617959202,
              32.12544657279694
            ],
            [
              30.641565617959202,
              32.125626235853765
            ],
            [
              30.64165544948761,
              32.125626235853765
            ],
            [
              30.64165544948761,
              32.12580589891059
            ],
            [
              30.641745281016025,
              32.12580589891059
            ],
            [
              30.641745281016025,
              32.12598556196741
            ],
            [
              30.641924944072848,
              32.12598556196741
            ],
            [
              30.641924944072848,
              32.12616522502424
            ],
            [
              30.64201477560126,
              32.12616522502424
            ],
            [
              30.64201477560126,
              32.12625505655265
            ],
            [
              30.64210460712967,
              32.12625505655265
            ],
            [
              30.64210460712967,
              32.126344888081064
            ],
            [
              30.642374101714907,
              32.126344888081064
            ],
            [
              30.642374101714907,
              32.12643471960947
            ],
            [
              30.64246393324332,
              32.12643471960947
            ],
            [
              30.64246393324332,
              32.126524551137884
            ],
            [
              30.642643596300143,
              32.126524551137884
            ],
            [
              30.642643596300143,
              32.12670421419471
            ],
            [
              30.642733427828556,
              32.12670421419471
            ],
            [
              30.642733427828556,
              32.12679404572312
            ],
            [
              30.642823259356966,
              32.12679404572312
            ],
            [
              30.642823259356966,
              32.127063540308356
            ],
            [
              30.64291309088538,
              32.127063540308356
            ],
            [
              30.64291309088538,
              32.12724320336518
            ],
            [
              30.643002922413793,
              32.12724320336518
            ],
            [
              30.643002922413793,
              32.12787202406407
            ],
            [
              30.643092753942202,
              32.12787202406407
            ],
            [
              30.643092753942202,
              32.127961855592474
            ],
            [
              30.643002922413793,
              32.127961855592474
            ],
            [
              30.643002922413793,
              32.12805168712089
            ],
            [
              30.643092753942202,
              32.12805168712089
            ],
            [
              30.643092753942202,
              32.12832118170613
            ],
            [
              30.643182585470615,
              32.12832118170613
            ],
            [
              30.643182585470615,
              32.12841101323453
            ],
            [
              30.643092753942202,
              32.12841101323453
            ],
            [
              30.643092753942202,
              32.12868050781977
            ],
            [
              30.643182585470615,
              32.12868050781977
            ],
            [
              30.643182585470615,
              32.1288601708766
            ],
            [
              30.64327241699903,
              32.1288601708766
            ],
            [
              30.64327241699903,
              32.12903983393342
            ],
            [
              30.64336224852744,
              32.12903983393342
            ],
            [
              30.64336224852744,
              32.129219496990245
            ],
            [
              30.64345208005585,
              32.129219496990245
            ],
            [
              30.64345208005585,
              32.129399160047065
            ],
            [
              30.643541911584265,
              32.129399160047065
            ],
            [
              30.643541911584265,
              32.12957882310389
            ],
            [
              30.643631743112675,
              32.12957882310389
            ],
            [
              30.643631743112675,
              32.129668654632304
            ],
            [
              30.643811406169498,
              32.129668654632304
            ],
            [
              30.643811406169498,
              32.12984831768913
            ],
            [
              30.64390123769791,
              32.12984831768913
            ],
            [
              30.64390123769791,
              32.12993814921754
            ],
            [
              30.644170732283147,
              32.12993814921754
            ],
            [
              30.644170732283147,
              32.130117812274364
            ],
            [
              30.64426056381156,
              32.130117812274364
            ],
            [
              30.64426056381156,
              32.13020764380278
            ],
            [
              30.644170732283147,
              32.13020764380278
            ],
            [
              30.644170732283147,
              32.130387306859596
            ],
            [
              30.64426056381156,
              32.130387306859596
            ],
            [
              30.64426056381156,
              32.13047713838801
            ],
            [
              30.64435039533997,
              32.13047713838801
            ],
            [
              30.64435039533997,
              32.13056696991642
            ],
            [
              30.64426056381156,
              32.13056696991642
            ],
            [
              30.64426056381156,
              32.130656801444836
            ],
            [
              30.64435039533997,
              32.130656801444836
            ],
            [
              30.64435039533997,
              32.13074663297325
            ],
            [
              30.644440226868383,
              32.13074663297325
            ],
            [
              30.644440226868383,
              32.13083646450166
            ],
            [
              30.644530058396796,
              32.13083646450166
            ],
            [
              30.644530058396796,
              32.13092629603007
            ],
            [
              30.644889384510442,
              32.13092629603007
            ],
            [
              30.644889384510442,
              32.13083646450166
            ],
            [
              30.64515887909568,
              32.13083646450166
            ],
            [
              30.64515887909568,
              32.13074663297325
            ],
            [
              30.645518205209328,
              32.13074663297325
            ],
            [
              30.645518205209328,
              32.130656801444836
            ],
            [
              30.645608036737737,
              32.130656801444836
            ],
            [
              30.645608036737737,
              32.13074663297325
            ],
            [
              30.64569786826615,
              32.13074663297325
            ],
            [
              30.64569786826615,
              32.130656801444836
            ],
            [
              30.64578769979456,
              32.130656801444836
            ],
            [
              30.64578769979456,
              32.13056696991642
            ],
            [
              30.645967362851387,
              32.13056696991642
            ],
            [
              30.645967362851387,
              32.130387306859596
            ],
            [
              30.646057194379797,
              32.130387306859596
            ],
            [
              30.646057194379797,
              32.13029747533119
            ],
            [
              30.646686015078682,
              32.13029747533119
            ],
            [
              30.646686015078682,
              32.130387306859596
            ],
            [
              30.646775846607092,
              32.130387306859596
            ],
            [
              30.646775846607092,
              32.13029747533119
            ],
            [
              30.646865678135505,
              32.13029747533119
            ],
            [
              30.646865678135505,
              32.130387306859596
            ],
            [
              30.64695550966392,
              32.130387306859596
            ],
            [
              30.64695550966392,
              32.13047713838801
            ],
            [
              30.647045341192328,
              32.13047713838801
            ],
            [
              30.647045341192328,
              32.130656801444836
            ],
            [
              30.647225004249155,
              32.130656801444836
            ],
            [
              30.647225004249155,
              32.13083646450166
            ],
            [
              30.647314835777564,
              32.13083646450166
            ],
            [
              30.647314835777564,
              32.13092629603007
            ],
            [
              30.647404667305977,
              32.13092629603007
            ],
            [
              30.647404667305977,
              32.13101612755848
            ],
            [
              30.64749449883439,
              32.13101612755848
            ],
            [
              30.64749449883439,
              32.13119579061531
            ],
            [
              30.647674161891214,
              32.13119579061531
            ],
            [
              30.647674161891214,
              32.13137545367213
            ],
            [
              30.647763993419623,
              32.13137545367213
            ],
            [
              30.647763993419623,
              32.131555116728954
            ],
            [
              30.647853824948037,
              32.131555116728954
            ],
            [
              30.647853824948037,
              32.13164494825737
            ],
            [
              30.648841971760568,
              32.13164494825737
            ],
            [
              30.648841971760568,
              32.1319144428426
            ],
            [
              30.64893180328898,
              32.1319144428426
            ],
            [
              30.64893180328898,
              32.13209410589943
            ],
            [
              30.64902163481739,
              32.13209410589943
            ],
            [
              30.64902163481739,
              32.13227376895625
            ],
            [
              30.649111466345804,
              32.13227376895625
            ],
            [
              30.649111466345804,
              32.13236360048466
            ],
            [
              30.649201297874217,
              32.13236360048466
            ],
            [
              30.649201297874217,
              32.132543263541486
            ],
            [
              30.649291129402627,
              32.132543263541486
            ],
            [
              30.649291129402627,
              32.1326330950699
            ],
            [
              30.649470792459454,
              32.1326330950699
            ],
            [
              30.649470792459454,
              32.132812758126725
            ],
            [
              30.649560623987863,
              32.132812758126725
            ],
            [
              30.649560623987863,
              32.132992421183545
            ],
            [
              30.649650455516277,
              32.132992421183545
            ],
            [
              30.649650455516277,
              32.13317208424037
            ],
            [
              30.6498301185731,
              32.13317208424037
            ],
            [
              30.6498301185731,
              32.133261915768784
            ],
            [
              30.649919950101513,
              32.133261915768784
            ],
            [
              30.649919950101513,
              32.13335174729719
            ],
            [
              30.650009781629922,
              32.13335174729719
            ],
            [
              30.650009781629922,
              32.13353141035402
            ],
            [
              30.65027927621516,
              32.13353141035402
            ],
            [
              30.65027927621516,
              32.13362124188243
            ],
            [
              30.65081826538563,
              32.13362124188243
            ],
            [
              30.65081826538563,
              32.13371107341084
            ],
            [
              30.651087759970867,
              32.13371107341084
            ],
            [
              30.651087759970867,
              32.13380090493926
            ],
            [
              30.65117759149928,
              32.13380090493926
            ],
            [
              30.65117759149928,
              32.13389073646766
            ],
            [
              30.651357254556103,
              32.13389073646766
            ],
            [
              30.651357254556103,
              32.133980567996076
            ],
            [
              30.651447086084517,
              32.133980567996076
            ],
            [
              30.651447086084517,
              32.13407039952449
            ],
            [
              30.651536917612926,
              32.13407039952449
            ],
            [
              30.651536917612926,
              32.134250062581316
            ],
            [
              30.65162674914134,
              32.134250062581316
            ],
            [
              30.65162674914134,
              32.13451955716655
            ],
            [
              30.651716580669753,
              32.13451955716655
            ],
            [
              30.651716580669753,
              32.134699220223375
            ],
            [
              30.651806412198162,
              32.134699220223375
            ],
            [
              30.651806412198162,
              32.13478905175179
            ],
            [
              30.651986075254985,
              32.13478905175179
            ],
            [
              30.651986075254985,
              32.13496871480861
            ],
            [
              30.6520759067834,
              32.13496871480861
            ],
            [
              30.6520759067834,
              32.135148377865434
            ],
            [
              30.652165738311812,
              32.135148377865434
            ],
            [
              30.652165738311812,
              32.13523820939385
            ],
            [
              30.652345401368635,
              32.13523820939385
            ],
            [
              30.652345401368635,
              32.13532804092225
            ],
            [
              30.652435232897048,
              32.13532804092225
            ],
            [
              30.652435232897048,
              32.13541787245067
            ],
            [
              30.652525064425458,
              32.13541787245067
            ],
            [
              30.652525064425458,
              32.13550770397908
            ],
            [
              30.652704727482284,
              32.13550770397908
            ],
            [
              30.652704727482284,
              32.13568736703591
            ],
            [
              30.652794559010694,
              32.13568736703591
            ],
            [
              30.652794559010694,
              32.135867030092726
            ],
            [
              30.652884390539107,
              32.135867030092726
            ],
            [
              30.652884390539107,
              32.13595686162114
            ],
            [
              30.652974222067517,
              32.13595686162114
            ],
            [
              30.652974222067517,
              32.13604669314955
            ],
            [
              30.653153885124343,
              32.13604669314955
            ],
            [
              30.653153885124343,
              32.13622635620638
            ],
            [
              30.653333548181166,
              32.13622635620638
            ],
            [
              30.653333548181166,
              32.1364060192632
            ],
            [
              30.65342337970958,
              32.1364060192632
            ],
            [
              30.65342337970958,
              32.136585682320025
            ],
            [
              30.65351321123799,
              32.136585682320025
            ],
            [
              30.65351321123799,
              32.13694500843367
            ],
            [
              30.653603042766402,
              32.13694500843367
            ],
            [
              30.653603042766402,
              32.137034839962084
            ],
            [
              30.65351321123799,
              32.137034839962084
            ],
            [
              30.65351321123799,
              32.13721450301891
            ],
            [
              30.65342337970958,
              32.13721450301891
            ],
            [
              30.65342337970958,
              32.13739416607573
            ],
            [
              30.653333548181166,
              32.13739416607573
            ],
            [
              30.653333548181166,
              32.137573829132556
            ],
            [
              30.65351321123799,
              32.137573829132556
            ],
            [
              30.65351321123799,
              32.13766366066097
            ],
            [
              30.653333548181166,
              32.13766366066097
            ],
            [
              30.653333548181166,
              32.13775349218938
            ],
            [
              30.653153885124343,
              32.13775349218938
            ],
            [
              30.653153885124343,
              32.138022986774615
            ],
            [
              30.65306405359593,
              32.138022986774615
            ],
            [
              30.65306405359593,
              32.13811281830303
            ],
            [
              30.652974222067517,
              32.13811281830303
            ],
            [
              30.652974222067517,
              32.13820264983144
            ],
            [
              30.65306405359593,
              32.13820264983144
            ],
            [
              30.65306405359593,
              32.13829248135985
            ],
            [
              30.653153885124343,
              32.13829248135985
            ],
            [
              30.653153885124343,
              32.138741639001914
            ],
            [
              30.65342337970958,
              32.138741639001914
            ],
            [
              30.65342337970958,
              32.13883147053032
            ],
            [
              30.65351321123799,
              32.13883147053032
            ],
            [
              30.65351321123799,
              32.13892130205873
            ],
            [
              30.653692874294816,
              32.13892130205873
            ],
            [
              30.653692874294816,
              32.13901113358715
            ],
            [
              30.65387253735164,
              32.13901113358715
            ],
            [
              30.65387253735164,
              32.13910096511556
            ],
            [
              30.65405220040846,
              32.13910096511556
            ],
            [
              30.65405220040846,
              32.13919079664397
            ],
            [
              30.654142031936875,
              32.13919079664397
            ],
            [
              30.654142031936875,
              32.13928062817238
            ],
            [
              30.654231863465284,
              32.13928062817238
            ],
            [
              30.654231863465284,
              32.139460291229206
            ],
            [
              30.654321694993698,
              32.139460291229206
            ],
            [
              30.654321694993698,
              32.13955012275762
            ],
            [
              30.654231863465284,
              32.13955012275762
            ],
            [
              30.654231863465284,
              32.13981961734285
            ],
            [
              30.65441152652211,
              32.13981961734285
            ],
            [
              30.65441152652211,
              32.14008911192809
            ],
            [
              30.65450135805052,
              32.14008911192809
            ],
            [
              30.65450135805052,
              32.13999928039968
            ],
            [
              30.654591189578934,
              32.13999928039968
            ],
            [
              30.654591189578934,
              32.14008911192809
            ],
            [
              30.654681021107347,
              32.14008911192809
            ],
            [
              30.654681021107347,
              32.13999928039968
            ],
            [
              30.65495051569258,
              32.13999928039968
            ],
            [
              30.65495051569258,
              32.14008911192809
            ],
            [
              30.655040347220993,
              32.14008911192809
            ],
            [
              30.655040347220993,
              32.140178943456505
            ],
            [
              30.655130178749406,
              32.140178943456505
            ],
            [
              30.655130178749406,
              32.14008911192809
            ],
            [
              30.655220010277816,
              32.14008911192809
            ],
            [
              30.655220010277816,
              32.13999928039968
            ],
            [
              30.65530984180623,
              32.13999928039968
            ],
            [
              30.65530984180623,
              32.14008911192809
            ],
            [
              30.655399673334642,
              32.14008911192809
            ],
            [
              30.655399673334642,
              32.140178943456505
            ],
            [
              30.655489504863052,
              32.140178943456505
            ],
            [
              30.655489504863052,
              32.14008911192809
            ],
            [
              30.655579336391465,
              32.14008911192809
            ],
            [
              30.655579336391465,
              32.140178943456505
            ],
            [
              30.655758999448288,
              32.140178943456505
            ],
            [
              30.655758999448288,
              32.140358606513324
            ],
            [
              30.656028494033524,
              32.140358606513324
            ],
            [
              30.656028494033524,
              32.14053826957015
            ],
            [
              30.656208157090347,
              32.14053826957015
            ],
            [
              30.656208157090347,
              32.140628101098564
            ],
            [
              30.656028494033524,
              32.140628101098564
            ],
            [
              30.656028494033524,
              32.14080776415538
            ],
            [
              30.656118325561938,
              32.14080776415538
            ],
            [
              30.656118325561938,
              32.14071793262698
            ],
            [
              30.656208157090347,
              32.14071793262698
            ],
            [
              30.656208157090347,
              32.14080776415538
            ],
            [
              30.65629798861876,
              32.14080776415538
            ],
            [
              30.65629798861876,
              32.140897595683796
            ],
            [
              30.656477651675583,
              32.140897595683796
            ],
            [
              30.656477651675583,
              32.14098742721221
            ],
            [
              30.656387820147174,
              32.14098742721221
            ],
            [
              30.656387820147174,
              32.14125692179744
            ],
            [
              30.656567483203997,
              32.14125692179744
            ],
            [
              30.656567483203997,
              32.141346753325855
            ],
            [
              30.65674714626082,
              32.141346753325855
            ],
            [
              30.65674714626082,
              32.141616247911095
            ],
            [
              30.656926809317643,
              32.141616247911095
            ],
            [
              30.656926809317643,
              32.14152641638268
            ],
            [
              30.657016640846056,
              32.14152641638268
            ],
            [
              30.657016640846056,
              32.14170607943951
            ],
            [
              30.65710647237447,
              32.14170607943951
            ],
            [
              30.65710647237447,
              32.14188574249633
            ],
            [
              30.65719630390288,
              32.14188574249633
            ],
            [
              30.65719630390288,
              32.14197557402474
            ],
            [
              30.657286135431292,
              32.14197557402474
            ],
            [
              30.657286135431292,
              32.14215523708157
            ],
            [
              30.657465798488115,
              32.14215523708157
            ],
            [
              30.657465798488115,
              32.14233490013839
            ],
            [
              30.657555630016528,
              32.14233490013839
            ],
            [
              30.657555630016528,
              32.142245068609974
            ],
            [
              30.657825124601764,
              32.142245068609974
            ],
            [
              30.657825124601764,
              32.14233490013839
            ],
            [
              30.658094619187,
              32.14233490013839
            ],
            [
              30.658094619187,
              32.14251456319521
            ],
            [
              30.65818445071541,
              32.14251456319521
            ],
            [
              30.65818445071541,
              32.14296372083727
            ],
            [
              30.658274282243823,
              32.14296372083727
            ],
            [
              30.658274282243823,
              32.1431433838941
            ],
            [
              30.658364113772237,
              32.1431433838941
            ],
            [
              30.658364113772237,
              32.14359254153616
            ],
            [
              30.658453945300646,
              32.14359254153616
            ],
            [
              30.658453945300646,
              32.14458068834869
            ],
            [
              30.658364113772237,
              32.14458068834869
            ],
            [
              30.658364113772237,
              32.1446705198771
            ],
            [
              30.658453945300646,
              32.1446705198771
            ],
            [
              30.658453945300646,
              32.14485018293392
            ],
            [
              30.65854377682906,
              32.14485018293392
            ],
            [
              30.65854377682906,
              32.14511967751916
            ],
            [
              30.658633608357473,
              32.14511967751916
            ],
            [
              30.658633608357473,
              32.14502984599075
            ],
            [
              30.658723439885883,
              32.14502984599075
            ],
            [
              30.658723439885883,
              32.14511967751916
            ],
            [
              30.658813271414296,
              32.14511967751916
            ],
            [
              30.658813271414296,
              32.14502984599075
            ],
            [
              30.658903102942705,
              32.14502984599075
            ],
            [
              30.658903102942705,
              32.14511967751916
            ],
            [
              30.65917259752794,
              32.14511967751916
            ],
            [
              30.65917259752794,
              32.14502984599075
            ],
            [
              30.659262429056355,
              32.14502984599075
            ],
            [
              30.659262429056355,
              32.14511967751916
            ],
            [
              30.659352260584768,
              32.14511967751916
            ],
            [
              30.659352260584768,
              32.14502984599075
            ],
            [
              30.659621755170004,
              32.14502984599075
            ],
            [
              30.659621755170004,
              32.14511967751916
            ],
            [
              30.659711586698414,
              32.14511967751916
            ],
            [
              30.659711586698414,
              32.14502984599075
            ],
            [
              30.65998108128365,
              32.14502984599075
            ],
            [
              30.65998108128365,
              32.14511967751916
            ],
            [
              30.660070912812063,
              32.14511967751916
            ],
            [
              30.660070912812063,
              32.14520950904757
            ],
            [
              30.660520070454123,
              32.14520950904757
            ],
            [
              30.660520070454123,
              32.14529934057598
            ],
            [
              30.660699733510945,
              32.14529934057598
            ],
            [
              30.660699733510945,
              32.14547900363281
            ],
            [
              30.66078956503936,
              32.14547900363281
            ],
            [
              30.66078956503936,
              32.145389172104395
            ],
            [
              30.66087939656777,
              32.145389172104395
            ],
            [
              30.66087939656777,
              32.14547900363281
            ],
            [
              30.661148891153005,
              32.14547900363281
            ],
            [
              30.661148891153005,
              32.14556883516122
            ],
            [
              30.661238722681418,
              32.14556883516122
            ],
            [
              30.661238722681418,
              32.145389172104395
            ],
            [
              30.66141838573824,
              32.145389172104395
            ],
            [
              30.66141838573824,
              32.14556883516122
            ],
            [
              30.661508217266654,
              32.14556883516122
            ],
            [
              30.661508217266654,
              32.145658666689634
            ],
            [
              30.66141838573824,
              32.145658666689634
            ],
            [
              30.66141838573824,
              32.145838329746454
            ],
            [
              30.661508217266654,
              32.145838329746454
            ],
            [
              30.661508217266654,
              32.14592816127487
            ],
            [
              30.661687880323477,
              32.14592816127487
            ],
            [
              30.661687880323477,
              32.14601799280328
            ],
            [
              30.661598048795067,
              32.14601799280328
            ],
            [
              30.661598048795067,
              32.14610782433169
            ],
            [
              30.661687880323477,
              32.14610782433169
            ],
            [
              30.661687880323477,
              32.1461976558601
            ],
            [
              30.66177771185189,
              32.1461976558601
            ],
            [
              30.66177771185189,
              32.14628748738851
            ],
            [
              30.661687880323477,
              32.14628748738851
            ],
            [
              30.661687880323477,
              32.14646715044534
            ],
            [
              30.66177771185189,
              32.14646715044534
            ],
            [
              30.66177771185189,
              32.146826476558985
            ],
            [
              30.6618675433803,
              32.146826476558985
            ],
            [
              30.6618675433803,
              32.14700613961581
            ],
            [
              30.661957374908713,
              32.14700613961581
            ],
            [
              30.661957374908713,
              32.147095971144225
            ],
            [
              30.662047206437126,
              32.147095971144225
            ],
            [
              30.662047206437126,
              32.147275634201044
            ],
            [
              30.662137037965536,
              32.147275634201044
            ],
            [
              30.662137037965536,
              32.14736546572946
            ],
            [
              30.66222686949395,
              32.14736546572946
            ],
            [
              30.66222686949395,
              32.147545128786284
            ],
            [
              30.662316701022363,
              32.147545128786284
            ],
            [
              30.662316701022363,
              32.1477247918431
            ],
            [
              30.662406532550772,
              32.1477247918431
            ],
            [
              30.662406532550772,
              32.14781462337152
            ],
            [
              30.662316701022363,
              32.14781462337152
            ],
            [
              30.662316701022363,
              32.14790445489993
            ],
            [
              30.662406532550772,
              32.14790445489993
            ],
            [
              30.662406532550772,
              32.14817394948516
            ],
            [
              30.662496364079185,
              32.14817394948516
            ],
            [
              30.662496364079185,
              32.1484434440704
            ],
            [
              30.6625861956076,
              32.1484434440704
            ],
            [
              30.6625861956076,
              32.148533275598815
            ],
            [
              30.662496364079185,
              32.148533275598815
            ],
            [
              30.662496364079185,
              32.14880277018405
            ],
            [
              30.6625861956076,
              32.14880277018405
            ],
            [
              30.6625861956076,
              32.148982433240874
            ],
            [
              30.66267602713601,
              32.148982433240874
            ],
            [
              30.66267602713601,
              32.149431590882934
            ],
            [
              30.6625861956076,
              32.149431590882934
            ],
            [
              30.6625861956076,
              32.14952142241135
            ],
            [
              30.66267602713601,
              32.14952142241135
            ],
            [
              30.66267602713601,
              32.14961125393976
            ],
            [
              30.6625861956076,
              32.14961125393976
            ],
            [
              30.6625861956076,
              32.149970580053406
            ],
            [
              30.662496364079185,
              32.149970580053406
            ],
            [
              30.662496364079185,
              32.15059940075229
            ],
            [
              30.662406532550772,
              32.15059940075229
            ],
            [
              30.662406532550772,
              32.1506892322807
            ],
            [
              30.662316701022363,
              32.1506892322807
            ],
            [
              30.662316701022363,
              32.150868895337524
            ],
            [
              30.66222686949395,
              32.150868895337524
            ],
            [
              30.66222686949395,
              32.15095872686594
            ],
            [
              30.662316701022363,
              32.15095872686594
            ],
            [
              30.662316701022363,
              32.15122822145117
            ],
            [
              30.662406532550772,
              32.15122822145117
            ],
            [
              30.662406532550772,
              32.15149771603641
            ],
            [
              30.662496364079185,
              32.15149771603641
            ],
            [
              30.662496364079185,
              32.15158754756482
            ],
            [
              30.6625861956076,
              32.15158754756482
            ],
            [
              30.6625861956076,
              32.15167737909323
            ],
            [
              30.66276585866442,
              32.15167737909323
            ],
            [
              30.66276585866442,
              32.151857042150056
            ],
            [
              30.66285569019283,
              32.151857042150056
            ],
            [
              30.66285569019283,
              32.15194687367847
            ],
            [
              30.662945521721245,
              32.15194687367847
            ],
            [
              30.662945521721245,
              32.15203670520688
            ],
            [
              30.663035353249658,
              32.15203670520688
            ],
            [
              30.663035353249658,
              32.15239603132053
            ],
            [
              30.663125184778067,
              32.15239603132053
            ],
            [
              30.663125184778067,
              32.15248586284894
            ],
            [
              30.663035353249658,
              32.15248586284894
            ],
            [
              30.663035353249658,
              32.15266552590576
            ],
            [
              30.663125184778067,
              32.15266552590576
            ],
            [
              30.663125184778067,
              32.15284518896259
            ],
            [
              30.663035353249658,
              32.15284518896259
            ],
            [
              30.663035353249658,
              32.15302485201941
            ],
            [
              30.663125184778067,
              32.15302485201941
            ],
            [
              30.663125184778067,
              32.15320451507623
            ],
            [
              30.66321501630648,
              32.15320451507623
            ],
            [
              30.66321501630648,
              32.15338417813306
            ],
            [
              30.663304847834894,
              32.15338417813306
            ],
            [
              30.663304847834894,
              32.153294346604646
            ],
            [
              30.663394679363304,
              32.153294346604646
            ],
            [
              30.663394679363304,
              32.15338417813306
            ],
            [
              30.663484510891717,
              32.15338417813306
            ],
            [
              30.663484510891717,
              32.153563841189886
            ],
            [
              30.66357434242013,
              32.153563841189886
            ],
            [
              30.66357434242013,
              32.153743504246705
            ],
            [
              30.66366417394854,
              32.153743504246705
            ],
            [
              30.66366417394854,
              32.15383333577512
            ],
            [
              30.663843837005363,
              32.15383333577512
            ],
            [
              30.663843837005363,
              32.15410283036035
            ],
            [
              30.663933668533776,
              32.15410283036035
            ],
            [
              30.663933668533776,
              32.154192661888764
            ],
            [
              30.66402350006219,
              32.154192661888764
            ],
            [
              30.66402350006219,
              32.15428249341718
            ],
            [
              30.663933668533776,
              32.15428249341718
            ],
            [
              30.663933668533776,
              32.155001145644476
            ],
            [
              30.663843837005363,
              32.155001145644476
            ],
            [
              30.663843837005363,
              32.155180808701296
            ],
            [
              30.663933668533776,
              32.155180808701296
            ],
            [
              30.663933668533776,
              32.15527064022971
            ],
            [
              30.663843837005363,
              32.15527064022971
            ],
            [
              30.663843837005363,
              32.15536047175812
            ],
            [
              30.663933668533776,
              32.15536047175812
            ],
            [
              30.663933668533776,
              32.15554013481495
            ],
            [
              30.66402350006219,
              32.15554013481495
            ],
            [
              30.66402350006219,
              32.15571979787177
            ],
            [
              30.663933668533776,
              32.15571979787177
            ],
            [
              30.663933668533776,
              32.15598929245701
            ],
            [
              30.663843837005363,
              32.15598929245701
            ],
            [
              30.663843837005363,
              32.15607912398542
            ],
            [
              30.663754005476953,
              32.15607912398542
            ],
            [
              30.663754005476953,
              32.15625878704224
            ],
            [
              30.663843837005363,
              32.15625878704224
            ],
            [
              30.663843837005363,
              32.156348618570654
            ],
            [
              30.663754005476953,
              32.156348618570654
            ],
            [
              30.663754005476953,
              32.15643845009907
            ],
            [
              30.663484510891717,
              32.15643845009907
            ],
            [
              30.663484510891717,
              32.15679777621271
            ],
            [
              30.663394679363304,
              32.15679777621271
            ],
            [
              30.663394679363304,
              32.15697743926954
            ],
            [
              30.663484510891717,
              32.15697743926954
            ],
            [
              30.663484510891717,
              32.15706727079795
            ],
            [
              30.663394679363304,
              32.15706727079795
            ],
            [
              30.663394679363304,
              32.157336765383185
            ],
            [
              30.663484510891717,
              32.157336765383185
            ],
            [
              30.663484510891717,
              32.15724693385477
            ],
            [
              30.66357434242013,
              32.15724693385477
            ],
            [
              30.66357434242013,
              32.157336765383185
            ],
            [
              30.66366417394854,
              32.157336765383185
            ],
            [
              30.66366417394854,
              32.15724693385477
            ],
            [
              30.663933668533776,
              32.15724693385477
            ],
            [
              30.663933668533776,
              32.1574265969116
            ],
            [
              30.664203163119012,
              32.1574265969116
            ],
            [
              30.664203163119012,
              32.15760625996842
            ],
            [
              30.664292994647425,
              32.15760625996842
            ],
            [
              30.664292994647425,
              32.157785923025244
            ],
            [
              30.664203163119012,
              32.157785923025244
            ],
            [
              30.664203163119012,
              32.15787575455366
            ],
            [
              30.6641133315906,
              32.15787575455366
            ],
            [
              30.6641133315906,
              32.15796558608207
            ],
            [
              30.66402350006219,
              32.15796558608207
            ],
            [
              30.66402350006219,
              32.15787575455366
            ],
            [
              30.663933668533776,
              32.15787575455366
            ],
            [
              30.663933668533776,
              32.158055417610484
            ],
            [
              30.663754005476953,
              32.158055417610484
            ],
            [
              30.663754005476953,
              32.15796558608207
            ],
            [
              30.66366417394854,
              32.15796558608207
            ],
            [
              30.66366417394854,
              32.15787575455366
            ],
            [
              30.66357434242013,
              32.15787575455366
            ],
            [
              30.66357434242013,
              32.158055417610484
            ],
            [
              30.663484510891717,
              32.158055417610484
            ],
            [
              30.663484510891717,
              32.1582350806673
            ],
            [
              30.663394679363304,
              32.1582350806673
            ],
            [
              30.663394679363304,
              32.15832491219572
            ],
            [
              30.663304847834894,
              32.15832491219572
            ],
            [
              30.663304847834894,
              32.1582350806673
            ],
            [
              30.66321501630648,
              32.1582350806673
            ],
            [
              30.66321501630648,
              32.15841474372413
            ],
            [
              30.663304847834894,
              32.15841474372413
            ],
            [
              30.663304847834894,
              32.15850457525254
            ],
            [
              30.663394679363304,
              32.15850457525254
            ],
            [
              30.663394679363304,
              32.15859440678095
            ],
            [
              30.663304847834894,
              32.15859440678095
            ],
            [
              30.663304847834894,
              32.15868423830936
            ],
            [
              30.66321501630648,
              32.15868423830936
            ],
            [
              30.66321501630648,
              32.15886390136619
            ],
            [
              30.663304847834894,
              32.15886390136619
            ],
            [
              30.663304847834894,
              32.1589537328946
            ],
            [
              30.66321501630648,
              32.1589537328946
            ],
            [
              30.66321501630648,
              32.15913339595142
            ],
            [
              30.663304847834894,
              32.15913339595142
            ],
            [
              30.663304847834894,
              32.15940289053666
            ],
            [
              30.66321501630648,
              32.15940289053666
            ],
            [
              30.66321501630648,
              32.15985204817872
            ],
            [
              30.663304847834894,
              32.15985204817872
            ],
            [
              30.663304847834894,
              32.16012154276395
            ],
            [
              30.66321501630648,
              32.16012154276395
            ],
            [
              30.66321501630648,
              32.16057070040601
            ],
            [
              30.663304847834894,
              32.16057070040601
            ],
            [
              30.663304847834894,
              32.160660531934425
            ],
            [
              30.663394679363304,
              32.160660531934425
            ],
            [
              30.663394679363304,
              32.16084019499125
            ],
            [
              30.66357434242013,
              32.16084019499125
            ],
            [
              30.66357434242013,
              32.16128935263331
            ],
            [
              30.66366417394854,
              32.16128935263331
            ],
            [
              30.66366417394854,
              32.161558847218544
            ],
            [
              30.66357434242013,
              32.161558847218544
            ],
            [
              30.66357434242013,
              32.162097836389016
            ],
            [
              30.663484510891717,
              32.162097836389016
            ],
            [
              30.663484510891717,
              32.162367330974256
            ],
            [
              30.663394679363304,
              32.162367330974256
            ],
            [
              30.663394679363304,
              32.16290632014473
            ],
            [
              30.663304847834894,
              32.16290632014473
            ],
            [
              30.663304847834894,
              32.16317581472996
            ],
            [
              30.66321501630648,
              32.16317581472996
            ],
            [
              30.66321501630648,
              32.16353514084361
            ],
            [
              30.663125184778067,
              32.16353514084361
            ],
            [
              30.663125184778067,
              32.16416396154249
            ],
            [
              30.66321501630648,
              32.16416396154249
            ],
            [
              30.66321501630648,
              32.164253793070905
            ],
            [
              30.663304847834894,
              32.164253793070905
            ],
            [
              30.663304847834894,
              32.16434362459932
            ],
            [
              30.66321501630648,
              32.16434362459932
            ],
            [
              30.66321501630648,
              32.16461311918455
            ],
            [
              30.663304847834894,
              32.16461311918455
            ],
            [
              30.663304847834894,
              32.164702950712964
            ],
            [
              30.66321501630648,
              32.164702950712964
            ],
            [
              30.66321501630648,
              32.16479278224138
            ],
            [
              30.663304847834894,
              32.16479278224138
            ],
            [
              30.663304847834894,
              32.165152108355024
            ],
            [
              30.66321501630648,
              32.165152108355024
            ],
            [
              30.66321501630648,
              32.165691097525496
            ],
            [
              30.663304847834894,
              32.165691097525496
            ],
            [
              30.663304847834894,
              32.16578092905391
            ],
            [
              30.66321501630648,
              32.16578092905391
            ],
            [
              30.66321501630648,
              32.165960592110736
            ],
            [
              30.663304847834894,
              32.165960592110736
            ],
            [
              30.663304847834894,
              32.16605042363914
            ],
            [
              30.663484510891717,
              32.16605042363914
            ],
            [
              30.663484510891717,
              32.166140255167555
            ],
            [
              30.663754005476953,
              32.166140255167555
            ],
            [
              30.663754005476953,
              32.16605042363914
            ],
            [
              30.663933668533776,
              32.16605042363914
            ],
            [
              30.663933668533776,
              32.165960592110736
            ],
            [
              30.664203163119012,
              32.165960592110736
            ],
            [
              30.664203163119012,
              32.16587076058232
            ],
            [
              30.664292994647425,
              32.16587076058232
            ],
            [
              30.664292994647425,
              32.165960592110736
            ],
            [
              30.664382826175835,
              32.165960592110736
            ],
            [
              30.664382826175835,
              32.16587076058232
            ],
            [
              30.66465232076107,
              32.16587076058232
            ],
            [
              30.66465232076107,
              32.165960592110736
            ],
            [
              30.66501164687472,
              32.165960592110736
            ],
            [
              30.66501164687472,
              32.16605042363914
            ],
            [
              30.66510147840313,
              32.16605042363914
            ],
            [
              30.66510147840313,
              32.166140255167555
            ],
            [
              30.665191309931544,
              32.166140255167555
            ],
            [
              30.665191309931544,
              32.16623008669597
            ],
            [
              30.665370972988367,
              32.16623008669597
            ],
            [
              30.665370972988367,
              32.166409749752795
            ],
            [
              30.66546080451678,
              32.166409749752795
            ],
            [
              30.66546080451678,
              32.166589412809614
            ],
            [
              30.665370972988367,
              32.166589412809614
            ],
            [
              30.665370972988367,
              32.16667924433803
            ],
            [
              30.66546080451678,
              32.16667924433803
            ],
            [
              30.66546080451678,
              32.16694873892327
            ],
            [
              30.665550636045193,
              32.16694873892327
            ],
            [
              30.665550636045193,
              32.16703857045167
            ],
            [
              30.66546080451678,
              32.16703857045167
            ],
            [
              30.66546080451678,
              32.16712840198009
            ],
            [
              30.665550636045193,
              32.16712840198009
            ],
            [
              30.665550636045193,
              32.167397896565326
            ],
            [
              30.66546080451678,
              32.167397896565326
            ],
            [
              30.66546080451678,
              32.16748772809373
            ],
            [
              30.665550636045193,
              32.16748772809373
            ],
            [
              30.665550636045193,
              32.16766739115056
            ],
            [
              30.665640467573603,
              32.16766739115056
            ],
            [
              30.665640467573603,
              32.1679368857358
            ],
            [
              30.665730299102016,
              32.1679368857358
            ],
            [
              30.665730299102016,
              32.16820638032103
            ],
            [
              30.66582013063043,
              32.16820638032103
            ],
            [
              30.66582013063043,
              32.16856570643468
            ],
            [
              30.66590996215884,
              32.16856570643468
            ],
            [
              30.66590996215884,
              32.16865553796309
            ],
            [
              30.66582013063043,
              32.16865553796309
            ],
            [
              30.66582013063043,
              32.1687453694915
            ],
            [
              30.66590996215884,
              32.1687453694915
            ],
            [
              30.66590996215884,
              32.16883520101992
            ],
            [
              30.66582013063043,
              32.16883520101992
            ],
            [
              30.66582013063043,
              32.16892503254833
            ],
            [
              30.66590996215884,
              32.16892503254833
            ],
            [
              30.66590996215884,
              32.169284358661976
            ],
            [
              30.665999793687252,
              32.169284358661976
            ],
            [
              30.665999793687252,
              32.16955385324721
            ],
            [
              30.666089625215662,
              32.16955385324721
            ],
            [
              30.666089625215662,
              32.16964368477562
            ],
            [
              30.666179456744075,
              32.16964368477562
            ],
            [
              30.666179456744075,
              32.16982334783245
            ],
            [
              30.66644895132931,
              32.16982334783245
            ],
            [
              30.66644895132931,
              32.16991317936086
            ],
            [
              30.666538782857724,
              32.16991317936086
            ],
            [
              30.666538782857724,
              32.16982334783245
            ],
            [
              30.666628614386134,
              32.16982334783245
            ],
            [
              30.666628614386134,
              32.17000301088927
            ],
            [
              30.666718445914547,
              32.17000301088927
            ],
            [
              30.666718445914547,
              32.17009284241768
            ],
            [
              30.66680827744296,
              32.17009284241768
            ],
            [
              30.66680827744296,
              32.170182673946094
            ],
            [
              30.66689810897137,
              32.170182673946094
            ],
            [
              30.66689810897137,
              32.17027250547451
            ],
            [
              30.666987940499784,
              32.17027250547451
            ],
            [
              30.666987940499784,
              32.17036233700292
            ],
            [
              30.667077772028193,
              32.17036233700292
            ],
            [
              30.667077772028193,
              32.17045216853133
            ],
            [
              30.667167603556607,
              32.17045216853133
            ],
            [
              30.667167603556607,
              32.17054200005974
            ],
            [
              30.66734726661343,
              32.17054200005974
            ],
            [
              30.66734726661343,
              32.170721663116566
            ],
            [
              30.667437098141843,
              32.170721663116566
            ],
            [
              30.667437098141843,
              32.17081149464498
            ],
            [
              30.667526929670256,
              32.17081149464498
            ],
            [
              30.667526929670256,
              32.17108098923021
            ],
            [
              30.667616761198666,
              32.17108098923021
            ],
            [
              30.667616761198666,
              32.17126065228704
            ],
            [
              30.66770659272708,
              32.17126065228704
            ],
            [
              30.66770659272708,
              32.17144031534386
            ],
            [
              30.667796424255492,
              32.17144031534386
            ],
            [
              30.667796424255492,
              32.17153014687227
            ],
            [
              30.667886255783902,
              32.17153014687227
            ],
            [
              30.667886255783902,
              32.171619978400685
            ],
            [
              30.668065918840725,
              32.171619978400685
            ],
            [
              30.668065918840725,
              32.1717098099291
            ],
            [
              30.668604908011197,
              32.1717098099291
            ],
            [
              30.668604908011197,
              32.17179964145751
            ],
            [
              30.668784571068024,
              32.17179964145751
            ],
            [
              30.668784571068024,
              32.171889472985924
            ],
            [
              30.668874402596433,
              32.171889472985924
            ],
            [
              30.668874402596433,
              32.17197930451433
            ],
            [
              30.668964234124847,
              32.17197930451433
            ],
            [
              30.668964234124847,
              32.172069136042744
            ],
            [
              30.669054065653256,
              32.172069136042744
            ],
            [
              30.669054065653256,
              32.17269795674163
            ],
            [
              30.66914389718167,
              32.17269795674163
            ],
            [
              30.66914389718167,
              32.172877619798456
            ],
            [
              30.669233728710083,
              32.172877619798456
            ],
            [
              30.669233728710083,
              32.173057282855275
            ],
            [
              30.669323560238492,
              32.173057282855275
            ],
            [
              30.669323560238492,
              32.1732369459121
            ],
            [
              30.669413391766906,
              32.1732369459121
            ],
            [
              30.669413391766906,
              32.173326777440515
            ],
            [
              30.66950322329532,
              32.173326777440515
            ],
            [
              30.66950322329532,
              32.1732369459121
            ],
            [
              30.66959305482373,
              32.1732369459121
            ],
            [
              30.66959305482373,
              32.173326777440515
            ]
          ],
          [
            [
              30.65629798861876,
              32.14071793262698
            ],
            [
              30.656387820147174,
              32.14071793262698
            ],
            [
              30.656387820147174,
              32.14080776415538
            ],
            [
              30.65629798861876,
              32.14080776415538
            ],
            [
              30.65629798861876,
              32.14071793262698
            ]
          ],
          [
            [
              30.664382826175835,
              32.157785923025244
            ],
            [
              30.664382826175835,
              32.15787575455366
            ],
            [
              30.664292994647425,
              32.15787575455366
            ],
            [
              30.664292994647425,
              32.157785923025244
            ],
            [
              30.664382826175835,
              32.157785923025244
            ]
          ],
          [
            [
              30.66366417394854,
              32.15814524913889
            ],
            [
              30.66366417394854,
              32.1582350806673
            ],
            [
              30.66357434242013,
              32.1582350806673
            ],
            [
              30.66357434242013,
              32.15814524913889
            ],
            [
              30.66366417394854,
              32.15814524913889
            ]
          ],
          [
            [
              30.656567483203997,
              32.14107725874062
            ],
            [
              30.656567483203997,
              32.141167090269036
            ],
            [
              30.656477651675583,
              32.141167090269036
            ],
            [
              30.656477651675583,
              32.14107725874062
            ],
            [
              30.656567483203997,
              32.14107725874062
            ]
          ],
          [
            [
              30.65441152652211,
              32.13963995428603
            ],
            [
              30.65441152652211,
              32.139729785814446
            ],
            [
              30.654321694993698,
              32.139729785814446
            ],
            [
              30.654321694993698,
              32.13963995428603
            ],
            [
              30.65441152652211,
              32.13963995428603
            ]
          ],
          [
            [
              30.63410960110101,
              32.117990555938746
            ],
            [
              30.63410960110101,
              32.11790072441034
            ],
            [
              30.634289264157832,
              32.11790072441034
            ],
            [
              30.634289264157832,
              32.117721061353514
            ],
            [
              30.634468927214655,
              32.117721061353514
            ],
            [
              30.634468927214655,
              32.11790072441034
            ],
            [
              30.634379095686246,
              32.11790072441034
            ],
            [
              30.634379095686246,
              32.117990555938746
            ],
            [
              30.634468927214655,
              32.117990555938746
            ],
            [
              30.634468927214655,
              32.118260050523986
            ],
            [
              30.634379095686246,
              32.118260050523986
            ],
            [
              30.634379095686246,
              32.1183498820524
            ],
            [
              30.634289264157832,
              32.1183498820524
            ],
            [
              30.634289264157832,
              32.11843971358081
            ],
            [
              30.63419943262942,
              32.11843971358081
            ],
            [
              30.63419943262942,
              32.1183498820524
            ],
            [
              30.63410960110101,
              32.1183498820524
            ],
            [
              30.63410960110101,
              32.11817021899557
            ],
            [
              30.63419943262942,
              32.11817021899557
            ],
            [
              30.63419943262942,
              32.117990555938746
            ],
            [
              30.63410960110101,
              32.117990555938746
            ]
          ],
          [
            [
              30.625485774373463,
              32.10918706615438
            ],
            [
              30.625485774373463,
              32.10927689768279
            ],
            [
              30.62539594284505,
              32.10927689768279
            ],
            [
              30.62539594284505,
              32.10918706615438
            ],
            [
              30.625485774373463,
              32.10918706615438
            ]
          ]
        ]
      },
      "properties": {
        "feature_type": "observed_detection",
        "event_id": "00007_01339_persistent_0003",
        "observation_time": "2024-04-10T14:00:00+00:00",
        "area_m2": 3007776.05
      }
    },
    {
      "type": "Feature",
      "id": "00007_01339_persistent_0003_p001_w010",
      "geometry": {
        "type": "LineString",
        "coordinates": [
          [
            30.650383,
            32.13556
          ],
          [
            30.648189,
            32.133287
          ],
          [
            30.645996,
            32.131014
          ],
          [
            30.643802,
            32.128742
          ],
          [
            30.641608,
            32.126469
          ],
          [
            30.639414,
            32.124197
          ],
          [
            30.637221,
            32.121924
          ],
          [
            30.635027,
            32.119652
          ],
          [
            30.632834,
            32.117379
          ],
          [
            30.63064,
            32.115107
          ],
          [
            30.628447,
            32.112834
          ],
          [
            30.626254,
            32.110562
          ],
          [
            30.62406,
            32.108289
          ],
          [
            30.621867,
            32.106016
          ],
          [
            30.619674,
            32.103744
          ],
          [
            30.617481,
            32.101471
          ],
          [
            30.615288,
            32.099199
          ],
          [
            30.613095,
            32.096926
          ],
          [
            30.610902,
            32.094654
          ],
          [
            30.608709,
            32.092381
          ],
          [
            30.606516,
            32.090109
          ],
          [
            30.604323,
            32.087836
          ],
          [
            30.602131,
            32.085563
          ],
          [
            30.599938,
            32.083291
          ],
          [
            30.597745,
            32.081018
          ],
          [
            30.595553,
            32.078746
          ],
          [
            30.59336,
            32.076473
          ],
          [
            30.591168,
            32.074201
          ],
          [
            30.588975,
            32.071928
          ],
          [
            30.586783,
            32.069656
          ],
          [
            30.584591,
            32.067383
          ],
          [
            30.582399,
            32.06511
          ],
          [
            30.580206,
            32.062838
          ],
          [
            30.578014,
            32.060565
          ],
          [
            30.575822,
            32.058293
          ],
          [
            30.57363,
            32.05602
          ],
          [
            30.571438,
            32.053748
          ],
          [
            30.569246,
            32.051475
          ],
          [
            30.567054,
            32.049202
          ],
          [
            30.564863,
            32.04693
          ],
          [
            30.562671,
            32.044657
          ],
          [
            30.560479,
            32.042385
          ],
          [
            30.558287,
            32.040112
          ],
          [
            30.556096,
            32.03784
          ],
          [
            30.553904,
            32.035567
          ],
          [
            30.551713,
            32.033294
          ],
          [
            30.549521,
            32.031022
          ],
          [
            30.54733,
            32.028749
          ]
        ]
      },
      "properties": {
        "feature_type": "trajectory_line",
        "particle_id": "00007_01339_persistent_0003_p001_w010",
        "windage_factor": 0.01,
        "initial_point": [
          30.652577,
          32.137832
        ],
        "terminal_point": [
          30.54733,
          32.028749
        ],
        "step_count": 48,
        "total_distance_m": 15653.67,
        "net_displacement_m": 15653.67
      }
    },
    {
      "type": "Feature",
      "id": "00007_01339_persistent_0003_p002_w020",
      "geometry": {
        "type": "LineString",
        "coordinates": [
          [
            30.651051,
            32.13491
          ],
          [
            30.649525,
            32.131988
          ],
          [
            30.647999,
            32.129067
          ],
          [
            30.646473,
            32.126145
          ],
          [
            30.644947,
            32.123223
          ],
          [
            30.643421,
            32.120301
          ],
          [
            30.641895,
            32.117379
          ],
          [
            30.640369,
            32.114457
          ],
          [
            30.638843,
            32.111535
          ],
          [
            30.637317,
            32.108614
          ],
          [
            30.635792,
            32.105692
          ],
          [
            30.634266,
            32.10277
          ],
          [
            30.63274,
            32.099848
          ],
          [
            30.631215,
            32.096926
          ],
          [
            30.629689,
            32.094004
          ],
          [
            30.628164,
            32.091083
          ],
          [
            30.626638,
            32.088161
          ],
          [
            30.625113,
            32.085239
          ],
          [
            30.623587,
            32.082317
          ],
          [
            30.622062,
            32.079395
          ],
          [
            30.620537,
            32.076473
          ],
          [
            30.619012,
            32.073551
          ],
          [
            30.617487,
            32.07063
          ],
          [
            30.615962,
            32.067708
          ],
          [
            30.614437,
            32.064786
          ],
          [
            30.612912,
            32.061864
          ],
          [
            30.611387,
            32.058942
          ],
          [
            30.609862,
            32.05602
          ],
          [
            30.608337,
            32.053098
          ],
          [
            30.606812,
            32.050176
          ],
          [
            30.605287,
            32.047255
          ],
          [
            30.603763,
            32.044333
          ],
          [
            30.602238,
            32.041411
          ],
          [
            30.600713,
            32.038489
          ],
          [
            30.599189,
            32.035567
          ],
          [
            30.597664,
            32.032645
          ],
          [
            30.59614,
            32.029723
          ],
          [
            30.594615,
            32.026801
          ],
          [
            30.593091,
            32.023879
          ],
          [
            30.591567,
            32.020958
          ],
          [
            30.590042,
            32.018036
          ],
          [
            30.588518,
            32.015114
          ],
          [
            30.586994,
            32.012192
          ],
          [
            30.58547,
            32.00927
          ],
          [
            30.583946,
            32.006348
          ],
          [
            30.582422,
            32.003426
          ],
          [
            30.580898,
            32.000504
          ],
          [
            30.579374,
            31.997582
          ]
        ]
      },
      "properties": {
        "feature_type": "trajectory_line",
        "particle_id": "00007_01339_persistent_0003_p002_w020",
        "windage_factor": 0.02,
        "initial_point": [
          30.652577,
          32.137832
        ],
        "terminal_point": [
          30.579374,
          31.997582
        ],
        "step_count": 48,
        "total_distance_m": 17018.83,
        "net_displacement_m": 17018.83
      }
    },
    {
      "type": "Feature",
      "id": "00007_01339_persistent_0003_p003_w030",
      "geometry": {
        "type": "LineString",
        "coordinates": [
          [
            30.651719,
            32.134261
          ],
          [
            30.65086,
            32.13069
          ],
          [
            30.650002,
            32.127119
          ],
          [
            30.649143,
            32.123548
          ],
          [
            30.648285,
            32.119976
          ],
          [
            30.647427,
            32.116405
          ],
          [
            30.646568,
            32.112834
          ],
          [
            30.64571,
            32.109263
          ],
          [
            30.644852,
            32.105692
          ],
          [
            30.643994,
            32.102121
          ],
          [
            30.643136,
            32.098549
          ],
          [
            30.642277,
            32.094978
          ],
          [
            30.641419,
            32.091407
          ],
          [
            30.640561,
            32.087836
          ],
          [
            30.639703,
            32.084265
          ],
          [
            30.638845,
            32.080694
          ],
          [
            30.637987,
            32.077123
          ],
          [
            30.637129,
            32.073551
          ],
          [
            30.636271,
            32.06998
          ],
          [
            30.635414,
            32.066409
          ],
          [
            30.634556,
            32.062838
          ],
          [
            30.633698,
            32.059267
          ],
          [
            30.63284,
            32.055696
          ],
          [
            30.631983,
            32.052124
          ],
          [
            30.631125,
            32.048553
          ],
          [
            30.630267,
            32.044982
          ],
          [
            30.62941,
            32.041411
          ],
          [
            30.628552,
            32.03784
          ],
          [
            30.627694,
            32.034268
          ],
          [
            30.626837,
            32.030697
          ],
          [
            30.625979,
            32.027126
          ],
          [
            30.625122,
            32.023555
          ],
          [
            30.624265,
            32.019984
          ],
          [
            30.623407,
            32.016412
          ],
          [
            30.62255,
            32.012841
          ],
          [
            30.621692,
            32.00927
          ],
          [
            30.620835,
            32.005699
          ],
          [
            30.619978,
            32.002128
          ],
          [
            30.619121,
            31.998556
          ],
          [
            30.618263,
            31.994985
          ],
          [
            30.617406,
            31.991414
          ],
          [
            30.616549,
            31.987843
          ],
          [
            30.615692,
            31.984272
          ],
          [
            30.614835,
            31.9807
          ],
          [
            30.613978,
            31.977129
          ],
          [
            30.613121,
            31.973558
          ],
          [
            30.612264,
            31.969987
          ],
          [
            30.611407,
            31.966415
          ]
        ]
      },
      "properties": {
        "feature_type": "trajectory_line",
        "particle_id": "00007_01339_persistent_0003_p003_w030",
        "windage_factor": 0.03,
        "initial_point": [
          30.652577,
          32.137832
        ],
        "terminal_point": [
          30.611407,
          31.966415
        ],
        "step_count": 48,
        "total_distance_m": 19401.56,
        "net_displacement_m": 19401.56
      }
    },
    {
      "type": "Feature",
      "id": "00007_01339_persistent_0003_p004_w040",
      "geometry": {
        "type": "LineString",
        "coordinates": [
          [
            30.652386,
            32.133612
          ],
          [
            30.652196,
            32.129391
          ],
          [
            30.652005,
            32.125171
          ],
          [
            30.651814,
            32.12095
          ],
          [
            30.651623,
            32.11673
          ],
          [
            30.651433,
            32.112509
          ],
          [
            30.651242,
            32.108289
          ],
          [
            30.651051,
            32.104069
          ],
          [
            30.65086,
            32.099848
          ],
          [
            30.65067,
            32.095628
          ],
          [
            30.650479,
            32.091407
          ],
          [
            30.650288,
            32.087187
          ],
          [
            30.650098,
            32.082966
          ],
          [
            30.649907,
            32.078746
          ],
          [
            30.649716,
            32.074525
          ],
          [
            30.649526,
            32.070305
          ],
          [
            30.649335,
            32.066084
          ],
          [
            30.649145,
            32.061864
          ],
          [
            30.648954,
            32.057643
          ],
          [
            30.648763,
            32.053423
          ],
          [
            30.648573,
            32.049202
          ],
          [
            30.648382,
            32.044982
          ],
          [
            30.648191,
            32.040761
          ],
          [
            30.648001,
            32.036541
          ],
          [
            30.64781,
            32.03232
          ],
          [
            30.64762,
            32.0281
          ],
          [
            30.647429,
            32.023879
          ],
          [
            30.647239,
            32.019659
          ],
          [
            30.647048,
            32.015438
          ],
          [
            30.646858,
            32.011218
          ],
          [
            30.646667,
            32.006997
          ],
          [
            30.646477,
            32.002777
          ],
          [
            30.646286,
            31.998556
          ],
          [
            30.646096,
            31.994336
          ],
          [
            30.645905,
            31.990115
          ],
          [
            30.645715,
            31.985895
          ],
          [
            30.645524,
            31.981674
          ],
          [
            30.645334,
            31.977454
          ],
          [
            30.645143,
            31.973233
          ],
          [
            30.644953,
            31.969013
          ],
          [
            30.644762,
            31.964792
          ],
          [
            30.644572,
            31.960572
          ],
          [
            30.644382,
            31.956351
          ],
          [
            30.644191,
            31.952131
          ],
          [
            30.644001,
            31.94791
          ],
          [
            30.64381,
            31.943689
          ],
          [
            30.64362,
            31.939469
          ],
          [
            30.64343,
            31.935248
          ]
        ]
      },
      "properties": {
        "feature_type": "trajectory_line",
        "particle_id": "00007_01339_persistent_0003_p004_w040",
        "windage_factor": 0.04,
        "initial_point": [
          30.652577,
          32.137832
        ],
        "terminal_point": [
          30.64343,
          31.935248
        ],
        "step_count": 48,
        "total_distance_m": 22480.61,
        "net_displacement_m": 22480.61
      }
    },
    {
      "type": "Feature",
      "id": "00007_01339_persistent_0003_p005_w010",
      "geometry": {
        "type": "LineString",
        "coordinates": [
          [
            30.627533,
            32.109421
          ],
          [
            30.625339,
            32.107148
          ],
          [
            30.623146,
            32.104876
          ],
          [
            30.620953,
            32.102603
          ],
          [
            30.61876,
            32.100331
          ],
          [
            30.616567,
            32.098058
          ],
          [
            30.614374,
            32.095786
          ],
          [
            30.612181,
            32.093513
          ],
          [
            30.609988,
            32.09124
          ],
          [
            30.607795,
            32.088968
          ],
          [
            30.605603,
            32.086695
          ],
          [
            30.60341,
            32.084423
          ],
          [
            30.601217,
            32.08215
          ],
          [
            30.599025,
            32.079878
          ],
          [
            30.596832,
            32.077605
          ],
          [
            30.59464,
            32.075333
          ],
          [
            30.592447,
            32.07306
          ],
          [
            30.590255,
            32.070787
          ],
          [
            30.588062,
            32.068515
          ],
          [
            30.58587,
            32.066242
          ],
          [
            30.583678,
            32.06397
          ],
          [
            30.581486,
            32.061697
          ],
          [
            30.579294,
            32.059425
          ],
          [
            30.577102,
            32.057152
          ],
          [
            30.57491,
            32.054879
          ],
          [
            30.572718,
            32.052607
          ],
          [
            30.570526,
            32.050334
          ],
          [
            30.568334,
            32.048062
          ],
          [
            30.566142,
            32.045789
          ],
          [
            30.56395,
            32.043517
          ],
          [
            30.561759,
            32.041244
          ],
          [
            30.559567,
            32.038971
          ],
          [
            30.557376,
            32.036699
          ],
          [
            30.555184,
            32.034426
          ],
          [
            30.552993,
            32.032154
          ],
          [
            30.550801,
            32.029881
          ],
          [
            30.54861,
            32.027609
          ],
          [
            30.546419,
            32.025336
          ],
          [
            30.544227,
            32.023063
          ],
          [
            30.542036,
            32.020791
          ],
          [
            30.539845,
            32.018518
          ],
          [
            30.537654,
            32.016246
          ],
          [
            30.535463,
            32.013973
          ],
          [
            30.533272,
            32.0117
          ],
          [
            30.531081,
            32.009428
          ],
          [
            30.52889,
            32.007155
          ],
          [
            30.526699,
            32.004883
          ],
          [
            30.524509,
            32.00261
          ]
        ]
      },
      "properties": {
        "feature_type": "trajectory_line",
        "particle_id": "00007_01339_persistent_0003_p005_w010",
        "windage_factor": 0.01,
        "initial_point": [
          30.629726,
          32.111693
        ],
        "terminal_point": [
          30.524509,
          32.00261
        ],
        "step_count": 48,
        "total_distance_m": 15653.67,
        "net_displacement_m": 15653.67
      }
    },
    {
      "type": "Feature",
      "id": "00007_01339_persistent_0003_p006_w020",
      "geometry": {
        "type": "LineString",
        "coordinates": [
          [
            30.6282,
            32.108772
          ],
          [
            30.626674,
            32.10585
          ],
          [
            30.625149,
            32.102928
          ],
          [
            30.623623,
            32.100006
          ],
          [
            30.622097,
            32.097084
          ],
          [
            30.620572,
            32.094162
          ],
          [
            30.619046,
            32.09124
          ],
          [
            30.617521,
            32.088319
          ],
          [
            30.615996,
            32.085397
          ],
          [
            30.61447,
            32.082475
          ],
          [
            30.612945,
            32.079553
          ],
          [
            30.61142,
            32.076631
          ],
          [
            30.609895,
            32.073709
          ],
          [
            30.608369,
            32.070787
          ],
          [
            30.606844,
            32.067866
          ],
          [
            30.605319,
            32.064944
          ],
          [
            30.603794,
            32.062022
          ],
          [
            30.602269,
            32.0591
          ],
          [
            30.600744,
            32.056178
          ],
          [
            30.59922,
            32.053256
          ],
          [
            30.597695,
            32.050334
          ],
          [
            30.59617,
            32.047412
          ],
          [
            30.594645,
            32.044491
          ],
          [
            30.593121,
            32.041569
          ],
          [
            30.591596,
            32.038647
          ],
          [
            30.590072,
            32.035725
          ],
          [
            30.588547,
            32.032803
          ],
          [
            30.587023,
            32.029881
          ],
          [
            30.585498,
            32.026959
          ],
          [
            30.583974,
            32.024037
          ],
          [
            30.582449,
            32.021115
          ],
          [
            30.580925,
            32.018194
          ],
          [
            30.579401,
            32.015272
          ],
          [
            30.577877,
            32.01235
          ],
          [
            30.576353,
            32.009428
          ],
          [
            30.574829,
            32.006506
          ],
          [
            30.573305,
            32.003584
          ],
          [
            30.571781,
            32.000662
          ],
          [
            30.570257,
            31.99774
          ],
          [
            30.568733,
            31.994818
          ],
          [
            30.567209,
            31.991897
          ],
          [
            30.565685,
            31.988975
          ],
          [
            30.564161,
            31.986053
          ],
          [
            30.562638,
            31.983131
          ],
          [
            30.561114,
            31.980209
          ],
          [
            30.55959,
            31.977287
          ],
          [
            30.558067,
            31.974365
          ],
          [
            30.556543,
            31.971443
          ]
        ]
      },
      "properties": {
        "feature_type": "trajectory_line",
        "particle_id": "00007_01339_persistent_0003_p006_w020",
        "windage_factor": 0.02,
        "initial_point": [
          30.629726,
          32.111693
        ],
        "terminal_point": [
          30.556543,
          31.971443
        ],
        "step_count": 48,
        "total_distance_m": 17018.83,
        "net_displacement_m": 17018.83
      }
    },
    {
      "type": "Feature",
      "id": "00007_01339_persistent_0003_p007_w030",
      "geometry": {
        "type": "LineString",
        "coordinates": [
          [
            30.628868,
            32.108122
          ],
          [
            30.628009,
            32.104551
          ],
          [
            30.627151,
            32.10098
          ],
          [
            30.626293,
            32.097409
          ],
          [
            30.625435,
            32.093838
          ],
          [
            30.624577,
            32.090266
          ],
          [
            30.623719,
            32.086695
          ],
          [
            30.622861,
            32.083124
          ],
          [
            30.622003,
            32.079553
          ],
          [
            30.621145,
            32.075982
          ],
          [
            30.620287,
            32.072411
          ],
          [
            30.619429,
            32.068839
          ],
          [
            30.618571,
            32.065268
          ],
          [
            30.617713,
            32.061697
          ],
          [
            30.616856,
            32.058126
          ],
          [
            30.615998,
            32.054555
          ],
          [
            30.61514,
            32.050984
          ],
          [
            30.614282,
            32.047412
          ],
          [
            30.613425,
            32.043841
          ],
          [
            30.612567,
            32.04027
          ],
          [
            30.61171,
            32.036699
          ],
          [
            30.610852,
            32.033128
          ],
          [
            30.609995,
            32.029556
          ],
          [
            30.609137,
            32.025985
          ],
          [
            30.60828,
            32.022414
          ],
          [
            30.607422,
            32.018843
          ],
          [
            30.606565,
            32.015272
          ],
          [
            30.605708,
            32.011701
          ],
          [
            30.60485,
            32.008129
          ],
          [
            30.603993,
            32.004558
          ],
          [
            30.603136,
            32.000987
          ],
          [
            30.602278,
            31.997416
          ],
          [
            30.601421,
            31.993844
          ],
          [
            30.600564,
            31.990273
          ],
          [
            30.599707,
            31.986702
          ],
          [
            30.59885,
            31.983131
          ],
          [
            30.597993,
            31.97956
          ],
          [
            30.597136,
            31.975988
          ],
          [
            30.596279,
            31.972417
          ],
          [
            30.595422,
            31.968846
          ],
          [
            30.594565,
            31.965275
          ],
          [
            30.593708,
            31.961703
          ],
          [
            30.592851,
            31.958132
          ],
          [
            30.591994,
            31.954561
          ],
          [
            30.591138,
            31.95099
          ],
          [
            30.590281,
            31.947419
          ],
          [
            30.589424,
            31.943847
          ],
          [
            30.588568,
            31.940276
          ]
        ]
      },
      "properties": {
        "feature_type": "trajectory_line",
        "particle_id": "00007_01339_persistent_0003_p007_w030",
        "windage_factor": 0.03,
        "initial_point": [
          30.629726,
          32.111693
        ],
        "terminal_point": [
          30.588568,
          31.940276
        ],
        "step_count": 48,
        "total_distance_m": 19401.56,
        "net_displacement_m": 19401.56
      }
    },
    {
      "type": "Feature",
      "id": "00007_01339_persistent_0003_p008_w040",
      "geometry": {
        "type": "LineString",
        "coordinates": [
          [
            30.629535,
            32.107473
          ],
          [
            30.629344,
            32.103252
          ],
          [
            30.629154,
            32.099032
          ],
          [
            30.628963,
            32.094812
          ],
          [
            30.628772,
            32.090591
          ],
          [
            30.628582,
            32.086371
          ],
          [
            30.628391,
            32.08215
          ],
          [
            30.6282,
            32.07793
          ],
          [
            30.62801,
            32.073709
          ],
          [
            30.627819,
            32.069489
          ],
          [
            30.627628,
            32.065268
          ],
          [
            30.627438,
            32.061048
          ],
          [
            30.627247,
            32.056827
          ],
          [
            30.627057,
            32.052607
          ],
          [
            30.626866,
            32.048386
          ],
          [
            30.626675,
            32.044166
          ],
          [
            30.626485,
            32.039945
          ],
          [
            30.626294,
            32.035725
          ],
          [
            30.626104,
            32.031504
          ],
          [
            30.625913,
            32.027284
          ],
          [
            30.625723,
            32.023063
          ],
          [
            30.625532,
            32.018843
          ],
          [
            30.625341,
            32.014622
          ],
          [
            30.625151,
            32.010402
          ],
          [
            30.62496,
            32.006181
          ],
          [
            30.62477,
            32.001961
          ],
          [
            30.624579,
            31.99774
          ],
          [
            30.624389,
            31.99352
          ],
          [
            30.624198,
            31.989299
          ],
          [
            30.624008,
            31.985079
          ],
          [
            30.623818,
            31.980858
          ],
          [
            30.623627,
            31.976638
          ],
          [
            30.623437,
            31.972417
          ],
          [
            30.623246,
            31.968197
          ],
          [
            30.623056,
            31.963976
          ],
          [
            30.622865,
            31.959756
          ],
          [
            30.622675,
            31.955535
          ],
          [
            30.622485,
            31.951314
          ],
          [
            30.622294,
            31.947094
          ],
          [
            30.622104,
            31.942873
          ],
          [
            30.621913,
            31.938653
          ],
          [
            30.621723,
            31.934432
          ],
          [
            30.621533,
            31.930212
          ],
          [
            30.621342,
            31.925991
          ],
          [
            30.621152,
            31.921771
          ],
          [
            30.620962,
            31.91755
          ],
          [
            30.620771,
            31.913329
          ],
          [
            30.620581,
            31.909109
          ]
        ]
      },
      "properties": {
        "feature_type": "trajectory_line",
        "particle_id": "00007_01339_persistent_0003_p008_w040",
        "windage_factor": 0.04,
        "initial_point": [
          30.629726,
          32.111693
        ],
        "terminal_point": [
          30.620581,
          31.909109
        ],
        "step_count": 48,
        "total_distance_m": 22480.61,
        "net_displacement_m": 22480.61
      }
    },
    {
      "type": "Feature",
      "id": "00007_01339_persistent_0003_p009_w010",
      "geometry": {
        "type": "LineString",
        "coordinates": [
          [
            30.664326,
            32.166841
          ],
          [
            30.662132,
            32.164569
          ],
          [
            30.659937,
            32.162296
          ],
          [
            30.657742,
            32.160024
          ],
          [
            30.655548,
            32.157751
          ],
          [
            30.653354,
            32.155479
          ],
          [
            30.651159,
            32.153206
          ],
          [
            30.648965,
            32.150933
          ],
          [
            30.646771,
            32.148661
          ],
          [
            30.644577,
            32.146388
          ],
          [
            30.642382,
            32.144116
          ],
          [
            30.640188,
            32.141843
          ],
          [
            30.637994,
            32.139571
          ],
          [
            30.6358,
            32.137298
          ],
          [
            30.633606,
            32.135026
          ],
          [
            30.631413,
            32.132753
          ],
          [
            30.629219,
            32.130481
          ],
          [
            30.627025,
            32.128208
          ],
          [
            30.624831,
            32.125936
          ],
          [
            30.622638,
            32.123663
          ],
          [
            30.620444,
            32.12139
          ],
          [
            30.618251,
            32.119118
          ],
          [
            30.616057,
            32.116845
          ],
          [
            30.613864,
            32.114573
          ],
          [
            30.61167,
            32.1123
          ],
          [
            30.609477,
            32.110028
          ],
          [
            30.607284,
            32.107755
          ],
          [
            30.605091,
            32.105483
          ],
          [
            30.602897,
            32.10321
          ],
          [
            30.600704,
            32.100938
          ],
          [
            30.598511,
            32.098665
          ],
          [
            30.596318,
            32.096392
          ],
          [
            30.594125,
            32.09412
          ],
          [
            30.591932,
            32.091847
          ],
          [
            30.58974,
            32.089575
          ],
          [
            30.587547,
            32.087302
          ],
          [
            30.585354,
            32.08503
          ],
          [
            30.583161,
            32.082757
          ],
          [
            30.580969,
            32.080485
          ],
          [
            30.578776,
            32.078212
          ],
          [
            30.576584,
            32.075939
          ],
          [
            30.574391,
            32.073667
          ],
          [
            30.572199,
            32.071394
          ],
          [
            30.570007,
            32.069122
          ],
          [
            30.567814,
            32.066849
          ],
          [
            30.565622,
            32.064577
          ],
          [
            30.56343,
            32.062304
          ],
          [
            30.561238,
            32.060031
          ]
        ]
      },
      "properties": {
        "feature_type": "trajectory_line",
        "particle_id": "00007_01339_persistent_0003_p009_w010",
        "windage_factor": 0.01,
        "initial_point": [
          30.666521,
          32.169114
        ],
        "terminal_point": [
          30.561238,
          32.060031
        ],
        "step_count": 48,
        "total_distance_m": 15653.67,
        "net_displacement_m": 15653.67
      }
    },
    {
      "type": "Feature",
      "id": "00007_01339_persistent_0003_p010_w020",
      "geometry": {
        "type": "LineString",
        "coordinates": [
          [
            30.664994,
            32.166192
          ],
          [
            30.663467,
            32.16327
          ],
          [
            30.661941,
            32.160348
          ],
          [
            30.660414,
            32.157426
          ],
          [
            30.658888,
            32.154505
          ],
          [
            30.657361,
            32.151583
          ],
          [
            30.655835,
            32.148661
          ],
          [
            30.654308,
            32.145739
          ],
          [
            30.652782,
            32.142817
          ],
          [
            30.651256,
            32.139895
          ],
          [
            30.649729,
            32.136974
          ],
          [
            30.648203,
            32.134052
          ],
          [
            30.646677,
            32.13113
          ],
          [
            30.645151,
            32.128208
          ],
          [
            30.643625,
            32.125286
          ],
          [
            30.642099,
            32.122364
          ],
          [
            30.640573,
            32.119443
          ],
          [
            30.639047,
            32.116521
          ],
          [
            30.637521,
            32.113599
          ],
          [
            30.635995,
            32.110677
          ],
          [
            30.63447,
            32.107755
          ],
          [
            30.632944,
            32.104833
          ],
          [
            30.631418,
            32.101911
          ],
          [
            30.629893,
            32.09899
          ],
          [
            30.628367,
            32.096068
          ],
          [
            30.626842,
            32.093146
          ],
          [
            30.625316,
            32.090224
          ],
          [
            30.623791,
            32.087302
          ],
          [
            30.622265,
            32.08438
          ],
          [
            30.62074,
            32.081458
          ],
          [
            30.619215,
            32.078537
          ],
          [
            30.61769,
            32.075615
          ],
          [
            30.616164,
            32.072693
          ],
          [
            30.614639,
            32.069771
          ],
          [
            30.613114,
            32.066849
          ],
          [
            30.611589,
            32.063927
          ],
          [
            30.610064,
            32.061005
          ],
          [
            30.608539,
            32.058084
          ],
          [
            30.607014,
            32.055162
          ],
          [
            30.60549,
            32.05224
          ],
          [
            30.603965,
            32.049318
          ],
          [
            30.60244,
            32.046396
          ],
          [
            30.600915,
            32.043474
          ],
          [
            30.599391,
            32.040552
          ],
          [
            30.597866,
            32.03763
          ],
          [
            30.596342,
            32.034709
          ],
          [
            30.594817,
            32.031787
          ],
          [
            30.593293,
            32.028865
          ]
        ]
      },
      "properties": {
        "feature_type": "trajectory_line",
        "particle_id": "00007_01339_persistent_0003_p010_w020",
        "windage_factor": 0.02,
        "initial_point": [
          30.666521,
          32.169114
        ],
        "terminal_point": [
          30.593293,
          32.028865
        ],
        "step_count": 48,
        "total_distance_m": 17018.83,
        "net_displacement_m": 17018.83
      }
    },
    {
      "type": "Feature",
      "id": "00007_01339_persistent_0003_p011_w030",
      "geometry": {
        "type": "LineString",
        "coordinates": [
          [
            30.665662,
            32.165543
          ],
          [
            30.664803,
            32.161971
          ],
          [
            30.663945,
            32.1584
          ],
          [
            30.663086,
            32.154829
          ],
          [
            30.662227,
            32.151258
          ],
          [
            30.661369,
            32.147687
          ],
          [
            30.66051,
            32.144116
          ],
          [
            30.659651,
            32.140545
          ],
          [
            30.658793,
            32.136974
          ],
          [
            30.657934,
            32.133402
          ],
          [
            30.657076,
            32.129831
          ],
          [
            30.656218,
            32.12626
          ],
          [
            30.655359,
            32.122689
          ],
          [
            30.654501,
            32.119118
          ],
          [
            30.653643,
            32.115547
          ],
          [
            30.652784,
            32.111976
          ],
          [
            30.651926,
            32.108404
          ],
          [
            30.651068,
            32.104833
          ],
          [
            30.65021,
            32.101262
          ],
          [
            30.649351,
            32.097691
          ],
          [
            30.648493,
            32.09412
          ],
          [
            30.647635,
            32.090549
          ],
          [
            30.646777,
            32.086978
          ],
          [
            30.645919,
            32.083406
          ],
          [
            30.645061,
            32.079835
          ],
          [
            30.644203,
            32.076264
          ],
          [
            30.643345,
            32.072693
          ],
          [
            30.642487,
            32.069122
          ],
          [
            30.64163,
            32.065551
          ],
          [
            30.640772,
            32.061979
          ],
          [
            30.639914,
            32.058408
          ],
          [
            30.639056,
            32.054837
          ],
          [
            30.638199,
            32.051266
          ],
          [
            30.637341,
            32.047695
          ],
          [
            30.636483,
            32.044123
          ],
          [
            30.635626,
            32.040552
          ],
          [
            30.634768,
            32.036981
          ],
          [
            30.63391,
            32.03341
          ],
          [
            30.633053,
            32.029839
          ],
          [
            30.632195,
            32.026268
          ],
          [
            30.631338,
            32.022696
          ],
          [
            30.630481,
            32.019125
          ],
          [
            30.629623,
            32.015554
          ],
          [
            30.628766,
            32.011983
          ],
          [
            30.627909,
            32.008412
          ],
          [
            30.627051,
            32.00484
          ],
          [
            30.626194,
            32.001269
          ],
          [
            30.625337,
            31.997698
          ]
        ]
      },
      "properties": {
        "feature_type": "trajectory_line",
        "particle_id": "00007_01339_persistent_0003_p011_w030",
        "windage_factor": 0.03,
        "initial_point": [
          30.666521,
          32.169114
        ],
        "terminal_point": [
          30.625337,
          31.997698
        ],
        "step_count": 48,
        "total_distance_m": 19401.56,
        "net_displacement_m": 19401.56
      }
    },
    {
      "type": "Feature",
      "id": "00007_01339_persistent_0003_p012_w040",
      "geometry": {
        "type": "LineString",
        "coordinates": [
          [
            30.66633,
            32.164893
          ],
          [
            30.666139,
            32.160673
          ],
          [
            30.665948,
            32.156452
          ],
          [
            30.665758,
            32.152232
          ],
          [
            30.665567,
            32.148012
          ],
          [
            30.665376,
            32.143791
          ],
          [
            30.665185,
            32.139571
          ],
          [
            30.664994,
            32.13535
          ],
          [
            30.664804,
            32.13113
          ],
          [
            30.664613,
            32.126909
          ],
          [
            30.664422,
            32.122689
          ],
          [
            30.664231,
            32.118469
          ],
          [
            30.664041,
            32.114248
          ],
          [
            30.66385,
            32.110028
          ],
          [
            30.663659,
            32.105807
          ],
          [
            30.663468,
            32.101587
          ],
          [
            30.663278,
            32.097366
          ],
          [
            30.663087,
            32.093146
          ],
          [
            30.662896,
            32.088925
          ],
          [
            30.662706,
            32.084705
          ],
          [
            30.662515,
            32.080485
          ],
          [
            30.662324,
            32.076264
          ],
          [
            30.662134,
            32.072044
          ],
          [
            30.661943,
            32.067823
          ],
          [
            30.661752,
            32.063603
          ],
          [
            30.661562,
            32.059382
          ],
          [
            30.661371,
            32.055162
          ],
          [
            30.661181,
            32.050941
          ],
          [
            30.66099,
            32.046721
          ],
          [
            30.660799,
            32.0425
          ],
          [
            30.660609,
            32.03828
          ],
          [
            30.660418,
            32.034059
          ],
          [
            30.660228,
            32.029839
          ],
          [
            30.660037,
            32.025618
          ],
          [
            30.659847,
            32.021398
          ],
          [
            30.659656,
            32.017177
          ],
          [
            30.659466,
            32.012957
          ],
          [
            30.659275,
            32.008736
          ],
          [
            30.659085,
            32.004516
          ],
          [
            30.658894,
            32.000295
          ],
          [
            30.658704,
            31.996075
          ],
          [
            30.658513,
            31.991854
          ],
          [
            30.658323,
            31.987634
          ],
          [
            30.658132,
            31.983413
          ],
          [
            30.657942,
            31.979193
          ],
          [
            30.657751,
            31.974972
          ],
          [
            30.657561,
            31.970751
          ],
          [
            30.65737,
            31.966531
          ]
        ]
      },
      "properties": {
        "feature_type": "trajectory_line",
        "particle_id": "00007_01339_persistent_0003_p012_w040",
        "windage_factor": 0.04,
        "initial_point": [
          30.666521,
          32.169114
        ],
        "terminal_point": [
          30.65737,
          31.966531
        ],
        "step_count": 48,
        "total_distance_m": 22480.61,
        "net_displacement_m": 22480.61
      }
    },
    {
      "type": "Feature",
      "id": "00007_01339_persistent_0003_p013_w010",
      "geometry": {
        "type": "LineString",
        "coordinates": [
          [
            30.667398,
            32.171054
          ],
          [
            30.665204,
            32.168782
          ],
          [
            30.663009,
            32.166509
          ],
          [
            30.660814,
            32.164237
          ],
          [
            30.65862,
            32.161964
          ],
          [
            30.656425,
            32.159692
          ],
          [
            30.654231,
            32.157419
          ],
          [
            30.652036,
            32.155147
          ],
          [
            30.649842,
            32.152874
          ],
          [
            30.647648,
            32.150601
          ],
          [
            30.645454,
            32.148329
          ],
          [
            30.643259,
            32.146056
          ],
          [
            30.641065,
            32.143784
          ],
          [
            30.638871,
            32.141511
          ],
          [
            30.636677,
            32.139239
          ],
          [
            30.634483,
            32.136966
          ],
          [
            30.632289,
            32.134694
          ],
          [
            30.630095,
            32.132421
          ],
          [
            30.627902,
            32.130149
          ],
          [
            30.625708,
            32.127876
          ],
          [
            30.623514,
            32.125604
          ],
          [
            30.621321,
            32.123331
          ],
          [
            30.619127,
            32.121058
          ],
          [
            30.616934,
            32.118786
          ],
          [
            30.61474,
            32.116513
          ],
          [
            30.612547,
            32.114241
          ],
          [
            30.610353,
            32.111968
          ],
          [
            30.60816,
            32.109696
          ],
          [
            30.605967,
            32.107423
          ],
          [
            30.603774,
            32.105151
          ],
          [
            30.60158,
            32.102878
          ],
          [
            30.599387,
            32.100606
          ],
          [
            30.597194,
            32.098333
          ],
          [
            30.595001,
            32.09606
          ],
          [
            30.592808,
            32.093788
          ],
          [
            30.590615,
            32.091515
          ],
          [
            30.588423,
            32.089243
          ],
          [
            30.58623,
            32.08697
          ],
          [
            30.584037,
            32.084698
          ],
          [
            30.581845,
            32.082425
          ],
          [
            30.579652,
            32.080153
          ],
          [
            30.577459,
            32.07788
          ],
          [
            30.575267,
            32.075607
          ],
          [
            30.573074,
            32.073335
          ],
          [
            30.570882,
            32.071062
          ],
          [
            30.56869,
            32.06879
          ],
          [
            30.566497,
            32.066517
          ],
          [
            30.564305,
            32.064245
          ]
        ]
      },
      "properties": {
        "feature_type": "trajectory_line",
        "particle_id": "00007_01339_persistent_0003_p013_w010",
        "windage_factor": 0.01,
        "initial_point": [
          30.669593,
          32.173327
        ],
        "terminal_point": [
          30.564305,
          32.064245
        ],
        "step_count": 48,
        "total_distance_m": 15653.67,
        "net_displacement_m": 15653.67
      }
    },
    {
      "type": "Feature",
      "id": "00007_01339_persistent_0003_p014_w020",
      "geometry": {
        "type": "LineString",
        "coordinates": [
          [
            30.668066,
            32.170405
          ],
          [
            30.66654,
            32.167483
          ],
          [
            30.665013,
            32.164561
          ],
          [
            30.663486,
            32.161639
          ],
          [
            30.66196,
            32.158718
          ],
          [
            30.660433,
            32.155796
          ],
          [
            30.658906,
            32.152874
          ],
          [
            30.65738,
            32.149952
          ],
          [
            30.655854,
            32.14703
          ],
          [
            30.654327,
            32.144109
          ],
          [
            30.652801,
            32.141187
          ],
          [
            30.651275,
            32.138265
          ],
          [
            30.649748,
            32.135343
          ],
          [
            30.648222,
            32.132421
          ],
          [
            30.646696,
            32.129499
          ],
          [
            30.64517,
            32.126578
          ],
          [
            30.643644,
            32.123656
          ],
          [
            30.642118,
            32.120734
          ],
          [
            30.640592,
            32.117812
          ],
          [
            30.639066,
            32.11489
          ],
          [
            30.63754,
            32.111968
          ],
          [
            30.636015,
            32.109046
          ],
          [
            30.634489,
            32.106125
          ],
          [
            30.632963,
            32.103203
          ],
          [
            30.631438,
            32.100281
          ],
          [
            30.629912,
            32.097359
          ],
          [
            30.628387,
            32.094437
          ],
          [
            30.626861,
            32.091515
          ],
          [
            30.625336,
            32.088593
          ],
          [
            30.62381,
            32.085672
          ],
          [
            30.622285,
            32.08275
          ],
          [
            30.62076,
            32.079828
          ],
          [
            30.619234,
            32.076906
          ],
          [
            30.617709,
            32.073984
          ],
          [
            30.616184,
            32.071062
          ],
          [
            30.614659,
            32.06814
          ],
          [
            30.613134,
            32.065219
          ],
          [
            30.611609,
            32.062297
          ],
          [
            30.610084,
            32.059375
          ],
          [
            30.608559,
            32.056453
          ],
          [
            30.607034,
            32.053531
          ],
          [
            30.605509,
            32.050609
          ],
          [
            30.603985,
            32.047687
          ],
          [
            30.60246,
            32.044765
          ],
          [
            30.600935,
            32.041844
          ],
          [
            30.599411,
            32.038922
          ],
          [
            30.597886,
            32.036
          ],
          [
            30.596362,
            32.033078
          ]
        ]
      },
      "properties": {
        "feature_type": "trajectory_line",
        "particle_id": "00007_01339_persistent_0003_p014_w020",
        "windage_factor": 0.02,
        "initial_point": [
          30.669593,
          32.173327
        ],
        "terminal_point": [
          30.596362,
          32.033078
        ],
        "step_count": 48,
        "total_distance_m": 17018.83,
        "net_displacement_m": 17018.83
      }
    },
    {
      "type": "Feature",
      "id": "00007_01339_persistent_0003_p015_w030",
      "geometry": {
        "type": "LineString",
        "coordinates": [
          [
            30.668734,
            32.169756
          ],
          [
            30.667875,
            32.166185
          ],
          [
            30.667017,
            32.162613
          ],
          [
            30.666158,
            32.159042
          ],
          [
            30.665299,
            32.155471
          ],
          [
            30.664441,
            32.1519
          ],
          [
            30.663582,
            32.148329
          ],
          [
            30.662723,
            32.144758
          ],
          [
            30.661865,
            32.141187
          ],
          [
            30.661006,
            32.137616
          ],
          [
            30.660148,
            32.134044
          ],
          [
            30.659289,
            32.130473
          ],
          [
            30.658431,
            32.126902
          ],
          [
            30.657573,
            32.123331
          ],
          [
            30.656714,
            32.11976
          ],
          [
            30.655856,
            32.116189
          ],
          [
            30.654998,
            32.112618
          ],
          [
            30.654139,
            32.109046
          ],
          [
            30.653281,
            32.105475
          ],
          [
            30.652423,
            32.101904
          ],
          [
            30.651565,
            32.098333
          ],
          [
            30.650707,
            32.094762
          ],
          [
            30.649849,
            32.091191
          ],
          [
            30.648991,
            32.08762
          ],
          [
            30.648132,
            32.084048
          ],
          [
            30.647274,
            32.080477
          ],
          [
            30.646417,
            32.076906
          ],
          [
            30.645559,
            32.073335
          ],
          [
            30.644701,
            32.069764
          ],
          [
            30.643843,
            32.066193
          ],
          [
            30.642985,
            32.062621
          ],
          [
            30.642127,
            32.05905
          ],
          [
            30.64127,
            32.055479
          ],
          [
            30.640412,
            32.051908
          ],
          [
            30.639554,
            32.048337
          ],
          [
            30.638696,
            32.044765
          ],
          [
            30.637839,
            32.041194
          ],
          [
            30.636981,
            32.037623
          ],
          [
            30.636124,
            32.034052
          ],
          [
            30.635266,
            32.030481
          ],
          [
            30.634409,
            32.02691
          ],
          [
            30.633551,
            32.023338
          ],
          [
            30.632694,
            32.019767
          ],
          [
            30.631836,
            32.016196
          ],
          [
            30.630979,
            32.012625
          ],
          [
            30.630122,
            32.009054
          ],
          [
            30.629264,
            32.005482
          ],
          [
            30.628407,
            32.001911
          ]
        ]
      },
      "properties": {
        "feature_type": "trajectory_line",
        "particle_id": "00007_01339_persistent_0003_p015_w030",
        "windage_factor": 0.03,
        "initial_point": [
          30.669593,
          32.173327
        ],
        "terminal_point": [
          30.628407,
          32.001911
        ],
        "step_count": 48,
        "total_distance_m": 19401.56,
        "net_displacement_m": 19401.56
      }
    },
    {
      "type": "Feature",
      "id": "00007_01339_persistent_0003_p016_w040",
      "geometry": {
        "type": "LineString",
        "coordinates": [
          [
            30.669402,
            32.169106
          ],
          [
            30.669211,
            32.164886
          ],
          [
            30.669021,
            32.160666
          ],
          [
            30.66883,
            32.156445
          ],
          [
            30.668639,
            32.152225
          ],
          [
            30.668448,
            32.148004
          ],
          [
            30.668257,
            32.143784
          ],
          [
            30.668067,
            32.139563
          ],
          [
            30.667876,
            32.135343
          ],
          [
            30.667685,
            32.131123
          ],
          [
            30.667494,
            32.126902
          ],
          [
            30.667303,
            32.122682
          ],
          [
            30.667113,
            32.118461
          ],
          [
            30.666922,
            32.114241
          ],
          [
            30.666731,
            32.11002
          ],
          [
            30.666541,
            32.1058
          ],
          [
            30.66635,
            32.10158
          ],
          [
            30.666159,
            32.097359
          ],
          [
            30.665968,
            32.093139
          ],
          [
            30.665778,
            32.088918
          ],
          [
            30.665587,
            32.084698
          ],
          [
            30.665396,
            32.080477
          ],
          [
            30.665206,
            32.076257
          ],
          [
            30.665015,
            32.072036
          ],
          [
            30.664824,
            32.067816
          ],
          [
            30.664634,
            32.063595
          ],
          [
            30.664443,
            32.059375
          ],
          [
            30.664253,
            32.055154
          ],
          [
            30.664062,
            32.050934
          ],
          [
            30.663871,
            32.046713
          ],
          [
            30.663681,
            32.042493
          ],
          [
            30.66349,
            32.038272
          ],
          [
            30.6633,
            32.034052
          ],
          [
            30.663109,
            32.029831
          ],
          [
            30.662919,
            32.025611
          ],
          [
            30.662728,
            32.02139
          ],
          [
            30.662537,
            32.01717
          ],
          [
            30.662347,
            32.012949
          ],
          [
            30.662156,
            32.008729
          ],
          [
            30.661966,
            32.004508
          ],
          [
            30.661775,
            32.000288
          ],
          [
            30.661585,
            31.996067
          ],
          [
            30.661394,
            31.991847
          ],
          [
            30.661204,
            31.987626
          ],
          [
            30.661013,
            31.983406
          ],
          [
            30.660823,
            31.979185
          ],
          [
            30.660633,
            31.974965
          ],
          [
            30.660442,
            31.970744
          ]
        ]
      },
      "properties": {
        "feature_type": "trajectory_line",
        "particle_id": "00007_01339_persistent_0003_p016_w040",
        "windage_factor": 0.04,
        "initial_point": [
          30.669593,
          32.173327
        ],
        "terminal_point": [
          30.660442,
          31.970744
        ],
        "step_count": 48,
        "total_distance_m": 22480.61,
        "net_displacement_m": 22480.61
      }
    },
    {
      "type": "Feature",
      "id": "00007_01339_persistent_0003_p017_w010",
      "geometry": {
        "type": "LineString",
        "coordinates": [
          [
            30.667488,
            32.171054
          ],
          [
            30.665293,
            32.168782
          ],
          [
            30.663099,
            32.166509
          ],
          [
            30.660904,
            32.164237
          ],
          [
            30.65871,
            32.161964
          ],
          [
            30.656515,
            32.159692
          ],
          [
            30.654321,
            32.157419
          ],
          [
            30.652126,
            32.155147
          ],
          [
            30.649932,
            32.152874
          ],
          [
            30.647738,
            32.150601
          ],
          [
            30.645543,
            32.148329
          ],
          [
            30.643349,
            32.146056
          ],
          [
            30.641155,
            32.143784
          ],
          [
            30.638961,
            32.141511
          ],
          [
            30.636767,
            32.139239
          ],
          [
            30.634573,
            32.136966
          ],
          [
            30.632379,
            32.134694
          ],
          [
            30.630185,
            32.132421
          ],
          [
            30.627991,
            32.130149
          ],
          [
            30.625798,
            32.127876
          ],
          [
            30.623604,
            32.125604
          ],
          [
            30.62141,
            32.123331
          ],
          [
            30.619217,
            32.121058
          ],
          [
            30.617023,
            32.118786
          ],
          [
            30.61483,
            32.116513
          ],
          [
            30.612636,
            32.114241
          ],
          [
            30.610443,
            32.111968
          ],
          [
            30.60825,
            32.109696
          ],
          [
            30.606057,
            32.107423
          ],
          [
            30.603863,
            32.105151
          ],
          [
            30.60167,
            32.102878
          ],
          [
            30.599477,
            32.100606
          ],
          [
            30.597284,
            32.098333
          ],
          [
            30.595091,
            32.09606
          ],
          [
            30.592898,
            32.093788
          ],
          [
            30.590705,
            32.091515
          ],
          [
            30.588512,
            32.089243
          ],
          [
            30.58632,
            32.08697
          ],
          [
            30.584127,
            32.084698
          ],
          [
            30.581934,
            32.082425
          ],
          [
            30.579742,
            32.080153
          ],
          [
            30.577549,
            32.07788
          ],
          [
            30.575357,
            32.075607
          ],
          [
            30.573164,
            32.073335
          ],
          [
            30.570972,
            32.071062
          ],
          [
            30.56878,
            32.06879
          ],
          [
            30.566587,
            32.066517
          ],
          [
            30.564395,
            32.064245
          ]
        ]
      },
      "properties": {
        "feature_type": "trajectory_line",
        "particle_id": "00007_01339_persistent_0003_p017_w010",
        "windage_factor": 0.01,
        "initial_point": [
          30.669683,
          32.173327
        ],
        "terminal_point": [
          30.564395,
          32.064245
        ],
        "step_count": 48,
        "total_distance_m": 15653.67,
        "net_displacement_m": 15653.67
      }
    },
    {
      "type": "Feature",
      "id": "00007_01339_persistent_0003_p018_w020",
      "geometry": {
        "type": "LineString",
        "coordinates": [
          [
            30.668156,
            32.170405
          ],
          [
            30.666629,
            32.167483
          ],
          [
            30.665103,
            32.164561
          ],
          [
            30.663576,
            32.161639
          ],
          [
            30.662049,
            32.158718
          ],
          [
            30.660523,
            32.155796
          ],
          [
            30.658996,
            32.152874
          ],
          [
            30.65747,
            32.149952
          ],
          [
            30.655943,
            32.14703
          ],
          [
            30.654417,
            32.144109
          ],
          [
            30.652891,
            32.141187
          ],
          [
            30.651365,
            32.138265
          ],
          [
            30.649838,
            32.135343
          ],
          [
            30.648312,
            32.132421
          ],
          [
            30.646786,
            32.129499
          ],
          [
            30.64526,
            32.126578
          ],
          [
            30.643734,
            32.123656
          ],
          [
            30.642208,
            32.120734
          ],
          [
            30.640682,
            32.117812
          ],
          [
            30.639156,
            32.11489
          ],
          [
            30.63763,
            32.111968
          ],
          [
            30.636105,
            32.109046
          ],
          [
            30.634579,
            32.106125
          ],
          [
            30.633053,
            32.103203
          ],
          [
            30.631528,
            32.100281
          ],
          [
            30.630002,
            32.097359
          ],
          [
            30.628476,
            32.094437
          ],
          [
            30.626951,
            32.091515
          ],
          [
            30.625425,
            32.088593
          ],
          [
            30.6239,
            32.085672
          ],
          [
            30.622375,
            32.08275
          ],
          [
            30.620849,
            32.079828
          ],
          [
            30.619324,
            32.076906
          ],
          [
            30.617799,
            32.073984
          ],
          [
            30.616274,
            32.071062
          ],
          [
            30.614749,
            32.06814
          ],
          [
            30.613224,
            32.065219
          ],
          [
            30.611699,
            32.062297
          ],
          [
            30.610174,
            32.059375
          ],
          [
            30.608649,
            32.056453
          ],
          [
            30.607124,
            32.053531
          ],
          [
            30.605599,
            32.050609
          ],
          [
            30.604074,
            32.047687
          ],
          [
            30.60255,
            32.044765
          ],
          [
            30.601025,
            32.041844
          ],
          [
            30.5995,
            32.038922
          ],
          [
            30.597976,
            32.036
          ],
          [
            30.596451,
            32.033078
          ]
        ]
      },
      "properties": {
        "feature_type": "trajectory_line",
        "particle_id": "00007_01339_persistent_0003_p018_w020",
        "windage_factor": 0.02,
        "initial_point": [
          30.669683,
          32.173327
        ],
        "terminal_point": [
          30.596451,
          32.033078
        ],
        "step_count": 48,
        "total_distance_m": 17018.83,
        "net_displacement_m": 17018.83
      }
    },
    {
      "type": "Feature",
      "id": "00007_01339_persistent_0003_p019_w030",
      "geometry": {
        "type": "LineString",
        "coordinates": [
          [
            30.668824,
            32.169756
          ],
          [
            30.667965,
            32.166185
          ],
          [
            30.667107,
            32.162613
          ],
          [
            30.666248,
            32.159042
          ],
          [
            30.665389,
            32.155471
          ],
          [
            30.66453,
            32.1519
          ],
          [
            30.663672,
            32.148329
          ],
          [
            30.662813,
            32.144758
          ],
          [
            30.661955,
            32.141187
          ],
          [
            30.661096,
            32.137616
          ],
          [
            30.660238,
            32.134044
          ],
          [
            30.659379,
            32.130473
          ],
          [
            30.658521,
            32.126902
          ],
          [
            30.657662,
            32.123331
          ],
          [
            30.656804,
            32.11976
          ],
          [
            30.655946,
            32.116189
          ],
          [
            30.655087,
            32.112618
          ],
          [
            30.654229,
            32.109046
          ],
          [
            30.653371,
            32.105475
          ],
          [
            30.652513,
            32.101904
          ],
          [
            30.651655,
            32.098333
          ],
          [
            30.650796,
            32.094762
          ],
          [
            30.649938,
            32.091191
          ],
          [
            30.64908,
            32.08762
          ],
          [
            30.648222,
            32.084048
          ],
          [
            30.647364,
            32.080477
          ],
          [
            30.646506,
            32.076906
          ],
          [
            30.645648,
            32.073335
          ],
          [
            30.644791,
            32.069764
          ],
          [
            30.643933,
            32.066193
          ],
          [
            30.643075,
            32.062621
          ],
          [
            30.642217,
            32.05905
          ],
          [
            30.641359,
            32.055479
          ],
          [
            30.640502,
            32.051908
          ],
          [
            30.639644,
            32.048337
          ],
          [
            30.638786,
            32.044765
          ],
          [
            30.637929,
            32.041194
          ],
          [
            30.637071,
            32.037623
          ],
          [
            30.636214,
            32.034052
          ],
          [
            30.635356,
            32.030481
          ],
          [
            30.634498,
            32.02691
          ],
          [
            30.633641,
            32.023338
          ],
          [
            30.632784,
            32.019767
          ],
          [
            30.631926,
            32.016196
          ],
          [
            30.631069,
            32.012625
          ],
          [
            30.630212,
            32.009054
          ],
          [
            30.629354,
            32.005482
          ],
          [
            30.628497,
            32.001911
          ]
        ]
      },
      "properties": {
        "feature_type": "trajectory_line",
        "particle_id": "00007_01339_persistent_0003_p019_w030",
        "windage_factor": 0.03,
        "initial_point": [
          30.669683,
          32.173327
        ],
        "terminal_point": [
          30.628497,
          32.001911
        ],
        "step_count": 48,
        "total_distance_m": 19401.56,
        "net_displacement_m": 19401.56
      }
    },
    {
      "type": "Feature",
      "id": "00007_01339_persistent_0003_p020_w040",
      "geometry": {
        "type": "LineString",
        "coordinates": [
          [
            30.669492,
            32.169106
          ],
          [
            30.669301,
            32.164886
          ],
          [
            30.66911,
            32.160666
          ],
          [
            30.66892,
            32.156445
          ],
          [
            30.668729,
            32.152225
          ],
          [
            30.668538,
            32.148004
          ],
          [
            30.668347,
            32.143784
          ],
          [
            30.668156,
            32.139563
          ],
          [
            30.667966,
            32.135343
          ],
          [
            30.667775,
            32.131123
          ],
          [
            30.667584,
            32.126902
          ],
          [
            30.667393,
            32.122682
          ],
          [
            30.667203,
            32.118461
          ],
          [
            30.667012,
            32.114241
          ],
          [
            30.666821,
            32.11002
          ],
          [
            30.66663,
            32.1058
          ],
          [
            30.66644,
            32.10158
          ],
          [
            30.666249,
            32.097359
          ],
          [
            30.666058,
            32.093139
          ],
          [
            30.665868,
            32.088918
          ],
          [
            30.665677,
            32.084698
          ],
          [
            30.665486,
            32.080477
          ],
          [
            30.665296,
            32.076257
          ],
          [
            30.665105,
            32.072036
          ],
          [
            30.664914,
            32.067816
          ],
          [
            30.664724,
            32.063595
          ],
          [
            30.664533,
            32.059375
          ],
          [
            30.664342,
            32.055154
          ],
          [
            30.664152,
            32.050934
          ],
          [
            30.663961,
            32.046713
          ],
          [
            30.663771,
            32.042493
          ],
          [
            30.66358,
            32.038272
          ],
          [
            30.663389,
            32.034052
          ],
          [
            30.663199,
            32.029831
          ],
          [
            30.663008,
            32.025611
          ],
          [
            30.662818,
            32.02139
          ],
          [
            30.662627,
            32.01717
          ],
          [
            30.662437,
            32.012949
          ],
          [
            30.662246,
            32.008729
          ],
          [
            30.662056,
            32.004508
          ],
          [
            30.661865,
            32.000288
          ],
          [
            30.661675,
            31.996067
          ],
          [
            30.661484,
            31.991847
          ],
          [
            30.661294,
            31.987626
          ],
          [
            30.661103,
            31.983406
          ],
          [
            30.660913,
            31.979185
          ],
          [
            30.660722,
            31.974965
          ],
          [
            30.660532,
            31.970744
          ]
        ]
      },
      "properties": {
        "feature_type": "trajectory_line",
        "particle_id": "00007_01339_persistent_0003_p020_w040",
        "windage_factor": 0.04,
        "initial_point": [
          30.669683,
          32.173327
        ],
        "terminal_point": [
          30.660532,
          31.970744
        ],
        "step_count": 48,
        "total_distance_m": 22480.61,
        "net_displacement_m": 22480.61
      }
    },
    {
      "type": "Feature",
      "id": "00007_01339_persistent_0003_candidate_origin_region",
      "geometry": {
        "type": "Polygon",
        "coordinates": [
          [
            [
              30.620581,
              31.909109
            ],
            [
              30.524509,
              32.00261
            ],
            [
              30.561238,
              32.060031
            ],
            [
              30.564305,
              32.064245
            ],
            [
              30.564395,
              32.064245
            ],
            [
              30.596451,
              32.033078
            ],
            [
              30.628497,
              32.001911
            ],
            [
              30.660532,
              31.970744
            ],
            [
              30.64343,
              31.935248
            ],
            [
              30.620581,
              31.909109
            ]
          ]
        ]
      },
      "properties": {
        "feature_type": "candidate_origin_region",
        "area_m2": 103274809.41,
        "area_km2": 103.274809,
        "backtracked_duration_hours": 24.0
      }
    },
    {
      "type": "Feature",
      "id": "00007_01339_persistent_0003_trajectory_envelope",
      "geometry": {
        "type": "Polygon",
        "coordinates": [
          [
            [
              30.620581,
              31.909109
            ],
            [
              30.524509,
              32.00261
            ],
            [
              30.561238,
              32.060031
            ],
            [
              30.564305,
              32.064245
            ],
            [
              30.573074,
              32.073335
            ],
            [
              30.577459,
              32.07788
            ],
            [
              30.584037,
              32.084698
            ],
            [
              30.592808,
              32.093788
            ],
            [
              30.599387,
              32.100606
            ],
            [
              30.60816,
              32.109696
            ],
            [
              30.623514,
              32.125604
            ],
            [
              30.632289,
              32.134694
            ],
            [
              30.636677,
              32.139239
            ],
            [
              30.641065,
              32.143784
            ],
            [
              30.652036,
              32.155147
            ],
            [
              30.660814,
              32.164237
            ],
            [
              30.66959305482373,
              32.173326777440515
            ],
            [
              30.669682886352142,
              32.173326777440515
            ],
            [
              30.660532,
              31.970744
            ],
            [
              30.64343,
              31.935248
            ],
            [
              30.620581,
              31.909109
            ]
          ]
        ]
      },
      "properties": {
        "feature_type": "trajectory_envelope",
        "area_m2": 209861579.18,
        "area_km2": 209.861579
      }
    }
  ]
}