{
  "type": "FeatureCollection",
  "name": "ocean_sentinel_detections",
  "crs": {
    "type": "name",
    "properties": {
      "name": "EPSG:4326"
    }
  },
  "metadata": {
    "source_image": "00012",
    "source_crs": "EPSG:4326",
    "detection_class": "oil_spill",
    "threshold": 0.22,
    "total_detected_regions": 92,
    "filtered_regions": 0,
    "retained_regions": 92,
    "total_area_m2": 13833657.48,
    "total_area_km2": 13.833657,
    "filter_criteria": {
      "min_pixels": 0,
      "min_area_m2": 0.0,
      "connectivity": 8
    },
    "execution_time_seconds": 0.3237,
    "generated_timestamp_utc": "2026-09-20T15:48:15.996804+00:00"
  },
  "features": [
    {
      "type": "Feature",
      "id": "00012_det_0001",
      "geometry": {
        "type": "Polygon",
        "coordinates": [
          [
            [
              29.25047435976145,
              32.26819096675445
            ],
            [
              29.25047435976145,
              32.26810113522604
            ],
            [
              29.25056419128986,
              32.26810113522604
            ],
            [
              29.25056419128986,
              32.26819096675445
            ],
            [
              29.25047435976145,
              32.26819096675445
            ]
          ]
        ]
      },
      "properties": {
        "event_id": "00012_det_0001",
        "source_image": "00012",
        "detection_class": "oil_spill",
        "pixel_count": 1,
        "area_m2": 84.34,
        "area_km2": 8.4e-05,
        "geometry_crs": "EPSG:4326",
        "area_crs": "EPSG:32635",
        "area_method": "utm_projection_zone_35N",
        "centroid": [
          29.250519,
          32.268146
        ],
        "bbox": [
          29.250474,
          32.268101,
          29.250564,
          32.268191
        ],
        "threshold": 0.22,
        "probability_statistics": {
          "mean_probability": 0.23389,
          "max_probability": 0.23389,
          "min_probability": 0.23389,
          "std_probability": 0.0
        }
      }
    },
    {
      "type": "Feature",
      "id": "00012_det_0002",
      "geometry": {
        "type": "Polygon",
        "coordinates": [
          [
            [
              29.24158103844867,
              32.25309926998125
            ],
            [
              29.24158103844867,
              32.253009438452835
            ],
            [
              29.241670869977078,
              32.253009438452835
            ],
            [
              29.241670869977078,
              32.25309926998125
            ],
            [
              29.24158103844867,
              32.25309926998125
            ]
          ]
        ]
      },
      "properties": {
        "event_id": "00012_det_0002",
        "source_image": "00012",
        "detection_class": "oil_spill",
        "pixel_count": 1,
        "area_m2": 84.35,
        "area_km2": 8.4e-05,
        "geometry_crs": "EPSG:4326",
        "area_crs": "EPSG:32635",
        "area_method": "utm_projection_zone_35N",
        "centroid": [
          29.241626,
          32.253054
        ],
        "bbox": [
          29.241581,
          32.253009,
          29.241671,
          32.253099
        ],
        "threshold": 0.22,
        "probability_statistics": {
          "mean_probability": 0.23596,
          "max_probability": 0.23596,
          "min_probability": 0.23596,
          "std_probability": 0.0
        }
      }
    },
    {
      "type": "Feature",
      "id": "00012_det_0003",
      "geometry": {
        "type": "Polygon",
        "coordinates": [
          [
            [
              29.241491206920255,
              32.25291960692442
            ],
            [
              29.241491206920255,
              32.25282977539601
            ],
            [
              29.24158103844867,
              32.25282977539601
            ],
            [
              29.24158103844867,
              32.25291960692442
            ],
            [
              29.241491206920255,
              32.25291960692442
            ]
          ]
        ]
      },
      "properties": {
        "event_id": "00012_det_0003",
        "source_image": "00012",
        "detection_class": "oil_spill",
        "pixel_count": 1,
        "area_m2": 84.35,
        "area_km2": 8.4e-05,
        "geometry_crs": "EPSG:4326",
        "area_crs": "EPSG:32635",
        "area_method": "utm_projection_zone_35N",
        "centroid": [
          29.241536,
          32.252875
        ],
        "bbox": [
          29.241491,
          32.25283,
          29.241581,
          32.25292
        ],
        "threshold": 0.22,
        "probability_statistics": {
          "mean_probability": 0.27344,
          "max_probability": 0.27344,
          "min_probability": 0.27344,
          "std_probability": 0.0
        }
      }
    },
    {
      "type": "Feature",
      "id": "00012_det_0004",
      "geometry": {
        "type": "Polygon",
        "coordinates": [
          [
            [
              29.24158103844867,
              32.252739943867596
            ],
            [
              29.24158103844867,
              32.25265011233918
            ],
            [
              29.241670869977078,
              32.25265011233918
            ],
            [
              29.241670869977078,
              32.252739943867596
            ],
            [
              29.24158103844867,
              32.252739943867596
            ]
          ]
        ]
      },
      "properties": {
        "event_id": "00012_det_0004",
        "source_image": "00012",
        "detection_class": "oil_spill",
        "pixel_count": 1,
        "area_m2": 84.35,
        "area_km2": 8.4e-05,
        "geometry_crs": "EPSG:4326",
        "area_crs": "EPSG:32635",
        "area_method": "utm_projection_zone_35N",
        "centroid": [
          29.241626,
          32.252695
        ],
        "bbox": [
          29.241581,
          32.25265,
          29.241671,
          32.25274
        ],
        "threshold": 0.22,
        "probability_statistics": {
          "mean_probability": 0.24622,
          "max_probability": 0.24622,
          "min_probability": 0.24622,
          "std_probability": 0.0
        }
      }
    },
    {
      "type": "Feature",
      "id": "00012_det_0005",
      "geometry": {
        "type": "Polygon",
        "coordinates": [
          [
            [
              29.241491206920255,
              32.252560280810776
            ],
            [
              29.241491206920255,
              32.25247044928236
            ],
            [
              29.24158103844867,
              32.25247044928236
            ],
            [
              29.24158103844867,
              32.252560280810776
            ],
            [
              29.241491206920255,
              32.252560280810776
            ]
          ]
        ]
      },
      "properties": {
        "event_id": "00012_det_0005",
        "source_image": "00012",
        "detection_class": "oil_spill",
        "pixel_count": 1,
        "area_m2": 84.35,
        "area_km2": 8.4e-05,
        "geometry_crs": "EPSG:4326",
        "area_crs": "EPSG:32635",
        "area_method": "utm_projection_zone_35N",
        "centroid": [
          29.241536,
          32.252515
        ],
        "bbox": [
          29.241491,
          32.25247,
          29.241581,
          32.25256
        ],
        "threshold": 0.22,
        "probability_statistics": {
          "mean_probability": 0.27783,
          "max_probability": 0.27783,
          "min_probability": 0.27783,
          "std_probability": 0.0
        }
      }
    },
    {
      "type": "Feature",
      "id": "00012_det_0006",
      "geometry": {
        "type": "Polygon",
        "coordinates": [
          [
            [
              29.24158103844867,
              32.25238061775395
            ],
            [
              29.24158103844867,
              32.25229078622554
            ],
            [
              29.241670869977078,
              32.25229078622554
            ],
            [
              29.241670869977078,
              32.25238061775395
            ],
            [
              29.24158103844867,
              32.25238061775395
            ]
          ]
        ]
      },
      "properties": {
        "event_id": "00012_det_0006",
        "source_image": "00012",
        "detection_class": "oil_spill",
        "pixel_count": 1,
        "area_m2": 84.35,
        "area_km2": 8.4e-05,
        "geometry_crs": "EPSG:4326",
        "area_crs": "EPSG:32635",
        "area_method": "utm_projection_zone_35N",
        "centroid": [
          29.241626,
          32.252336
        ],
        "bbox": [
          29.241581,
          32.252291,
          29.241671,
          32.252381
        ],
        "threshold": 0.22,
        "probability_statistics": {
          "mean_probability": 0.25635,
          "max_probability": 0.25635,
          "min_probability": 0.25635,
          "std_probability": 0.0
        }
      }
    },
    {
      "type": "Feature",
      "id": "00012_det_0007",
      "geometry": {
        "type": "Polygon",
        "coordinates": [
          [
            [
              29.241491206920255,
              32.25220095469712
            ],
            [
              29.241491206920255,
              32.25211112316872
            ],
            [
              29.24158103844867,
              32.25211112316872
            ],
            [
              29.24158103844867,
              32.25220095469712
            ],
            [
              29.241491206920255,
              32.25220095469712
            ]
          ]
        ]
      },
      "properties": {
        "event_id": "00012_det_0007",
        "source_image": "00012",
        "detection_class": "oil_spill",
        "pixel_count": 1,
        "area_m2": 84.35,
        "area_km2": 8.4e-05,
        "geometry_crs": "EPSG:4326",
        "area_crs": "EPSG:32635",
        "area_method": "utm_projection_zone_35N",
        "centroid": [
          29.241536,
          32.252156
        ],
        "bbox": [
          29.241491,
          32.252111,
          29.241581,
          32.252201
        ],
        "threshold": 0.22,
        "probability_statistics": {
          "mean_probability": 0.26221,
          "max_probability": 0.26221,
          "min_probability": 0.26221,
          "std_probability": 0.0
        }
      }
    },
    {
      "type": "Feature",
      "id": "00012_det_0008",
      "geometry": {
        "type": "Polygon",
        "coordinates": [
          [
            [
              29.246162446397676,
              32.24959584037318
            ],
            [
              29.246162446397676,
              32.24950600884477
            ],
            [
              29.24625227792609,
              32.24950600884477
            ],
            [
              29.24625227792609,
              32.24959584037318
            ],
            [
              29.246162446397676,
              32.24959584037318
            ]
          ]
        ]
      },
      "properties": {
        "event_id": "00012_det_0008",
        "source_image": "00012",
        "detection_class": "oil_spill",
        "pixel_count": 1,
        "area_m2": 84.35,
        "area_km2": 8.4e-05,
        "geometry_crs": "EPSG:4326",
        "area_crs": "EPSG:32635",
        "area_method": "utm_projection_zone_35N",
        "centroid": [
          29.246207,
          32.249551
        ],
        "bbox": [
          29.246162,
          32.249506,
          29.246252,
          32.249596
        ],
        "threshold": 0.22,
        "probability_statistics": {
          "mean_probability": 0.22644,
          "max_probability": 0.22644,
          "min_probability": 0.22644,
          "std_probability": 0.0
        }
      }
    },
    {
      "type": "Feature",
      "id": "00012_det_0009",
      "geometry": {
        "type": "Polygon",
        "coordinates": [
          [
            [
              29.252989642556987,
              32.24959584037318
            ],
            [
              29.252989642556987,
              32.24950600884477
            ],
            [
              29.253079474085396,
              32.24950600884477
            ],
            [
              29.253079474085396,
              32.24959584037318
            ],
            [
              29.252989642556987,
              32.24959584037318
            ]
          ]
        ]
      },
      "properties": {
        "event_id": "00012_det_0009",
        "source_image": "00012",
        "detection_class": "oil_spill",
        "pixel_count": 1,
        "area_m2": 84.35,
        "area_km2": 8.4e-05,
        "geometry_crs": "EPSG:4326",
        "area_crs": "EPSG:32635",
        "area_method": "utm_projection_zone_35N",
        "centroid": [
          29.253035,
          32.249551
        ],
        "bbox": [
          29.25299,
          32.249506,
          29.253079,
          32.249596
        ],
        "threshold": 0.22,
        "probability_statistics": {
          "mean_probability": 0.28247,
          "max_probability": 0.28247,
          "min_probability": 0.28247,
          "std_probability": 0.0
        }
      }
    },
    {
      "type": "Feature",
      "id": "00012_det_0010",
      "geometry": {
        "type": "Polygon",
        "coordinates": [
          [
            [
              29.245982783340853,
              32.24950600884477
            ],
            [
              29.245982783340853,
              32.249416177316355
            ],
            [
              29.246072614869266,
              32.249416177316355
            ],
            [
              29.246072614869266,
              32.24950600884477
            ],
            [
              29.245982783340853,
              32.24950600884477
            ]
          ]
        ]
      },
      "properties": {
        "event_id": "00012_det_0010",
        "source_image": "00012",
        "detection_class": "oil_spill",
        "pixel_count": 1,
        "area_m2": 84.35,
        "area_km2": 8.4e-05,
        "geometry_crs": "EPSG:4326",
        "area_crs": "EPSG:32635",
        "area_method": "utm_projection_zone_35N",
        "centroid": [
          29.246028,
          32.249461
        ],
        "bbox": [
          29.245983,
          32.249416,
          29.246073,
          32.249506
        ],
        "threshold": 0.22,
        "probability_statistics": {
          "mean_probability": 0.22266,
          "max_probability": 0.22266,
          "min_probability": 0.22266,
          "std_probability": 0.0
        }
      }
    },
    {
      "type": "Feature",
      "id": "00012_det_0011",
      "geometry": {
        "type": "Polygon",
        "coordinates": [
          [
            [
              29.25316930561381,
              32.24950600884477
            ],
            [
              29.25316930561381,
              32.249416177316355
            ],
            [
              29.253259137142223,
              32.249416177316355
            ],
            [
              29.253259137142223,
              32.24950600884477
            ],
            [
              29.25316930561381,
              32.24950600884477
            ]
          ]
        ]
      },
      "properties": {
        "event_id": "00012_det_0011",
        "source_image": "00012",
        "detection_class": "oil_spill",
        "pixel_count": 1,
        "area_m2": 84.35,
        "area_km2": 8.4e-05,
        "geometry_crs": "EPSG:4326",
        "area_crs": "EPSG:32635",
        "area_method": "utm_projection_zone_35N",
        "centroid": [
          29.253214,
          32.249461
        ],
        "bbox": [
          29.253169,
          32.249416,
          29.253259,
          32.249506
        ],
        "threshold": 0.22,
        "probability_statistics": {
          "mean_probability": 0.28735,
          "max_probability": 0.28735,
          "min_probability": 0.28735,
          "std_probability": 0.0
        }
      }
    },
    {
      "type": "Feature",
      "id": "00012_det_0012",
      "geometry": {
        "type": "Polygon",
        "coordinates": [
          [
            [
              29.245533625698794,
              32.248967019674296
            ],
            [
              29.245533625698794,
              32.24887718814588
            ],
            [
              29.245623457227204,
              32.24887718814588
            ],
            [
              29.245623457227204,
              32.248967019674296
            ],
            [
              29.245533625698794,
              32.248967019674296
            ]
          ]
        ]
      },
      "properties": {
        "event_id": "00012_det_0012",
        "source_image": "00012",
        "detection_class": "oil_spill",
        "pixel_count": 1,
        "area_m2": 84.35,
        "area_km2": 8.4e-05,
        "geometry_crs": "EPSG:4326",
        "area_crs": "EPSG:32635",
        "area_method": "utm_projection_zone_35N",
        "centroid": [
          29.245579,
          32.248922
        ],
        "bbox": [
          29.245534,
          32.248877,
          29.245623,
          32.248967
        ],
        "threshold": 0.22,
        "probability_statistics": {
          "mean_probability": 0.24402,
          "max_probability": 0.24402,
          "min_probability": 0.24402,
          "std_probability": 0.0
        }
      }
    },
    {
      "type": "Feature",
      "id": "00012_det_0013",
      "geometry": {
        "type": "Polygon",
        "coordinates": [
          [
            [
              29.245533625698794,
              32.24860769356065
            ],
            [
              29.245533625698794,
              32.24851786203224
            ],
            [
              29.245623457227204,
              32.24851786203224
            ],
            [
              29.245623457227204,
              32.24860769356065
            ],
            [
              29.245533625698794,
              32.24860769356065
            ]
          ]
        ]
      },
      "properties": {
        "event_id": "00012_det_0013",
        "source_image": "00012",
        "detection_class": "oil_spill",
        "pixel_count": 1,
        "area_m2": 84.35,
        "area_km2": 8.4e-05,
        "geometry_crs": "EPSG:4326",
        "area_crs": "EPSG:32635",
        "area_method": "utm_projection_zone_35N",
        "centroid": [
          29.245579,
          32.248563
        ],
        "bbox": [
          29.245534,
          32.248518,
          29.245623,
          32.248608
        ],
        "threshold": 0.22,
        "probability_statistics": {
          "mean_probability": 0.24548,
          "max_probability": 0.24548,
          "min_probability": 0.24548,
          "std_probability": 0.0
        }
      }
    },
    {
      "type": "Feature",
      "id": "00012_det_0014",
      "geometry": {
        "type": "Polygon",
        "coordinates": [
          [
            [
              29.24993537059098,
              32.24339746491275
            ],
            [
              29.24993537059098,
              32.24330763338434
            ],
            [
              29.250025202119392,
              32.24330763338434
            ],
            [
              29.250025202119392,
              32.24339746491275
            ],
            [
              29.24993537059098,
              32.24339746491275
            ]
          ]
        ]
      },
      "properties": {
        "event_id": "00012_det_0014",
        "source_image": "00012",
        "detection_class": "oil_spill",
        "pixel_count": 1,
        "area_m2": 84.36,
        "area_km2": 8.4e-05,
        "geometry_crs": "EPSG:4326",
        "area_crs": "EPSG:32635",
        "area_method": "utm_projection_zone_35N",
        "centroid": [
          29.24998,
          32.243353
        ],
        "bbox": [
          29.249935,
          32.243308,
          29.250025,
          32.243397
        ],
        "threshold": 0.22,
        "probability_statistics": {
          "mean_probability": 0.22632,
          "max_probability": 0.22632,
          "min_probability": 0.22632,
          "std_probability": 0.0
        }
      }
    },
    {
      "type": "Feature",
      "id": "00012_det_0015",
      "geometry": {
        "type": "Polygon",
        "coordinates": [
          [
            [
              29.24813874002274,
              32.22435318088942
            ],
            [
              29.24813874002274,
              32.22426334936101
            ],
            [
              29.248228571551152,
              32.22426334936101
            ],
            [
              29.248228571551152,
              32.22435318088942
            ],
            [
              29.24813874002274,
              32.22435318088942
            ]
          ]
        ]
      },
      "properties": {
        "event_id": "00012_det_0015",
        "source_image": "00012",
        "detection_class": "oil_spill",
        "pixel_count": 1,
        "area_m2": 84.38,
        "area_km2": 8.4e-05,
        "geometry_crs": "EPSG:4326",
        "area_crs": "EPSG:32635",
        "area_method": "utm_projection_zone_35N",
        "centroid": [
          29.248184,
          32.224308
        ],
        "bbox": [
          29.248139,
          32.224263,
          29.248229,
          32.224353
        ],
        "threshold": 0.22,
        "probability_statistics": {
          "mean_probability": 0.22522,
          "max_probability": 0.22522,
          "min_probability": 0.22522,
          "std_probability": 0.0
        }
      }
    },
    {
      "type": "Feature",
      "id": "00012_det_0016",
      "geometry": {
        "type": "Polygon",
        "coordinates": [
          [
            [
              29.23250805407906,
              32.222197224207534
            ],
            [
              29.23250805407906,
              32.22210739267912
            ],
            [
              29.232597885607472,
              32.22210739267912
            ],
            [
              29.232597885607472,
              32.222197224207534
            ],
            [
              29.23250805407906,
              32.222197224207534
            ]
          ]
        ]
      },
      "properties": {
        "event_id": "00012_det_0016",
        "source_image": "00012",
        "detection_class": "oil_spill",
        "pixel_count": 1,
        "area_m2": 84.38,
        "area_km2": 8.4e-05,
        "geometry_crs": "EPSG:4326",
        "area_crs": "EPSG:32635",
        "area_method": "utm_projection_zone_35N",
        "centroid": [
          29.232553,
          32.222152
        ],
        "bbox": [
          29.232508,
          32.222107,
          29.232598,
          32.222197
        ],
        "threshold": 0.22,
        "probability_statistics": {
          "mean_probability": 0.22375,
          "max_probability": 0.22375,
          "min_probability": 0.22375,
          "std_probability": 0.0
        }
      }
    },
    {
      "type": "Feature",
      "id": "00012_det_0017",
      "geometry": {
        "type": "Polygon",
        "coordinates": [
          [
            [
              29.236191146743952,
              32.22201756115071
            ],
            [
              29.236191146743952,
              32.2219277296223
            ],
            [
              29.23628097827236,
              32.2219277296223
            ],
            [
              29.23628097827236,
              32.22201756115071
            ],
            [
              29.236191146743952,
              32.22201756115071
            ]
          ]
        ]
      },
      "properties": {
        "event_id": "00012_det_0017",
        "source_image": "00012",
        "detection_class": "oil_spill",
        "pixel_count": 1,
        "area_m2": 84.38,
        "area_km2": 8.4e-05,
        "geometry_crs": "EPSG:4326",
        "area_crs": "EPSG:32635",
        "area_method": "utm_projection_zone_35N",
        "centroid": [
          29.236236,
          32.221973
        ],
        "bbox": [
          29.236191,
          32.221928,
          29.236281,
          32.222018
        ],
        "threshold": 0.22,
        "probability_statistics": {
          "mean_probability": 0.2229,
          "max_probability": 0.2229,
          "min_probability": 0.2229,
          "std_probability": 0.0
        }
      }
    },
    {
      "type": "Feature",
      "id": "00012_det_0018",
      "geometry": {
        "type": "Polygon",
        "coordinates": [
          [
            [
              29.246162446397676,
              32.21608868027552
            ],
            [
              29.246162446397676,
              32.21599884874711
            ],
            [
              29.24625227792609,
              32.21599884874711
            ],
            [
              29.24625227792609,
              32.21608868027552
            ],
            [
              29.246162446397676,
              32.21608868027552
            ]
          ]
        ]
      },
      "properties": {
        "event_id": "00012_det_0018",
        "source_image": "00012",
        "detection_class": "oil_spill",
        "pixel_count": 1,
        "area_m2": 84.38,
        "area_km2": 8.4e-05,
        "geometry_crs": "EPSG:4326",
        "area_crs": "EPSG:32635",
        "area_method": "utm_projection_zone_35N",
        "centroid": [
          29.246207,
          32.216044
        ],
        "bbox": [
          29.246162,
          32.215999,
          29.246252,
          32.216089
        ],
        "threshold": 0.22,
        "probability_statistics": {
          "mean_probability": 0.22302,
          "max_probability": 0.22302,
          "min_probability": 0.22302,
          "std_probability": 0.0
        }
      }
    },
    {
      "type": "Feature",
      "id": "00012_det_0019",
      "geometry": {
        "type": "Polygon",
        "coordinates": [
          [
            [
              29.246162446397676,
              32.21501070193458
            ],
            [
              29.246162446397676,
              32.21492087040617
            ],
            [
              29.24625227792609,
              32.21492087040617
            ],
            [
              29.24625227792609,
              32.21501070193458
            ],
            [
              29.246162446397676,
              32.21501070193458
            ]
          ]
        ]
      },
      "properties": {
        "event_id": "00012_det_0019",
        "source_image": "00012",
        "detection_class": "oil_spill",
        "pixel_count": 1,
        "area_m2": 84.39,
        "area_km2": 8.4e-05,
        "geometry_crs": "EPSG:4326",
        "area_crs": "EPSG:32635",
        "area_method": "utm_projection_zone_35N",
        "centroid": [
          29.246207,
          32.214966
        ],
        "bbox": [
          29.246162,
          32.214921,
          29.246252,
          32.215011
        ],
        "threshold": 0.22,
        "probability_statistics": {
          "mean_probability": 0.23071,
          "max_probability": 0.23071,
          "min_probability": 0.23071,
          "std_probability": 0.0
        }
      }
    },
    {
      "type": "Feature",
      "id": "00012_det_0020",
      "geometry": {
        "type": "Polygon",
        "coordinates": [
          [
            [
              29.23978440788043,
              32.214831038877755
            ],
            [
              29.23978440788043,
              32.21474120734934
            ],
            [
              29.23987423940884,
              32.21474120734934
            ],
            [
              29.23987423940884,
              32.214831038877755
            ],
            [
              29.23978440788043,
              32.214831038877755
            ]
          ]
        ]
      },
      "properties": {
        "event_id": "00012_det_0020",
        "source_image": "00012",
        "detection_class": "oil_spill",
        "pixel_count": 1,
        "area_m2": 84.39,
        "area_km2": 8.4e-05,
        "geometry_crs": "EPSG:4326",
        "area_crs": "EPSG:32635",
        "area_method": "utm_projection_zone_35N",
        "centroid": [
          29.239829,
          32.214786
        ],
        "bbox": [
          29.239784,
          32.214741,
          29.239874,
          32.214831
        ],
        "threshold": 0.22,
        "probability_statistics": {
          "mean_probability": 0.23157,
          "max_probability": 0.23157,
          "min_probability": 0.23157,
          "std_probability": 0.0
        }
      }
    },
    {
      "type": "Feature",
      "id": "00012_det_0021",
      "geometry": {
        "type": "Polygon",
        "coordinates": [
          [
            [
              29.244096321244204,
              32.214112386650456
            ],
            [
              29.244096321244204,
              32.21402255512204
            ],
            [
              29.244186152772613,
              32.21402255512204
            ],
            [
              29.244186152772613,
              32.214112386650456
            ],
            [
              29.244096321244204,
              32.214112386650456
            ]
          ]
        ]
      },
      "properties": {
        "event_id": "00012_det_0021",
        "source_image": "00012",
        "detection_class": "oil_spill",
        "pixel_count": 1,
        "area_m2": 84.39,
        "area_km2": 8.4e-05,
        "geometry_crs": "EPSG:4326",
        "area_crs": "EPSG:32635",
        "area_method": "utm_projection_zone_35N",
        "centroid": [
          29.244141,
          32.214067
        ],
        "bbox": [
          29.244096,
          32.214023,
          29.244186,
          32.214112
        ],
        "threshold": 0.22,
        "probability_statistics": {
          "mean_probability": 0.23145,
          "max_probability": 0.23145,
          "min_probability": 0.23145,
          "std_probability": 0.0
        }
      }
    },
    {
      "type": "Feature",
      "id": "00012_det_0022",
      "geometry": {
        "type": "Polygon",
        "coordinates": [
          [
            [
              29.25182183268763,
              32.21276491372428
            ],
            [
              29.25182183268763,
              32.212675082195865
            ],
            [
              29.25173200115922,
              32.212675082195865
            ],
            [
              29.25173200115922,
              32.21258525066745
            ],
            [
              29.251642169630806,
              32.21258525066745
            ],
            [
              29.251642169630806,
              32.21231575608222
            ],
            [
              29.251552338102393,
              32.21231575608222
            ],
            [
              29.251552338102393,
              32.21204626149698
            ],
            [
              29.251642169630806,
              32.21204626149698
            ],
            [
              29.251642169630806,
              32.21195642996857
            ],
            [
              29.25173200115922,
              32.21195642996857
            ],
            [
              29.25173200115922,
              32.21186659844016
            ],
            [
              29.252091327272865,
              32.21186659844016
            ],
            [
              29.252091327272865,
              32.21195642996857
            ],
            [
              29.25227099032969,
              32.21195642996857
            ],
            [
              29.25227099032969,
              32.21276491372428
            ],
            [
              29.25182183268763,
              32.21276491372428
            ]
          ]
        ]
      },
      "properties": {
        "event_id": "00012_det_0022",
        "source_image": "00012",
        "detection_class": "oil_spill",
        "pixel_count": 67,
        "area_m2": 5654.02,
        "area_km2": 0.005654,
        "geometry_crs": "EPSG:4326",
        "area_crs": "EPSG:32635",
        "area_method": "utm_projection_zone_35N",
        "centroid": [
          29.251949,
          32.212311
        ],
        "bbox": [
          29.251552,
          32.211867,
          29.252271,
          32.212765
        ],
        "threshold": 0.22,
        "probability_statistics": {
          "mean_probability": 0.39091,
          "max_probability": 0.59326,
          "min_probability": 0.22217,
          "std_probability": 0.10552
        }
      }
    },
    {
      "type": "Feature",
      "id": "00012_det_0023",
      "geometry": {
        "type": "Polygon",
        "coordinates": [
          [
            [
              29.244186152772613,
              32.20899198953098
            ],
            [
              29.244186152772613,
              32.208902158002566
            ],
            [
              29.244275984301026,
              32.208902158002566
            ],
            [
              29.244275984301026,
              32.20899198953098
            ],
            [
              29.244186152772613,
              32.20899198953098
            ]
          ]
        ]
      },
      "properties": {
        "event_id": "00012_det_0023",
        "source_image": "00012",
        "detection_class": "oil_spill",
        "pixel_count": 1,
        "area_m2": 84.39,
        "area_km2": 8.4e-05,
        "geometry_crs": "EPSG:4326",
        "area_crs": "EPSG:32635",
        "area_method": "utm_projection_zone_35N",
        "centroid": [
          29.244231,
          32.208947
        ],
        "bbox": [
          29.244186,
          32.208902,
          29.244276,
          32.208992
        ],
        "threshold": 0.22,
        "probability_statistics": {
          "mean_probability": 0.23584,
          "max_probability": 0.23584,
          "min_probability": 0.23584,
          "std_probability": 0.0
        }
      }
    },
    {
      "type": "Feature",
      "id": "00012_det_0024",
      "geometry": {
        "type": "Polygon",
        "coordinates": [
          [
            [
              29.24445564735785,
              32.2091716525878
            ],
            [
              29.24445564735785,
              32.209081821059385
            ],
            [
              29.24436581582944,
              32.209081821059385
            ],
            [
              29.24436581582944,
              32.20881232647415
            ],
            [
              29.24445564735785,
              32.20881232647415
            ],
            [
              29.24445564735785,
              32.208902158002566
            ],
            [
              29.244635310414672,
              32.208902158002566
            ],
            [
              29.244635310414672,
              32.20881232647415
            ],
            [
              29.2448149734715,
              32.20881232647415
            ],
            [
              29.2448149734715,
              32.209081821059385
            ],
            [
              29.244725141943086,
              32.209081821059385
            ],
            [
              29.244725141943086,
              32.2091716525878
            ],
            [
              29.244635310414672,
              32.2091716525878
            ],
            [
              29.244635310414672,
              32.209081821059385
            ],
            [
              29.244545478886263,
              32.209081821059385
            ],
            [
              29.244545478886263,
              32.2091716525878
            ],
            [
              29.24445564735785,
              32.2091716525878
            ]
          ],
          [
            [
              29.244635310414672,
              32.20899198953098
            ],
            [
              29.244725141943086,
              32.20899198953098
            ],
            [
              29.244725141943086,
              32.208902158002566
            ],
            [
              29.244635310414672,
              32.208902158002566
            ],
            [
              29.244635310414672,
              32.20899198953098
            ]
          ]
        ]
      },
      "properties": {
        "event_id": "00012_det_0024",
        "source_image": "00012",
        "detection_class": "oil_spill",
        "pixel_count": 14,
        "area_m2": 1181.47,
        "area_km2": 0.001181,
        "geometry_crs": "EPSG:4326",
        "area_crs": "EPSG:32635",
        "area_method": "utm_projection_zone_35N",
        "centroid": [
          29.24459,
          32.208986
        ],
        "bbox": [
          29.244366,
          32.208812,
          29.244815,
          32.209172
        ],
        "threshold": 0.22,
        "probability_statistics": {
          "mean_probability": 0.24242,
          "max_probability": 0.27197,
          "min_probability": 0.2229,
          "std_probability": 0.0181
        }
      }
    },
    {
      "type": "Feature",
      "id": "00012_det_0025",
      "geometry": {
        "type": "Polygon",
        "coordinates": [
          [
            [
              29.244186152772613,
              32.208632663417326
            ],
            [
              29.244186152772613,
              32.20854283188892
            ],
            [
              29.244275984301026,
              32.20854283188892
            ],
            [
              29.244275984301026,
              32.208632663417326
            ],
            [
              29.244186152772613,
              32.208632663417326
            ]
          ]
        ]
      },
      "properties": {
        "event_id": "00012_det_0025",
        "source_image": "00012",
        "detection_class": "oil_spill",
        "pixel_count": 1,
        "area_m2": 84.39,
        "area_km2": 8.4e-05,
        "geometry_crs": "EPSG:4326",
        "area_crs": "EPSG:32635",
        "area_method": "utm_projection_zone_35N",
        "centroid": [
          29.244231,
          32.208588
        ],
        "bbox": [
          29.244186,
          32.208543,
          29.244276,
          32.208633
        ],
        "threshold": 0.22,
        "probability_statistics": {
          "mean_probability": 0.22546,
          "max_probability": 0.22546,
          "min_probability": 0.22546,
          "std_probability": 0.0
        }
      }
    },
    {
      "type": "Feature",
      "id": "00012_det_0026",
      "geometry": {
        "type": "Polygon",
        "coordinates": [
          [
            [
              29.2523608218581,
              32.2069258643775
            ],
            [
              29.2523608218581,
              32.20683603284909
            ],
            [
              29.252450653386514,
              32.20683603284909
            ],
            [
              29.252450653386514,
              32.20674620132068
            ],
            [
              29.252540484914924,
              32.20674620132068
            ],
            [
              29.252540484914924,
              32.206476706735444
            ],
            [
              29.252450653386514,
              32.206476706735444
            ],
            [
              29.252450653386514,
              32.20638687520703
            ],
            [
              29.252540484914924,
              32.20638687520703
            ],
            [
              29.252540484914924,
              32.20629704367862
            ],
            [
              29.252450653386514,
              32.20629704367862
            ],
            [
              29.252450653386514,
              32.206207212150204
            ],
            [
              29.252540484914924,
              32.206207212150204
            ],
            [
              29.252540484914924,
              32.206027549093385
            ],
            [
              29.252630316443337,
              32.206027549093385
            ],
            [
              29.252630316443337,
              32.2053987283945
            ],
            [
              29.25272014797175,
              32.2053987283945
            ],
            [
              29.25272014797175,
              32.205308896866086
            ],
            [
              29.25280997950016,
              32.205308896866086
            ],
            [
              29.25280997950016,
              32.20521906533767
            ],
            [
              29.252989642556987,
              32.20521906533767
            ],
            [
              29.252989642556987,
              32.20494957075244
            ],
            [
              29.253079474085396,
              32.20494957075244
            ],
            [
              29.253079474085396,
              32.20485973922403
            ],
            [
              29.252989642556987,
              32.20485973922403
            ],
            [
              29.252989642556987,
              32.20476990769561
            ],
            [
              29.253079474085396,
              32.20476990769561
            ],
            [
              29.253079474085396,
              32.20450041311038
            ],
            [
              29.252989642556987,
              32.20450041311038
            ],
            [
              29.252989642556987,
              32.20441058158197
            ],
            [
              29.252899811028573,
              32.20441058158197
            ],
            [
              29.252899811028573,
              32.20450041311038
            ],
            [
              29.25272014797175,
              32.20450041311038
            ],
            [
              29.25272014797175,
              32.20441058158197
            ],
            [
              29.252450653386514,
              32.20441058158197
            ],
            [
              29.252450653386514,
              32.204320750053554
            ],
            [
              29.25227099032969,
              32.204320750053554
            ],
            [
              29.25227099032969,
              32.20423091852514
            ],
            [
              29.252091327272865,
              32.20423091852514
            ],
            [
              29.252091327272865,
              32.204320750053554
            ],
            [
              29.252001495744455,
              32.204320750053554
            ],
            [
              29.252001495744455,
              32.20423091852514
            ],
            [
              29.251911664216042,
              32.20423091852514
            ],
            [
              29.251911664216042,
              32.204320750053554
            ],
            [
              29.251642169630806,
              32.204320750053554
            ],
            [
              29.251642169630806,
              32.20441058158197
            ],
            [
              29.251013348931924,
              32.20441058158197
            ],
            [
              29.251013348931924,
              32.20450041311038
            ],
            [
              29.250654022818274,
              32.20450041311038
            ],
            [
              29.250654022818274,
              32.204590244638794
            ],
            [
              29.25056419128986,
              32.204590244638794
            ],
            [
              29.25056419128986,
              32.20450041311038
            ],
            [
              29.25047435976145,
              32.20450041311038
            ],
            [
              29.25047435976145,
              32.20476990769561
            ],
            [
              29.250654022818274,
              32.20476990769561
            ],
            [
              29.250654022818274,
              32.20485973922403
            ],
            [
              29.250743854346688,
              32.20485973922403
            ],
            [
              29.250743854346688,
              32.20494957075244
            ],
            [
              29.251013348931924,
              32.20494957075244
            ],
            [
              29.251013348931924,
              32.20503940228085
            ],
            [
              29.251103180460333,
              32.20503940228085
            ],
            [
              29.251103180460333,
              32.20512923380926
            ],
            [
              29.251193011988747,
              32.20512923380926
            ],
            [
              29.251193011988747,
              32.20521906533767
            ],
            [
              29.25128284351716,
              32.20521906533767
            ],
            [
              29.25128284351716,
              32.205308896866086
            ],
            [
              29.251193011988747,
              32.205308896866086
            ],
            [
              29.251193011988747,
              32.20548855992291
            ],
            [
              29.25128284351716,
              32.20548855992291
            ],
            [
              29.25128284351716,
              32.20566822297973
            ],
            [
              29.25137267504557,
              32.20566822297973
            ],
            [
              29.25137267504557,
              32.205758054508145
            ],
            [
              29.25128284351716,
              32.205758054508145
            ],
            [
              29.25128284351716,
              32.20584788603656
            ],
            [
              29.25137267504557,
              32.20584788603656
            ],
            [
              29.25137267504557,
              32.20593771756497
            ],
            [
              29.25128284351716,
              32.20593771756497
            ],
            [
              29.25128284351716,
              32.206027549093385
            ],
            [
              29.251193011988747,
              32.206027549093385
            ],
            [
              29.251193011988747,
              32.206207212150204
            ],
            [
              29.25128284351716,
              32.206207212150204
            ],
            [
              29.25128284351716,
              32.20629704367862
            ],
            [
              29.251193011988747,
              32.20629704367862
            ],
            [
              29.251193011988747,
              32.20638687520703
            ],
            [
              29.25137267504557,
              32.20638687520703
            ],
            [
              29.25137267504557,
              32.206476706735444
            ],
            [
              29.25128284351716,
              32.206476706735444
            ],
            [
              29.25128284351716,
              32.20656653826386
            ],
            [
              29.25137267504557,
              32.20656653826386
            ],
            [
              29.25137267504557,
              32.20665636979226
            ],
            [
              29.25128284351716,
              32.20665636979226
            ],
            [
              29.25128284351716,
              32.20674620132068
            ],
            [
              29.25137267504557,
              32.20674620132068
            ],
            [
              29.25137267504557,
              32.20683603284909
            ],
            [
              29.251552338102393,
              32.20683603284909
            ],
            [
              29.251552338102393,
              32.2069258643775
            ],
            [
              29.251642169630806,
              32.2069258643775
            ],
            [
              29.251642169630806,
              32.20710552743432
            ],
            [
              29.25182183268763,
              32.20710552743432
            ],
            [
              29.25182183268763,
              32.207195358962736
            ],
            [
              29.252001495744455,
              32.207195358962736
            ],
            [
              29.252001495744455,
              32.20710552743432
            ],
            [
              29.252091327272865,
              32.20710552743432
            ],
            [
              29.252091327272865,
              32.207195358962736
            ],
            [
              29.25227099032969,
              32.207195358962736
            ],
            [
              29.25227099032969,
              32.2069258643775
            ],
            [
              29.2523608218581,
              32.2069258643775
            ]
          ]
        ]
      },
      "properties": {
        "event_id": "00012_det_0026",
        "source_image": "00012",
        "detection_class": "oil_spill",
        "pixel_count": 521,
        "area_m2": 43969.57,
        "area_km2": 0.04397,
        "geometry_crs": "EPSG:4326",
        "area_crs": "EPSG:32635",
        "area_method": "utm_projection_zone_35N",
        "centroid": [
          29.251922,
          32.2055
        ],
        "bbox": [
          29.250474,
          32.204231,
          29.253079,
          32.207195
        ],
        "threshold": 0.22,
        "probability_statistics": {
          "mean_probability": 0.47014,
          "max_probability": 0.80469,
          "min_probability": 0.22046,
          "std_probability": 0.16706
        }
      }
    },
    {
      "type": "Feature",
      "id": "00012_det_0027",
      "geometry": {
        "type": "Polygon",
        "coordinates": [
          [
            [
              29.252001495744455,
              32.20728519049115
            ],
            [
              29.252091327272865,
              32.20728519049115
            ],
            [
              29.252091327272865,
              32.207195358962736
            ],
            [
              29.252001495744455,
              32.207195358962736
            ],
            [
              29.252001495744455,
              32.20728519049115
            ]
          ]
        ]
      },
      "properties": {
        "event_id": "00012_det_0027",
        "source_image": "00012",
        "detection_class": "oil_spill",
        "pixel_count": 1,
        "area_m2": 84.39,
        "area_km2": 8.4e-05,
        "geometry_crs": "EPSG:4326",
        "area_crs": "EPSG:32635",
        "area_method": "utm_projection_zone_35N",
        "centroid": [
          29.252046,
          32.20724
        ],
        "bbox": [
          29.252001,
          32.207195,
          29.252091,
          32.207285
        ],
        "threshold": 0.22,
        "probability_statistics": {
          "mean_probability": 0.23181,
          "max_probability": 0.23181,
          "min_probability": 0.23181,
          "std_probability": 0.0
        }
      }
    },
    {
      "type": "Feature",
      "id": "00012_det_0028",
      "geometry": {
        "type": "Polygon",
        "coordinates": [
          [
            [
              29.249665876005743,
              32.20414108699673
            ],
            [
              29.249755707534156,
              32.20414108699673
            ],
            [
              29.249755707534156,
              32.20405125546832
            ],
            [
              29.249665876005743,
              32.20405125546832
            ],
            [
              29.249665876005743,
              32.20414108699673
            ]
          ]
        ]
      },
      "properties": {
        "event_id": "00012_det_0028",
        "source_image": "00012",
        "detection_class": "oil_spill",
        "pixel_count": 1,
        "area_m2": 84.4,
        "area_km2": 8.4e-05,
        "geometry_crs": "EPSG:4326",
        "area_crs": "EPSG:32635",
        "area_method": "utm_projection_zone_35N",
        "centroid": [
          29.249711,
          32.204096
        ],
        "bbox": [
          29.249666,
          32.204051,
          29.249756,
          32.204141
        ],
        "threshold": 0.22,
        "probability_statistics": {
          "mean_probability": 0.23071,
          "max_probability": 0.23071,
          "min_probability": 0.23071,
          "std_probability": 0.0
        }
      }
    },
    {
      "type": "Feature",
      "id": "00012_det_0029",
      "geometry": {
        "type": "Polygon",
        "coordinates": [
          [
            [
              29.24957604447733,
              32.20414108699673
            ],
            [
              29.24957604447733,
              32.20396142393991
            ],
            [
              29.249306549892097,
              32.20396142393991
            ],
            [
              29.249306549892097,
              32.20414108699673
            ],
            [
              29.249216718363684,
              32.20414108699673
            ],
            [
              29.249216718363684,
              32.20441058158197
            ],
            [
              29.249306549892097,
              32.20441058158197
            ],
            [
              29.249306549892097,
              32.20450041311038
            ],
            [
              29.24957604447733,
              32.20450041311038
            ],
            [
              29.24957604447733,
              32.204590244638794
            ],
            [
              29.249665876005743,
              32.204590244638794
            ],
            [
              29.249665876005743,
              32.20450041311038
            ],
            [
              29.249755707534156,
              32.20450041311038
            ],
            [
              29.249755707534156,
              32.204320750053554
            ],
            [
              29.249845539062566,
              32.204320750053554
            ],
            [
              29.249845539062566,
              32.20414108699673
            ],
            [
              29.249755707534156,
              32.20414108699673
            ],
            [
              29.249755707534156,
              32.20423091852514
            ],
            [
              29.249665876005743,
              32.20423091852514
            ],
            [
              29.249665876005743,
              32.20414108699673
            ],
            [
              29.24957604447733,
              32.20414108699673
            ]
          ]
        ]
      },
      "properties": {
        "event_id": "00012_det_0029",
        "source_image": "00012",
        "detection_class": "oil_spill",
        "pixel_count": 31,
        "area_m2": 2616.26,
        "area_km2": 0.002616,
        "geometry_crs": "EPSG:4326",
        "area_crs": "EPSG:32635",
        "area_method": "utm_projection_zone_35N",
        "centroid": [
          29.249502,
          32.20427
        ],
        "bbox": [
          29.249217,
          32.203961,
          29.249846,
          32.20459
        ],
        "threshold": 0.22,
        "probability_statistics": {
          "mean_probability": 0.26906,
          "max_probability": 0.354,
          "min_probability": 0.22034,
          "std_probability": 0.03963
        }
      }
    },
    {
      "type": "Feature",
      "id": "00012_det_0030",
      "geometry": {
        "type": "Polygon",
        "coordinates": [
          [
            [
              29.249396381420507,
              32.20360209782626
            ],
            [
              29.249396381420507,
              32.20351226629785
            ],
            [
              29.24948621294892,
              32.20351226629785
            ],
            [
              29.24948621294892,
              32.20360209782626
            ],
            [
              29.249396381420507,
              32.20360209782626
            ]
          ]
        ]
      },
      "properties": {
        "event_id": "00012_det_0030",
        "source_image": "00012",
        "detection_class": "oil_spill",
        "pixel_count": 1,
        "area_m2": 84.4,
        "area_km2": 8.4e-05,
        "geometry_crs": "EPSG:4326",
        "area_crs": "EPSG:32635",
        "area_method": "utm_projection_zone_35N",
        "centroid": [
          29.249441,
          32.203557
        ],
        "bbox": [
          29.249396,
          32.203512,
          29.249486,
          32.203602
        ],
        "threshold": 0.22,
        "probability_statistics": {
          "mean_probability": 0.28418,
          "max_probability": 0.28418,
          "min_probability": 0.28418,
          "std_probability": 0.0
        }
      }
    },
    {
      "type": "Feature",
      "id": "00012_det_0031",
      "geometry": {
        "type": "Polygon",
        "coordinates": [
          [
            [
              29.24436581582944,
              32.20836316883209
            ],
            [
              29.24436581582944,
              32.20827333730368
            ],
            [
              29.244275984301026,
              32.20827333730368
            ],
            [
              29.244275984301026,
              32.20818350577527
            ],
            [
              29.24436581582944,
              32.20818350577527
            ],
            [
              29.24436581582944,
              32.20800384271845
            ],
            [
              29.244275984301026,
              32.20800384271845
            ],
            [
              29.244275984301026,
              32.207914011190034
            ],
            [
              29.24436581582944,
              32.207914011190034
            ],
            [
              29.24436581582944,
              32.20728519049115
            ],
            [
              29.244275984301026,
              32.20728519049115
            ],
            [
              29.244275984301026,
              32.207195358962736
            ],
            [
              29.244186152772613,
              32.207195358962736
            ],
            [
              29.244186152772613,
              32.20683603284909
            ],
            [
              29.244275984301026,
              32.20683603284909
            ],
            [
              29.244275984301026,
              32.20674620132068
            ],
            [
              29.244186152772613,
              32.20674620132068
            ],
            [
              29.244186152772613,
              32.20665636979226
            ],
            [
              29.244275984301026,
              32.20665636979226
            ],
            [
              29.244275984301026,
              32.206027549093385
            ],
            [
              29.244186152772613,
              32.206027549093385
            ],
            [
              29.244186152772613,
              32.205758054508145
            ],
            [
              29.244096321244204,
              32.205758054508145
            ],
            [
              29.244096321244204,
              32.20566822297973
            ],
            [
              29.244186152772613,
              32.20566822297973
            ],
            [
              29.244186152772613,
              32.205578391451326
            ],
            [
              29.244096321244204,
              32.205578391451326
            ],
            [
              29.244096321244204,
              32.20548855992291
            ],
            [
              29.244186152772613,
              32.20548855992291
            ],
            [
              29.244186152772613,
              32.2053987283945
            ],
            [
              29.244096321244204,
              32.2053987283945
            ],
            [
              29.244096321244204,
              32.20512923380926
            ],
            [
              29.24400648971579,
              32.20512923380926
            ],
            [
              29.24400648971579,
              32.2046800761672
            ],
            [
              29.243916658187377,
              32.2046800761672
            ],
            [
              29.243916658187377,
              32.204590244638794
            ],
            [
              29.24400648971579,
              32.204590244638794
            ],
            [
              29.24400648971579,
              32.20441058158197
            ],
            [
              29.243916658187377,
              32.20441058158197
            ],
            [
              29.243916658187377,
              32.20414108699673
            ],
            [
              29.243736995130554,
              32.20414108699673
            ],
            [
              29.243736995130554,
              32.203871592411495
            ],
            [
              29.24364716360214,
              32.203871592411495
            ],
            [
              29.24364716360214,
              32.20360209782626
            ],
            [
              29.243736995130554,
              32.20360209782626
            ],
            [
              29.243736995130554,
              32.203422434769436
            ],
            [
              29.243467500545318,
              32.203422434769436
            ],
            [
              29.243467500545318,
              32.20333260324102
            ],
            [
              29.24355733207373,
              32.20333260324102
            ],
            [
              29.24355733207373,
              32.2031529401842
            ],
            [
              29.243467500545318,
              32.2031529401842
            ],
            [
              29.243467500545318,
              32.202883445598964
            ],
            [
              29.24337766901691,
              32.202883445598964
            ],
            [
              29.24337766901691,
              32.20252411948532
            ],
            [
              29.243287837488495,
              32.20252411948532
            ],
            [
              29.243287837488495,
              32.20225462490008
            ],
            [
              29.243108174431672,
              32.20225462490008
            ],
            [
              29.243108174431672,
              32.202164793371665
            ],
            [
              29.242928511374846,
              32.202164793371665
            ],
            [
              29.242928511374846,
              32.20207496184326
            ],
            [
              29.242748848318023,
              32.20207496184326
            ],
            [
              29.242748848318023,
              32.202164793371665
            ],
            [
              29.24265901678961,
              32.202164793371665
            ],
            [
              29.24265901678961,
              32.20225462490008
            ],
            [
              29.2425691852612,
              32.20225462490008
            ],
            [
              29.2425691852612,
              32.20234445642849
            ],
            [
              29.242479353732787,
              32.20234445642849
            ],
            [
              29.242479353732787,
              32.20261395101373
            ],
            [
              29.242389522204377,
              32.20261395101373
            ],
            [
              29.242389522204377,
              32.20306310865579
            ],
            [
              29.242299690675964,
              32.20306310865579
            ],
            [
              29.242299690675964,
              32.2031529401842
            ],
            [
              29.24220985914755,
              32.2031529401842
            ],
            [
              29.24220985914755,
              32.20333260324102
            ],
            [
              29.242299690675964,
              32.20333260324102
            ],
            [
              29.242299690675964,
              32.203422434769436
            ],
            [
              29.242748848318023,
              32.203422434769436
            ],
            [
              29.242748848318023,
              32.20369192935467
            ],
            [
              29.242838679846436,
              32.20369192935467
            ],
            [
              29.242838679846436,
              32.20378176088308
            ],
            [
              29.242748848318023,
              32.20378176088308
            ],
            [
              29.242748848318023,
              32.20396142393991
            ],
            [
              29.24265901678961,
              32.20396142393991
            ],
            [
              29.24265901678961,
              32.20414108699673
            ],
            [
              29.2425691852612,
              32.20414108699673
            ],
            [
              29.2425691852612,
              32.20441058158197
            ],
            [
              29.24265901678961,
              32.20441058158197
            ],
            [
              29.24265901678961,
              32.204590244638794
            ],
            [
              29.242748848318023,
              32.204590244638794
            ],
            [
              29.242748848318023,
              32.20476990769561
            ],
            [
              29.242838679846436,
              32.20476990769561
            ],
            [
              29.242838679846436,
              32.20503940228085
            ],
            [
              29.242928511374846,
              32.20503940228085
            ],
            [
              29.242928511374846,
              32.20512923380926
            ],
            [
              29.24301834290326,
              32.20512923380926
            ],
            [
              29.24301834290326,
              32.20548855992291
            ],
            [
              29.243108174431672,
              32.20548855992291
            ],
            [
              29.243108174431672,
              32.20566822297973
            ],
            [
              29.243198005960082,
              32.20566822297973
            ],
            [
              29.243198005960082,
              32.20629704367862
            ],
            [
              29.243108174431672,
              32.20629704367862
            ],
            [
              29.243108174431672,
              32.20638687520703
            ],
            [
              29.243198005960082,
              32.20638687520703
            ],
            [
              29.243198005960082,
              32.20656653826386
            ],
            [
              29.243287837488495,
              32.20656653826386
            ],
            [
              29.243287837488495,
              32.2069258643775
            ],
            [
              29.24337766901691,
              32.2069258643775
            ],
            [
              29.24337766901691,
              32.207015695905916
            ],
            [
              29.243287837488495,
              32.207015695905916
            ],
            [
              29.243287837488495,
              32.20710552743432
            ],
            [
              29.243467500545318,
              32.20710552743432
            ],
            [
              29.243467500545318,
              32.207195358962736
            ],
            [
              29.24337766901691,
              32.207195358962736
            ],
            [
              29.24337766901691,
              32.20728519049115
            ],
            [
              29.243467500545318,
              32.20728519049115
            ],
            [
              29.243467500545318,
              32.20737502201956
            ],
            [
              29.24337766901691,
              32.20737502201956
            ],
            [
              29.24337766901691,
              32.207464853547975
            ],
            [
              29.243467500545318,
              32.207464853547975
            ],
            [
              29.243467500545318,
              32.207644516604795
            ],
            [
              29.24355733207373,
              32.207644516604795
            ],
            [
              29.24355733207373,
              32.207914011190034
            ],
            [
              29.24364716360214,
              32.207914011190034
            ],
            [
              29.24364716360214,
              32.208093674246854
            ],
            [
              29.243736995130554,
              32.208093674246854
            ],
            [
              29.243736995130554,
              32.20818350577527
            ],
            [
              29.243826826658967,
              32.20818350577527
            ],
            [
              29.243826826658967,
              32.20827333730368
            ],
            [
              29.243916658187377,
              32.20827333730368
            ],
            [
              29.243916658187377,
              32.20845300036051
            ],
            [
              29.24400648971579,
              32.20845300036051
            ],
            [
              29.24400648971579,
              32.20836316883209
            ],
            [
              29.244096321244204,
              32.20836316883209
            ],
            [
              29.244096321244204,
              32.20845300036051
            ],
            [
              29.244186152772613,
              32.20845300036051
            ],
            [
              29.244186152772613,
              32.20836316883209
            ],
            [
              29.24436581582944,
              32.20836316883209
            ]
          ]
        ]
      },
      "properties": {
        "event_id": "00012_det_0031",
        "source_image": "00012",
        "detection_class": "oil_spill",
        "pixel_count": 764,
        "area_m2": 64477.17,
        "area_km2": 0.064477,
        "geometry_crs": "EPSG:4326",
        "area_crs": "EPSG:32635",
        "area_method": "utm_projection_zone_35N",
        "centroid": [
          29.243444,
          32.205128
        ],
        "bbox": [
          29.24221,
          32.202075,
          29.244366,
          32.208453
        ],
        "threshold": 0.22,
        "probability_statistics": {
          "mean_probability": 0.63301,
          "max_probability": 0.96338,
          "min_probability": 0.22388,
          "std_probability": 0.22408
        }
      }
    },
    {
      "type": "Feature",
      "id": "00012_det_0032",
      "geometry": {
        "type": "Polygon",
        "coordinates": [
          [
            [
              29.24400648971579,
              32.20854283188892
            ],
            [
              29.244096321244204,
              32.20854283188892
            ],
            [
              29.244096321244204,
              32.20845300036051
            ],
            [
              29.24400648971579,
              32.20845300036051
            ],
            [
              29.24400648971579,
              32.20854283188892
            ]
          ]
        ]
      },
      "properties": {
        "event_id": "00012_det_0032",
        "source_image": "00012",
        "detection_class": "oil_spill",
        "pixel_count": 1,
        "area_m2": 84.39,
        "area_km2": 8.4e-05,
        "geometry_crs": "EPSG:4326",
        "area_crs": "EPSG:32635",
        "area_method": "utm_projection_zone_35N",
        "centroid": [
          29.244051,
          32.208498
        ],
        "bbox": [
          29.244006,
          32.208453,
          29.244096,
          32.208543
        ],
        "threshold": 0.22,
        "probability_statistics": {
          "mean_probability": 0.22424,
          "max_probability": 0.22424,
          "min_probability": 0.22424,
          "std_probability": 0.0
        }
      }
    },
    {
      "type": "Feature",
      "id": "00012_det_0033",
      "geometry": {
        "type": "Polygon",
        "coordinates": [
          [
            [
              29.24903705530686,
              32.19946984751931
            ],
            [
              29.248947223778448,
              32.19946984751931
            ],
            [
              29.248947223778448,
              32.199559679047724
            ],
            [
              29.24903705530686,
              32.199559679047724
            ],
            [
              29.24903705530686,
              32.19946984751931
            ]
          ]
        ]
      },
      "properties": {
        "event_id": "00012_det_0033",
        "source_image": "00012",
        "detection_class": "oil_spill",
        "pixel_count": 1,
        "area_m2": 84.4,
        "area_km2": 8.4e-05,
        "geometry_crs": "EPSG:4326",
        "area_crs": "EPSG:32635",
        "area_method": "utm_projection_zone_35N",
        "centroid": [
          29.248992,
          32.199515
        ],
        "bbox": [
          29.248947,
          32.19947,
          29.249037,
          32.19956
        ],
        "threshold": 0.22,
        "probability_statistics": {
          "mean_probability": 0.22815,
          "max_probability": 0.22815,
          "min_probability": 0.22815,
          "std_probability": 0.0
        }
      }
    },
    {
      "type": "Feature",
      "id": "00012_det_0034",
      "geometry": {
        "type": "Polygon",
        "coordinates": [
          [
            [
              29.24867772919321,
              32.19946984751931
            ],
            [
              29.24867772919321,
              32.1993800159909
            ],
            [
              29.248587897664798,
              32.1993800159909
            ],
            [
              29.248587897664798,
              32.19946984751931
            ],
            [
              29.24813874002274,
              32.19946984751931
            ],
            [
              29.24813874002274,
              32.199559679047724
            ],
            [
              29.247779413909093,
              32.199559679047724
            ],
            [
              29.247779413909093,
              32.199829173632956
            ],
            [
              29.247599750852267,
              32.199829173632956
            ],
            [
              29.247599750852267,
              32.200098668218196
            ],
            [
              29.24768958238068,
              32.200098668218196
            ],
            [
              29.24768958238068,
              32.2001884997466
            ],
            [
              29.247599750852267,
              32.2001884997466
            ],
            [
              29.247599750852267,
              32.20045799433184
            ],
            [
              29.24768958238068,
              32.20045799433184
            ],
            [
              29.24768958238068,
              32.20063765738867
            ],
            [
              29.247779413909093,
              32.20063765738867
            ],
            [
              29.247779413909093,
              32.20081732044549
            ],
            [
              29.247869245437503,
              32.20081732044549
            ],
            [
              29.247869245437503,
              32.2009071519739
            ],
            [
              29.247959076965916,
              32.2009071519739
            ],
            [
              29.247959076965916,
              32.201176646559134
            ],
            [
              29.24804890849433,
              32.201176646559134
            ],
            [
              29.24804890849433,
              32.201715635729606
            ],
            [
              29.247959076965916,
              32.201715635729606
            ],
            [
              29.247959076965916,
              32.202434287956905
            ],
            [
              29.247869245437503,
              32.202434287956905
            ],
            [
              29.247869245437503,
              32.20252411948532
            ],
            [
              29.247959076965916,
              32.20252411948532
            ],
            [
              29.247959076965916,
              32.20297327712738
            ],
            [
              29.24804890849433,
              32.20297327712738
            ],
            [
              29.24804890849433,
              32.20306310865579
            ],
            [
              29.247959076965916,
              32.20306310865579
            ],
            [
              29.247959076965916,
              32.203422434769436
            ],
            [
              29.24957604447733,
              32.203422434769436
            ],
            [
              29.24957604447733,
              32.20333260324102
            ],
            [
              29.249665876005743,
              32.20333260324102
            ],
            [
              29.249665876005743,
              32.202434287956905
            ],
            [
              29.249755707534156,
              32.202434287956905
            ],
            [
              29.249755707534156,
              32.20225462490008
            ],
            [
              29.249665876005743,
              32.20225462490008
            ],
            [
              29.249665876005743,
              32.201715635729606
            ],
            [
              29.24957604447733,
              32.201715635729606
            ],
            [
              29.24957604447733,
              32.2016258042012
            ],
            [
              29.249665876005743,
              32.2016258042012
            ],
            [
              29.249665876005743,
              32.20153597267279
            ],
            [
              29.24957604447733,
              32.20153597267279
            ],
            [
              29.24957604447733,
              32.200547825860255
            ],
            [
              29.24948621294892,
              32.200547825860255
            ],
            [
              29.24948621294892,
              32.20045799433184
            ],
            [
              29.24957604447733,
              32.20045799433184
            ],
            [
              29.24957604447733,
              32.20036816280343
            ],
            [
              29.24948621294892,
              32.20036816280343
            ],
            [
              29.24948621294892,
              32.2001884997466
            ],
            [
              29.249396381420507,
              32.2001884997466
            ],
            [
              29.249396381420507,
              32.19991900516137
            ],
            [
              29.249306549892097,
              32.19991900516137
            ],
            [
              29.249306549892097,
              32.199829173632956
            ],
            [
              29.24912688683527,
              32.199829173632956
            ],
            [
              29.24912688683527,
              32.19964951057614
            ],
            [
              29.248947223778448,
              32.19964951057614
            ],
            [
              29.248947223778448,
              32.199559679047724
            ],
            [
              29.248857392250034,
              32.199559679047724
            ],
            [
              29.248857392250034,
              32.19946984751931
            ],
            [
              29.24867772919321,
              32.19946984751931
            ]
          ]
        ]
      },
      "properties": {
        "event_id": "00012_det_0034",
        "source_image": "00012",
        "detection_class": "oil_spill",
        "pixel_count": 813,
        "area_m2": 68615.57,
        "area_km2": 0.068616,
        "geometry_crs": "EPSG:4326",
        "area_crs": "EPSG:32635",
        "area_method": "utm_projection_zone_35N",
        "centroid": [
          29.248719,
          32.201483
        ],
        "bbox": [
          29.2476,
          32.19938,
          29.249756,
          32.203422
        ],
        "threshold": 0.22,
        "probability_statistics": {
          "mean_probability": 0.78909,
          "max_probability": 0.98975,
          "min_probability": 0.22046,
          "std_probability": 0.23617
        }
      }
    },
    {
      "type": "Feature",
      "id": "00012_det_0035",
      "geometry": {
        "type": "Polygon",
        "coordinates": [
          [
            [
              29.249755707534156,
              32.20333260324102
            ],
            [
              29.249665876005743,
              32.20333260324102
            ],
            [
              29.249665876005743,
              32.203422434769436
            ],
            [
              29.249755707534156,
              32.203422434769436
            ],
            [
              29.249755707534156,
              32.20333260324102
            ]
          ]
        ]
      },
      "properties": {
        "event_id": "00012_det_0035",
        "source_image": "00012",
        "detection_class": "oil_spill",
        "pixel_count": 1,
        "area_m2": 84.4,
        "area_km2": 8.4e-05,
        "geometry_crs": "EPSG:4326",
        "area_crs": "EPSG:32635",
        "area_method": "utm_projection_zone_35N",
        "centroid": [
          29.249711,
          32.203378
        ],
        "bbox": [
          29.249666,
          32.203333,
          29.249756,
          32.203422
        ],
        "threshold": 0.22,
        "probability_statistics": {
          "mean_probability": 0.23254,
          "max_probability": 0.23254,
          "min_probability": 0.23254,
          "std_probability": 0.0
        }
      }
    },
    {
      "type": "Feature",
      "id": "00012_det_0036",
      "geometry": {
        "type": "Polygon",
        "coordinates": [
          [
            [
              29.255145599238872,
              32.20369192935467
            ],
            [
              29.255235430767286,
              32.20369192935467
            ],
            [
              29.255235430767286,
              32.20378176088308
            ],
            [
              29.255325262295695,
              32.20378176088308
            ],
            [
              29.255325262295695,
              32.20405125546832
            ],
            [
              29.25541509382411,
              32.20405125546832
            ],
            [
              29.25541509382411,
              32.20414108699673
            ],
            [
              29.255325262295695,
              32.20414108699673
            ],
            [
              29.255325262295695,
              32.20423091852514
            ],
            [
              29.25541509382411,
              32.20423091852514
            ],
            [
              29.25541509382411,
              32.204320750053554
            ],
            [
              29.25550492535252,
              32.204320750053554
            ],
            [
              29.25550492535252,
              32.2046800761672
            ],
            [
              29.25559475688093,
              32.2046800761672
            ],
            [
              29.25559475688093,
              32.20494957075244
            ],
            [
              29.25550492535252,
              32.20494957075244
            ],
            [
              29.25550492535252,
              32.20503940228085
            ],
            [
              29.25559475688093,
              32.20503940228085
            ],
            [
              29.25559475688093,
              32.20521906533767
            ],
            [
              29.25550492535252,
              32.20521906533767
            ],
            [
              29.25550492535252,
              32.2053987283945
            ],
            [
              29.25541509382411,
              32.2053987283945
            ],
            [
              29.25541509382411,
              32.205578391451326
            ],
            [
              29.255325262295695,
              32.205578391451326
            ],
            [
              29.255325262295695,
              32.20566822297973
            ],
            [
              29.255235430767286,
              32.20566822297973
            ],
            [
              29.255235430767286,
              32.205758054508145
            ],
            [
              29.255145599238872,
              32.205758054508145
            ],
            [
              29.255145599238872,
              32.20584788603656
            ],
            [
              29.255235430767286,
              32.20584788603656
            ],
            [
              29.255235430767286,
              32.20593771756497
            ],
            [
              29.25505576771046,
              32.20593771756497
            ],
            [
              29.25505576771046,
              32.20665636979226
            ],
            [
              29.255145599238872,
              32.20665636979226
            ],
            [
              29.255145599238872,
              32.2069258643775
            ],
            [
              29.255235430767286,
              32.2069258643775
            ],
            [
              29.255235430767286,
              32.207015695905916
            ],
            [
              29.25541509382411,
              32.207015695905916
            ],
            [
              29.25541509382411,
              32.20710552743432
            ],
            [
              29.25550492535252,
              32.20710552743432
            ],
            [
              29.25550492535252,
              32.20728519049115
            ],
            [
              29.255684588409345,
              32.20728519049115
            ],
            [
              29.255684588409345,
              32.20737502201956
            ],
            [
              29.255774419937755,
              32.20737502201956
            ],
            [
              29.255774419937755,
              32.207464853547975
            ],
            [
              29.25595408299458,
              32.207464853547975
            ],
            [
              29.25595408299458,
              32.20755468507639
            ],
            [
              29.256133746051404,
              32.20755468507639
            ],
            [
              29.256133746051404,
              32.207644516604795
            ],
            [
              29.256223577579817,
              32.207644516604795
            ],
            [
              29.256223577579817,
              32.20773434813321
            ],
            [
              29.256313409108227,
              32.20773434813321
            ],
            [
              29.256313409108227,
              32.20782417966162
            ],
            [
              29.256582903693463,
              32.20782417966162
            ],
            [
              29.256582903693463,
              32.207914011190034
            ],
            [
              29.256672735221876,
              32.207914011190034
            ],
            [
              29.256672735221876,
              32.20782417966162
            ],
            [
              29.257032061335522,
              32.20782417966162
            ],
            [
              29.257032061335522,
              32.20773434813321
            ],
            [
              29.25721172439235,
              32.20773434813321
            ],
            [
              29.25721172439235,
              32.207644516604795
            ],
            [
              29.25730155592076,
              32.207644516604795
            ],
            [
              29.25730155592076,
              32.20755468507639
            ],
            [
              29.25739138744917,
              32.20755468507639
            ],
            [
              29.25739138744917,
              32.207464853547975
            ],
            [
              29.25730155592076,
              32.207464853547975
            ],
            [
              29.25730155592076,
              32.20737502201956
            ],
            [
              29.25739138744917,
              32.20737502201956
            ],
            [
              29.25739138744917,
              32.20728519049115
            ],
            [
              29.257481218977585,
              32.20728519049115
            ],
            [
              29.257481218977585,
              32.20665636979226
            ],
            [
              29.25739138744917,
              32.20665636979226
            ],
            [
              29.25739138744917,
              32.20629704367862
            ],
            [
              29.25730155592076,
              32.20629704367862
            ],
            [
              29.25730155592076,
              32.20584788603656
            ],
            [
              29.25721172439235,
              32.20584788603656
            ],
            [
              29.25721172439235,
              32.205578391451326
            ],
            [
              29.257121892863935,
              32.205578391451326
            ],
            [
              29.257121892863935,
              32.20503940228085
            ],
            [
              29.25721172439235,
              32.20503940228085
            ],
            [
              29.25721172439235,
              32.20494957075244
            ],
            [
              29.257121892863935,
              32.20494957075244
            ],
            [
              29.257121892863935,
              32.2046800761672
            ],
            [
              29.25721172439235,
              32.2046800761672
            ],
            [
              29.25721172439235,
              32.204590244638794
            ],
            [
              29.257121892863935,
              32.204590244638794
            ],
            [
              29.257121892863935,
              32.20450041311038
            ],
            [
              29.25721172439235,
              32.20450041311038
            ],
            [
              29.25721172439235,
              32.20441058158197
            ],
            [
              29.257121892863935,
              32.20441058158197
            ],
            [
              29.257121892863935,
              32.20396142393991
            ],
            [
              29.257032061335522,
              32.20396142393991
            ],
            [
              29.257032061335522,
              32.203871592411495
            ],
            [
              29.256942229807112,
              32.203871592411495
            ],
            [
              29.256942229807112,
              32.20360209782626
            ],
            [
              29.257032061335522,
              32.20360209782626
            ],
            [
              29.257032061335522,
              32.20351226629785
            ],
            [
              29.256942229807112,
              32.20351226629785
            ],
            [
              29.256942229807112,
              32.203422434769436
            ],
            [
              29.256582903693463,
              32.203422434769436
            ],
            [
              29.256582903693463,
              32.202883445598964
            ],
            [
              29.256493072165053,
              32.202883445598964
            ],
            [
              29.256493072165053,
              32.20270378254214
            ],
            [
              29.25640324063664,
              32.20270378254214
            ],
            [
              29.25640324063664,
              32.20252411948532
            ],
            [
              29.256313409108227,
              32.20252411948532
            ],
            [
              29.256313409108227,
              32.20234445642849
            ],
            [
              29.256223577579817,
              32.20234445642849
            ],
            [
              29.256223577579817,
              32.202164793371665
            ],
            [
              29.256133746051404,
              32.202164793371665
            ],
            [
              29.256133746051404,
              32.20189529878643
            ],
            [
              29.25604391452299,
              32.20189529878643
            ],
            [
              29.25604391452299,
              32.20126647808755
            ],
            [
              29.25595408299458,
              32.20126647808755
            ],
            [
              29.25595408299458,
              32.200996983502314
            ],
            [
              29.255864251466168,
              32.200996983502314
            ],
            [
              29.255864251466168,
              32.200098668218196
            ],
            [
              29.255774419937755,
              32.200098668218196
            ],
            [
              29.255774419937755,
              32.19973934210454
            ],
            [
              29.255684588409345,
              32.19973934210454
            ],
            [
              29.255684588409345,
              32.199559679047724
            ],
            [
              29.25559475688093,
              32.199559679047724
            ],
            [
              29.25559475688093,
              32.1993800159909
            ],
            [
              29.25550492535252,
              32.1993800159909
            ],
            [
              29.25550492535252,
              32.19893085834884
            ],
            [
              29.25541509382411,
              32.19893085834884
            ],
            [
              29.25541509382411,
              32.198661363763605
            ],
            [
              29.255325262295695,
              32.198661363763605
            ],
            [
              29.255325262295695,
              32.198391869178366
            ],
            [
              29.255235430767286,
              32.198391869178366
            ],
            [
              29.255235430767286,
              32.19830203764995
            ],
            [
              29.255145599238872,
              32.19830203764995
            ],
            [
              29.255145599238872,
              32.19794271153631
            ],
            [
              29.25496593618205,
              32.19794271153631
            ],
            [
              29.25496593618205,
              32.197673216951074
            ],
            [
              29.254786273125223,
              32.197673216951074
            ],
            [
              29.254786273125223,
              32.19749355389425
            ],
            [
              29.254696441596813,
              32.19749355389425
            ],
            [
              29.254696441596813,
              32.197403722365834
            ],
            [
              29.254786273125223,
              32.197403722365834
            ],
            [
              29.254786273125223,
              32.19731389083742
            ],
            [
              29.254426947011577,
              32.19731389083742
            ],
            [
              29.254426947011577,
              32.19722405930901
            ],
            [
              29.254337115483164,
              32.19722405930901
            ],
            [
              29.254337115483164,
              32.19731389083742
            ],
            [
              29.254067620897928,
              32.19731389083742
            ],
            [
              29.254067620897928,
              32.19749355389425
            ],
            [
              29.253977789369518,
              32.19749355389425
            ],
            [
              29.253977789369518,
              32.197673216951074
            ],
            [
              29.253887957841105,
              32.197673216951074
            ],
            [
              29.253887957841105,
              32.19776304847948
            ],
            [
              29.253977789369518,
              32.19776304847948
            ],
            [
              29.253977789369518,
              32.19812237459313
            ],
            [
              29.253887957841105,
              32.19812237459313
            ],
            [
              29.253887957841105,
              32.19857153223519
            ],
            [
              29.25379812631269,
              32.19857153223519
            ],
            [
              29.25379812631269,
              32.19920035293407
            ],
            [
              29.253708294784282,
              32.19920035293407
            ],
            [
              29.253708294784282,
              32.199290184462484
            ],
            [
              29.25379812631269,
              32.199290184462484
            ],
            [
              29.25379812631269,
              32.19946984751931
            ],
            [
              29.25361846325587,
              32.19946984751931
            ],
            [
              29.25361846325587,
              32.19964951057614
            ],
            [
              29.253438800199046,
              32.19964951057614
            ],
            [
              29.253438800199046,
              32.199829173632956
            ],
            [
              29.253348968670633,
              32.199829173632956
            ],
            [
              29.253348968670633,
              32.19973934210454
            ],
            [
              29.253259137142223,
              32.19973934210454
            ],
            [
              29.253259137142223,
              32.199829173632956
            ],
            [
              29.252989642556987,
              32.199829173632956
            ],
            [
              29.252989642556987,
              32.19973934210454
            ],
            [
              29.252899811028573,
              32.19973934210454
            ],
            [
              29.252899811028573,
              32.19964951057614
            ],
            [
              29.25280997950016,
              32.19964951057614
            ],
            [
              29.25280997950016,
              32.199559679047724
            ],
            [
              29.25272014797175,
              32.199559679047724
            ],
            [
              29.25272014797175,
              32.19946984751931
            ],
            [
              29.252630316443337,
              32.19946984751931
            ],
            [
              29.252630316443337,
              32.19920035293407
            ],
            [
              29.252540484914924,
              32.19920035293407
            ],
            [
              29.252540484914924,
              32.19902068987725
            ],
            [
              29.252450653386514,
              32.19902068987725
            ],
            [
              29.252450653386514,
              32.198841026820425
            ],
            [
              29.2523608218581,
              32.198841026820425
            ],
            [
              29.2523608218581,
              32.19875119529201
            ],
            [
              29.25227099032969,
              32.19875119529201
            ],
            [
              29.25227099032969,
              32.19848170070678
            ],
            [
              29.252181158801278,
              32.19848170070678
            ],
            [
              29.252181158801278,
              32.19812237459313
            ],
            [
              29.252091327272865,
              32.19812237459313
            ],
            [
              29.252091327272865,
              32.19785288000789
            ],
            [
              29.252001495744455,
              32.19785288000789
            ],
            [
              29.252001495744455,
              32.197403722365834
            ],
            [
              29.251911664216042,
              32.197403722365834
            ],
            [
              29.251911664216042,
              32.19722405930901
            ],
            [
              29.25182183268763,
              32.19722405930901
            ],
            [
              29.25182183268763,
              32.1971342277806
            ],
            [
              29.25173200115922,
              32.1971342277806
            ],
            [
              29.25173200115922,
              32.19704439625219
            ],
            [
              29.251642169630806,
              32.19704439625219
            ],
            [
              29.251642169630806,
              32.196954564723775
            ],
            [
              29.251552338102393,
              32.196954564723775
            ],
            [
              29.251552338102393,
              32.19686473319536
            ],
            [
              29.251462506573983,
              32.19686473319536
            ],
            [
              29.251462506573983,
              32.19677490166695
            ],
            [
              29.25128284351716,
              32.19677490166695
            ],
            [
              29.25128284351716,
              32.19668507013854
            ],
            [
              29.251193011988747,
              32.19668507013854
            ],
            [
              29.251193011988747,
              32.19677490166695
            ],
            [
              29.251103180460333,
              32.19677490166695
            ],
            [
              29.251103180460333,
              32.19668507013854
            ],
            [
              29.250654022818274,
              32.19668507013854
            ],
            [
              29.250654022818274,
              32.19794271153631
            ],
            [
              29.250743854346688,
              32.19794271153631
            ],
            [
              29.250743854346688,
              32.19803254306472
            ],
            [
              29.250654022818274,
              32.19803254306472
            ],
            [
              29.250654022818274,
              32.19812237459313
            ],
            [
              29.250743854346688,
              32.19812237459313
            ],
            [
              29.250743854346688,
              32.19821220612154
            ],
            [
              29.250654022818274,
              32.19821220612154
            ],
            [
              29.250654022818274,
              32.19830203764995
            ],
            [
              29.250743854346688,
              32.19830203764995
            ],
            [
              29.250743854346688,
              32.198391869178366
            ],
            [
              29.250654022818274,
              32.198391869178366
            ],
            [
              29.250654022818274,
              32.198661363763605
            ],
            [
              29.250743854346688,
              32.198661363763605
            ],
            [
              29.250743854346688,
              32.19875119529201
            ],
            [
              29.250654022818274,
              32.19875119529201
            ],
            [
              29.250654022818274,
              32.19920035293407
            ],
            [
              29.250743854346688,
              32.19920035293407
            ],
            [
              29.250743854346688,
              32.19946984751931
            ],
            [
              29.250833685875097,
              32.19946984751931
            ],
            [
              29.250833685875097,
              32.19964951057614
            ],
            [
              29.25092351740351,
              32.19964951057614
            ],
            [
              29.25092351740351,
              32.199829173632956
            ],
            [
              29.251013348931924,
              32.199829173632956
            ],
            [
              29.251013348931924,
              32.19991900516137
            ],
            [
              29.251103180460333,
              32.19991900516137
            ],
            [
              29.251103180460333,
              32.2001884997466
            ],
            [
              29.251193011988747,
              32.2001884997466
            ],
            [
              29.251193011988747,
              32.20045799433184
            ],
            [
              29.25128284351716,
              32.20045799433184
            ],
            [
              29.25128284351716,
              32.20063765738867
            ],
            [
              29.251462506573983,
              32.20063765738867
            ],
            [
              29.251462506573983,
              32.2009071519739
            ],
            [
              29.251552338102393,
              32.2009071519739
            ],
            [
              29.251552338102393,
              32.20108681503073
            ],
            [
              29.25173200115922,
              32.20108681503073
            ],
            [
              29.25173200115922,
              32.201176646559134
            ],
            [
              29.25182183268763,
              32.201176646559134
            ],
            [
              29.25182183268763,
              32.20126647808755
            ],
            [
              29.251911664216042,
              32.20126647808755
            ],
            [
              29.251911664216042,
              32.20144614114437
            ],
            [
              29.252091327272865,
              32.20144614114437
            ],
            [
              29.252091327272865,
              32.20153597267279
            ],
            [
              29.252181158801278,
              32.20153597267279
            ],
            [
              29.252181158801278,
              32.2016258042012
            ],
            [
              29.25227099032969,
              32.2016258042012
            ],
            [
              29.25227099032969,
              32.20180546725802
            ],
            [
              29.2523608218581,
              32.20180546725802
            ],
            [
              29.2523608218581,
              32.201985130314846
            ],
            [
              29.252450653386514,
              32.201985130314846
            ],
            [
              29.252450653386514,
              32.20207496184326
            ],
            [
              29.252540484914924,
              32.20207496184326
            ],
            [
              29.252540484914924,
              32.20225462490008
            ],
            [
              29.252630316443337,
              32.20225462490008
            ],
            [
              29.252630316443337,
              32.20261395101373
            ],
            [
              29.25272014797175,
              32.20261395101373
            ],
            [
              29.25272014797175,
              32.20270378254214
            ],
            [
              29.25280997950016,
              32.20270378254214
            ],
            [
              29.25280997950016,
              32.20279361407055
            ],
            [
              29.252899811028573,
              32.20279361407055
            ],
            [
              29.252899811028573,
              32.202883445598964
            ],
            [
              29.252989642556987,
              32.202883445598964
            ],
            [
              29.252989642556987,
              32.20297327712738
            ],
            [
              29.253259137142223,
              32.20297327712738
            ],
            [
              29.253259137142223,
              32.20306310865579
            ],
            [
              29.253348968670633,
              32.20306310865579
            ],
            [
              29.253348968670633,
              32.20297327712738
            ],
            [
              29.253528631727455,
              32.20297327712738
            ],
            [
              29.253528631727455,
              32.20306310865579
            ],
            [
              29.25361846325587,
              32.20306310865579
            ],
            [
              29.25361846325587,
              32.2031529401842
            ],
            [
              29.253708294784282,
              32.2031529401842
            ],
            [
              29.253708294784282,
              32.20333260324102
            ],
            [
              29.25379812631269,
              32.20333260324102
            ],
            [
              29.25379812631269,
              32.203422434769436
            ],
            [
              29.255145599238872,
              32.203422434769436
            ],
            [
              29.255145599238872,
              32.20369192935467
            ]
          ]
        ]
      },
      "properties": {
        "event_id": "00012_det_0036",
        "source_image": "00012",
        "detection_class": "oil_spill",
        "pixel_count": 3792,
        "area_m2": 320037.79,
        "area_km2": 0.320038,
        "geometry_crs": "EPSG:4326",
        "area_crs": "EPSG:32635",
        "area_method": "utm_projection_zone_35N",
        "centroid": [
          29.25432,
          32.201793
        ],
        "bbox": [
          29.250654,
          32.196685,
          29.257481,
          32.207914
        ],
        "threshold": 0.22,
        "probability_statistics": {
          "mean_probability": 0.86177,
          "max_probability": 0.99902,
          "min_probability": 0.22034,
          "std_probability": 0.21069
        }
      }
    },
    {
      "type": "Feature",
      "id": "00012_det_0037",
      "geometry": {
        "type": "Polygon",
        "coordinates": [
          [
            [
              29.253528631727455,
              32.2031529401842
            ],
            [
              29.253528631727455,
              32.20333260324102
            ],
            [
              29.25361846325587,
              32.20333260324102
            ],
            [
              29.25361846325587,
              32.2031529401842
            ],
            [
              29.253528631727455,
              32.2031529401842
            ]
          ]
        ]
      },
      "properties": {
        "event_id": "00012_det_0037",
        "source_image": "00012",
        "detection_class": "oil_spill",
        "pixel_count": 2,
        "area_m2": 168.79,
        "area_km2": 0.000169,
        "geometry_crs": "EPSG:4326",
        "area_crs": "EPSG:32635",
        "area_method": "utm_projection_zone_35N",
        "centroid": [
          29.253574,
          32.203243
        ],
        "bbox": [
          29.253529,
          32.203153,
          29.253618,
          32.203333
        ],
        "threshold": 0.22,
        "probability_statistics": {
          "mean_probability": 0.22888,
          "max_probability": 0.23315,
          "min_probability": 0.22461,
          "std_probability": 0.00427
        }
      }
    },
    {
      "type": "Feature",
      "id": "00012_det_0038",
      "geometry": {
        "type": "Polygon",
        "coordinates": [
          [
            [
              29.25361846325587,
              32.203422434769436
            ],
            [
              29.253708294784282,
              32.203422434769436
            ],
            [
              29.253708294784282,
              32.20333260324102
            ],
            [
              29.25361846325587,
              32.20333260324102
            ],
            [
              29.25361846325587,
              32.203422434769436
            ]
          ]
        ]
      },
      "properties": {
        "event_id": "00012_det_0038",
        "source_image": "00012",
        "detection_class": "oil_spill",
        "pixel_count": 1,
        "area_m2": 84.4,
        "area_km2": 8.4e-05,
        "geometry_crs": "EPSG:4326",
        "area_crs": "EPSG:32635",
        "area_method": "utm_projection_zone_35N",
        "centroid": [
          29.253663,
          32.203378
        ],
        "bbox": [
          29.253618,
          32.203333,
          29.253708,
          32.203422
        ],
        "threshold": 0.22,
        "probability_statistics": {
          "mean_probability": 0.25244,
          "max_probability": 0.25244,
          "min_probability": 0.25244,
          "std_probability": 0.0
        }
      }
    },
    {
      "type": "Feature",
      "id": "00012_det_0039",
      "geometry": {
        "type": "Polygon",
        "coordinates": [
          [
            [
              29.244725141943086,
              32.19749355389425
            ],
            [
              29.244725141943086,
              32.19731389083742
            ],
            [
              29.244545478886263,
              32.19731389083742
            ],
            [
              29.244545478886263,
              32.19722405930901
            ],
            [
              29.24436581582944,
              32.19722405930901
            ],
            [
              29.24436581582944,
              32.1971342277806
            ],
            [
              29.244275984301026,
              32.1971342277806
            ],
            [
              29.244275984301026,
              32.19704439625219
            ],
            [
              29.244096321244204,
              32.19704439625219
            ],
            [
              29.244096321244204,
              32.19686473319536
            ],
            [
              29.24400648971579,
              32.19686473319536
            ],
            [
              29.24400648971579,
              32.19677490166695
            ],
            [
              29.243916658187377,
              32.19677490166695
            ],
            [
              29.243916658187377,
              32.19659523861013
            ],
            [
              29.243826826658967,
              32.19659523861013
            ],
            [
              29.243826826658967,
              32.19605624943966
            ],
            [
              29.24400648971579,
              32.19605624943966
            ],
            [
              29.24400648971579,
              32.195966417911244
            ],
            [
              29.244275984301026,
              32.195966417911244
            ],
            [
              29.244275984301026,
              32.19605624943966
            ],
            [
              29.24445564735785,
              32.19605624943966
            ],
            [
              29.24445564735785,
              32.19614608096807
            ],
            [
              29.244545478886263,
              32.19614608096807
            ],
            [
              29.244545478886263,
              32.196235912496476
            ],
            [
              29.244725141943086,
              32.196235912496476
            ],
            [
              29.244725141943086,
              32.19632574402489
            ],
            [
              29.2448149734715,
              32.19632574402489
            ],
            [
              29.2448149734715,
              32.1964155755533
            ],
            [
              29.24499463652832,
              32.1964155755533
            ],
            [
              29.24499463652832,
              32.196505407081716
            ],
            [
              29.245084468056735,
              32.196505407081716
            ],
            [
              29.245084468056735,
              32.19668507013854
            ],
            [
              29.245174299585145,
              32.19668507013854
            ],
            [
              29.245174299585145,
              32.196954564723775
            ],
            [
              29.245264131113558,
              32.196954564723775
            ],
            [
              29.245264131113558,
              32.19722405930901
            ],
            [
              29.245174299585145,
              32.19722405930901
            ],
            [
              29.245174299585145,
              32.19731389083742
            ],
            [
              29.245084468056735,
              32.19731389083742
            ],
            [
              29.245084468056735,
              32.197403722365834
            ],
            [
              29.24499463652832,
              32.197403722365834
            ],
            [
              29.24499463652832,
              32.19749355389425
            ],
            [
              29.244725141943086,
              32.19749355389425
            ]
          ]
        ]
      },
      "properties": {
        "event_id": "00012_det_0039",
        "source_image": "00012",
        "detection_class": "oil_spill",
        "pixel_count": 166,
        "area_m2": 14010.73,
        "area_km2": 0.014011,
        "geometry_crs": "EPSG:4326",
        "area_crs": "EPSG:32635",
        "area_method": "utm_projection_zone_35N",
        "centroid": [
          29.24453,
          32.196713
        ],
        "bbox": [
          29.243827,
          32.195966,
          29.245264,
          32.197494
        ],
        "threshold": 0.22,
        "probability_statistics": {
          "mean_probability": 0.50754,
          "max_probability": 0.81641,
          "min_probability": 0.2207,
          "std_probability": 0.17909
        }
      }
    },
    {
      "type": "Feature",
      "id": "00012_det_0040",
      "geometry": {
        "type": "Polygon",
        "coordinates": [
          [
            [
              29.248408234607975,
              32.195247765683945
            ],
            [
              29.248318403079566,
              32.195247765683945
            ],
            [
              29.248318403079566,
              32.195068102627125
            ],
            [
              29.24813874002274,
              32.195068102627125
            ],
            [
              29.24813874002274,
              32.1948884395703
            ],
            [
              29.247959076965916,
              32.1948884395703
            ],
            [
              29.247959076965916,
              32.19470877651348
            ],
            [
              29.247779413909093,
              32.19470877651348
            ],
            [
              29.247779413909093,
              32.194618944985066
            ],
            [
              29.24768958238068,
              32.194618944985066
            ],
            [
              29.24768958238068,
              32.19452911345665
            ],
            [
              29.247599750852267,
              32.19452911345665
            ],
            [
              29.247599750852267,
              32.19434945039983
            ],
            [
              29.247509919323857,
              32.19434945039983
            ],
            [
              29.247509919323857,
              32.19425961887141
            ],
            [
              29.247420087795444,
              32.19425961887141
            ],
            [
              29.247420087795444,
              32.19416978734301
            ],
            [
              29.247330256267034,
              32.19416978734301
            ],
            [
              29.247330256267034,
              32.194079955814594
            ],
            [
              29.24724042473862,
              32.194079955814594
            ],
            [
              29.24724042473862,
              32.19399012428618
            ],
            [
              29.247150593210208,
              32.19399012428618
            ],
            [
              29.247150593210208,
              32.19390029275777
            ],
            [
              29.247060761681798,
              32.19390029275777
            ],
            [
              29.247060761681798,
              32.193810461229354
            ],
            [
              29.246970930153385,
              32.193810461229354
            ],
            [
              29.246970930153385,
              32.19372062970095
            ],
            [
              29.24688109862497,
              32.19372062970095
            ],
            [
              29.24688109862497,
              32.193630798172535
            ],
            [
              29.24679126709656,
              32.193630798172535
            ],
            [
              29.24679126709656,
              32.19354096664412
            ],
            [
              29.24670143556815,
              32.19354096664412
            ],
            [
              29.24670143556815,
              32.193361303587295
            ],
            [
              29.246521772511326,
              32.193361303587295
            ],
            [
              29.246521772511326,
              32.193181640530476
            ],
            [
              29.246431940982912,
              32.193181640530476
            ],
            [
              29.246431940982912,
              32.19309180900206
            ],
            [
              29.246342109454503,
              32.19309180900206
            ],
            [
              29.246342109454503,
              32.19300197747365
            ],
            [
              29.246162446397676,
              32.19300197747365
            ],
            [
              29.246162446397676,
              32.192912145945236
            ],
            [
              29.245623457227204,
              32.192912145945236
            ],
            [
              29.245623457227204,
              32.19300197747365
            ],
            [
              29.24535396264197,
              32.19300197747365
            ],
            [
              29.24535396264197,
              32.19327147205888
            ],
            [
              29.245264131113558,
              32.19327147205888
            ],
            [
              29.245264131113558,
              32.193361303587295
            ],
            [
              29.245174299585145,
              32.193361303587295
            ],
            [
              29.245174299585145,
              32.193630798172535
            ],
            [
              29.245264131113558,
              32.193630798172535
            ],
            [
              29.245264131113558,
              32.19372062970095
            ],
            [
              29.245174299585145,
              32.19372062970095
            ],
            [
              29.245174299585145,
              32.193810461229354
            ],
            [
              29.245264131113558,
              32.193810461229354
            ],
            [
              29.245264131113558,
              32.19390029275777
            ],
            [
              29.24535396264197,
              32.19390029275777
            ],
            [
              29.24535396264197,
              32.194079955814594
            ],
            [
              29.24544379417038,
              32.194079955814594
            ],
            [
              29.24544379417038,
              32.19416978734301
            ],
            [
              29.245713288755617,
              32.19416978734301
            ],
            [
              29.245713288755617,
              32.19425961887141
            ],
            [
              29.24589295181244,
              32.19425961887141
            ],
            [
              29.24589295181244,
              32.19434945039983
            ],
            [
              29.246072614869266,
              32.19434945039983
            ],
            [
              29.246072614869266,
              32.19443928192824
            ],
            [
              29.24625227792609,
              32.19443928192824
            ],
            [
              29.24625227792609,
              32.19452911345665
            ],
            [
              29.246342109454503,
              32.19452911345665
            ],
            [
              29.246342109454503,
              32.194618944985066
            ],
            [
              29.246521772511326,
              32.194618944985066
            ],
            [
              29.246521772511326,
              32.19470877651348
            ],
            [
              29.24670143556815,
              32.19470877651348
            ],
            [
              29.24670143556815,
              32.194798608041886
            ],
            [
              29.24688109862497,
              32.194798608041886
            ],
            [
              29.24688109862497,
              32.1948884395703
            ],
            [
              29.247150593210208,
              32.1948884395703
            ],
            [
              29.247150593210208,
              32.19497827109871
            ],
            [
              29.24724042473862,
              32.19497827109871
            ],
            [
              29.24724042473862,
              32.195068102627125
            ],
            [
              29.247330256267034,
              32.195068102627125
            ],
            [
              29.247330256267034,
              32.19515793415554
            ],
            [
              29.247420087795444,
              32.19515793415554
            ],
            [
              29.247420087795444,
              32.195247765683945
            ],
            [
              29.247509919323857,
              32.195247765683945
            ],
            [
              29.247509919323857,
              32.19542742874077
            ],
            [
              29.247599750852267,
              32.19542742874077
            ],
            [
              29.247599750852267,
              32.195517260269185
            ],
            [
              29.24768958238068,
              32.195517260269185
            ],
            [
              29.24768958238068,
              32.1956070917976
            ],
            [
              29.247869245437503,
              32.1956070917976
            ],
            [
              29.247869245437503,
              32.19569692332601
            ],
            [
              29.247959076965916,
              32.19569692332601
            ],
            [
              29.247959076965916,
              32.19578675485442
            ],
            [
              29.24813874002274,
              32.19578675485442
            ],
            [
              29.24813874002274,
              32.19587658638283
            ],
            [
              29.248408234607975,
              32.19587658638283
            ],
            [
              29.248408234607975,
              32.19578675485442
            ],
            [
              29.24849806613639,
              32.19578675485442
            ],
            [
              29.24849806613639,
              32.19569692332601
            ],
            [
              29.248408234607975,
              32.19569692332601
            ],
            [
              29.248408234607975,
              32.1956070917976
            ],
            [
              29.24849806613639,
              32.1956070917976
            ],
            [
              29.24849806613639,
              32.19533759721236
            ],
            [
              29.248408234607975,
              32.19533759721236
            ],
            [
              29.248408234607975,
              32.195247765683945
            ]
          ]
        ]
      },
      "properties": {
        "event_id": "00012_det_0040",
        "source_image": "00012",
        "detection_class": "oil_spill",
        "pixel_count": 449,
        "area_m2": 37897.58,
        "area_km2": 0.037898,
        "geometry_crs": "EPSG:4326",
        "area_crs": "EPSG:32635",
        "area_method": "utm_projection_zone_35N",
        "centroid": [
          29.24672,
          32.194235
        ],
        "bbox": [
          29.245174,
          32.192912,
          29.248498,
          32.195877
        ],
        "threshold": 0.22,
        "probability_statistics": {
          "mean_probability": 0.59532,
          "max_probability": 0.93311,
          "min_probability": 0.22168,
          "std_probability": 0.21431
        }
      }
    },
    {
      "type": "Feature",
      "id": "00012_det_0041",
      "geometry": {
        "type": "Polygon",
        "coordinates": [
          [
            [
              29.248587897664798,
              32.19569692332601
            ],
            [
              29.248587897664798,
              32.1956070917976
            ],
            [
              29.24849806613639,
              32.1956070917976
            ],
            [
              29.24849806613639,
              32.19569692332601
            ],
            [
              29.248587897664798,
              32.19569692332601
            ]
          ]
        ]
      },
      "properties": {
        "event_id": "00012_det_0041",
        "source_image": "00012",
        "detection_class": "oil_spill",
        "pixel_count": 1,
        "area_m2": 84.4,
        "area_km2": 8.4e-05,
        "geometry_crs": "EPSG:4326",
        "area_crs": "EPSG:32635",
        "area_method": "utm_projection_zone_35N",
        "centroid": [
          29.248543,
          32.195652
        ],
        "bbox": [
          29.248498,
          32.195607,
          29.248588,
          32.195697
        ],
        "threshold": 0.22,
        "probability_statistics": {
          "mean_probability": 0.23096,
          "max_probability": 0.23096,
          "min_probability": 0.23096,
          "std_probability": 0.0
        }
      }
    },
    {
      "type": "Feature",
      "id": "00012_det_0042",
      "geometry": {
        "type": "Polygon",
        "coordinates": [
          [
            [
              29.22972327669829,
              32.192912145945236
            ],
            [
              29.22972327669829,
              32.19282231441682
            ],
            [
              29.2298131082267,
              32.19282231441682
            ],
            [
              29.2298131082267,
              32.192912145945236
            ],
            [
              29.22972327669829,
              32.192912145945236
            ]
          ]
        ]
      },
      "properties": {
        "event_id": "00012_det_0042",
        "source_image": "00012",
        "detection_class": "oil_spill",
        "pixel_count": 1,
        "area_m2": 84.4,
        "area_km2": 8.4e-05,
        "geometry_crs": "EPSG:4326",
        "area_crs": "EPSG:32635",
        "area_method": "utm_projection_zone_35N",
        "centroid": [
          29.229768,
          32.192867
        ],
        "bbox": [
          29.229723,
          32.192822,
          29.229813,
          32.192912
        ],
        "threshold": 0.22,
        "probability_statistics": {
          "mean_probability": 0.23096,
          "max_probability": 0.23096,
          "min_probability": 0.23096,
          "std_probability": 0.0
        }
      }
    },
    {
      "type": "Feature",
      "id": "00012_det_0043",
      "geometry": {
        "type": "Polygon",
        "coordinates": [
          [
            [
              29.231519907266527,
              32.187162928126874
            ],
            [
              29.231519907266527,
              32.18707309659846
            ],
            [
              29.23160973879494,
              32.18707309659846
            ],
            [
              29.23160973879494,
              32.187162928126874
            ],
            [
              29.231519907266527,
              32.187162928126874
            ]
          ]
        ]
      },
      "properties": {
        "event_id": "00012_det_0043",
        "source_image": "00012",
        "detection_class": "oil_spill",
        "pixel_count": 1,
        "area_m2": 84.41,
        "area_km2": 8.4e-05,
        "geometry_crs": "EPSG:4326",
        "area_crs": "EPSG:32635",
        "area_method": "utm_projection_zone_35N",
        "centroid": [
          29.231565,
          32.187118
        ],
        "bbox": [
          29.23152,
          32.187073,
          29.23161,
          32.187163
        ],
        "threshold": 0.22,
        "probability_statistics": {
          "mean_probability": 0.24731,
          "max_probability": 0.24731,
          "min_probability": 0.24731,
          "std_probability": 0.0
        }
      }
    },
    {
      "type": "Feature",
      "id": "00012_det_0044",
      "geometry": {
        "type": "Polygon",
        "coordinates": [
          [
            [
              29.244096321244204,
              32.18572562367228
            ],
            [
              29.244096321244204,
              32.18563579214387
            ],
            [
              29.244186152772613,
              32.18563579214387
            ],
            [
              29.244186152772613,
              32.18572562367228
            ],
            [
              29.244096321244204,
              32.18572562367228
            ]
          ]
        ]
      },
      "properties": {
        "event_id": "00012_det_0044",
        "source_image": "00012",
        "detection_class": "oil_spill",
        "pixel_count": 1,
        "area_m2": 84.41,
        "area_km2": 8.4e-05,
        "geometry_crs": "EPSG:4326",
        "area_crs": "EPSG:32635",
        "area_method": "utm_projection_zone_35N",
        "centroid": [
          29.244141,
          32.185681
        ],
        "bbox": [
          29.244096,
          32.185636,
          29.244186,
          32.185726
        ],
        "threshold": 0.22,
        "probability_statistics": {
          "mean_probability": 0.23499,
          "max_probability": 0.23499,
          "min_probability": 0.23499,
          "std_probability": 0.0
        }
      }
    },
    {
      "type": "Feature",
      "id": "00012_det_0045",
      "geometry": {
        "type": "Polygon",
        "coordinates": [
          [
            [
              29.244096321244204,
              32.18536629755863
            ],
            [
              29.244096321244204,
              32.185276466030224
            ],
            [
              29.244186152772613,
              32.185276466030224
            ],
            [
              29.244186152772613,
              32.18536629755863
            ],
            [
              29.244096321244204,
              32.18536629755863
            ]
          ]
        ]
      },
      "properties": {
        "event_id": "00012_det_0045",
        "source_image": "00012",
        "detection_class": "oil_spill",
        "pixel_count": 1,
        "area_m2": 84.41,
        "area_km2": 8.4e-05,
        "geometry_crs": "EPSG:4326",
        "area_crs": "EPSG:32635",
        "area_method": "utm_projection_zone_35N",
        "centroid": [
          29.244141,
          32.185321
        ],
        "bbox": [
          29.244096,
          32.185276,
          29.244186,
          32.185366
        ],
        "threshold": 0.22,
        "probability_statistics": {
          "mean_probability": 0.22156,
          "max_probability": 0.22156,
          "min_probability": 0.22156,
          "std_probability": 0.0
        }
      }
    },
    {
      "type": "Feature",
      "id": "00012_det_0046",
      "geometry": {
        "type": "Polygon",
        "coordinates": [
          [
            [
              29.238257271897425,
              32.18653410742799
            ],
            [
              29.238257271897425,
              32.186444275899575
            ],
            [
              29.2380776088406,
              32.186444275899575
            ],
            [
              29.2380776088406,
              32.186264612842756
            ],
            [
              29.23789794578378,
              32.186264612842756
            ],
            [
              29.23789794578378,
              32.18608494978593
            ],
            [
              29.237808114255365,
              32.18608494978593
            ],
            [
              29.237808114255365,
              32.1859052867291
            ],
            [
              29.237718282726952,
              32.1859052867291
            ],
            [
              29.237718282726952,
              32.18572562367228
            ],
            [
              29.237628451198542,
              32.18572562367228
            ],
            [
              29.237628451198542,
              32.18563579214387
            ],
            [
              29.23753861967013,
              32.18563579214387
            ],
            [
              29.23753861967013,
              32.18536629755863
            ],
            [
              29.237448788141716,
              32.18536629755863
            ],
            [
              29.237448788141716,
              32.185006971444984
            ],
            [
              29.237358956613306,
              32.185006971444984
            ],
            [
              29.237358956613306,
              32.184827308388165
            ],
            [
              29.237269125084893,
              32.184827308388165
            ],
            [
              29.237269125084893,
              32.18464764533134
            ],
            [
              29.237179293556483,
              32.18464764533134
            ],
            [
              29.237179293556483,
              32.18446798227451
            ],
            [
              29.237269125084893,
              32.18446798227451
            ],
            [
              29.237269125084893,
              32.18419848768928
            ],
            [
              29.237358956613306,
              32.18419848768928
            ],
            [
              29.237358956613306,
              32.18401882463245
            ],
            [
              29.237448788141716,
              32.18401882463245
            ],
            [
              29.237448788141716,
              32.183839161575634
            ],
            [
              29.23753861967013,
              32.183839161575634
            ],
            [
              29.23753861967013,
              32.18365949851881
            ],
            [
              29.237808114255365,
              32.18365949851881
            ],
            [
              29.237808114255365,
              32.18374933004722
            ],
            [
              29.23789794578378,
              32.18374933004722
            ],
            [
              29.23789794578378,
              32.18392899310404
            ],
            [
              29.23798777731219,
              32.18392899310404
            ],
            [
              29.23798777731219,
              32.18401882463245
            ],
            [
              29.2380776088406,
              32.18401882463245
            ],
            [
              29.2380776088406,
              32.18419848768928
            ],
            [
              29.238167440369015,
              32.18419848768928
            ],
            [
              29.238167440369015,
              32.18428831921769
            ],
            [
              29.238257271897425,
              32.18428831921769
            ],
            [
              29.238257271897425,
              32.184557813802925
            ],
            [
              29.238347103425838,
              32.184557813802925
            ],
            [
              29.238347103425838,
              32.18473747685975
            ],
            [
              29.238436934954247,
              32.18473747685975
            ],
            [
              29.238436934954247,
              32.185006971444984
            ],
            [
              29.238616598011074,
              32.185006971444984
            ],
            [
              29.238616598011074,
              32.1859052867291
            ],
            [
              29.238706429539484,
              32.1859052867291
            ],
            [
              29.238706429539484,
              32.185995118257516
            ],
            [
              29.238616598011074,
              32.185995118257516
            ],
            [
              29.238616598011074,
              32.18635444437116
            ],
            [
              29.23852676648266,
              32.18635444437116
            ],
            [
              29.23852676648266,
              32.186444275899575
            ],
            [
              29.238347103425838,
              32.186444275899575
            ],
            [
              29.238347103425838,
              32.18653410742799
            ],
            [
              29.238257271897425,
              32.18653410742799
            ]
          ]
        ]
      },
      "properties": {
        "event_id": "00012_det_0046",
        "source_image": "00012",
        "detection_class": "oil_spill",
        "pixel_count": 306,
        "area_m2": 25830.07,
        "area_km2": 0.02583,
        "geometry_crs": "EPSG:4326",
        "area_crs": "EPSG:32635",
        "area_method": "utm_projection_zone_35N",
        "centroid": [
          29.237969,
          32.185098
        ],
        "bbox": [
          29.237179,
          32.183659,
          29.238706,
          32.186534
        ],
        "threshold": 0.22,
        "probability_statistics": {
          "mean_probability": 0.63364,
          "max_probability": 0.93896,
          "min_probability": 0.22168,
          "std_probability": 0.22397
        }
      }
    },
    {
      "type": "Feature",
      "id": "00012_det_0047",
      "geometry": {
        "type": "Polygon",
        "coordinates": [
          [
            [
              29.244725141943086,
              32.168567801745596
            ],
            [
              29.244635310414672,
              32.168567801745596
            ],
            [
              29.244635310414672,
              32.16865763327401
            ],
            [
              29.244725141943086,
              32.16865763327401
            ],
            [
              29.244725141943086,
              32.168567801745596
            ]
          ]
        ]
      },
      "properties": {
        "event_id": "00012_det_0047",
        "source_image": "00012",
        "detection_class": "oil_spill",
        "pixel_count": 1,
        "area_m2": 84.43,
        "area_km2": 8.4e-05,
        "geometry_crs": "EPSG:4326",
        "area_crs": "EPSG:32635",
        "area_method": "utm_projection_zone_35N",
        "centroid": [
          29.24468,
          32.168613
        ],
        "bbox": [
          29.244635,
          32.168568,
          29.244725,
          32.168658
        ],
        "threshold": 0.22,
        "probability_statistics": {
          "mean_probability": 0.22205,
          "max_probability": 0.22205,
          "min_probability": 0.22205,
          "std_probability": 0.0
        }
      }
    },
    {
      "type": "Feature",
      "id": "00012_det_0048",
      "geometry": {
        "type": "Polygon",
        "coordinates": [
          [
            [
              29.242748848318023,
              32.1798865743255
            ],
            [
              29.24265901678961,
              32.1798865743255
            ],
            [
              29.24265901678961,
              32.18006623738233
            ],
            [
              29.2425691852612,
              32.18006623738233
            ],
            [
              29.2425691852612,
              32.180245900439154
            ],
            [
              29.242479353732787,
              32.180245900439154
            ],
            [
              29.242479353732787,
              32.18042556349597
            ],
            [
              29.242389522204377,
              32.18042556349597
            ],
            [
              29.242389522204377,
              32.1806052265528
            ],
            [
              29.242479353732787,
              32.1806052265528
            ],
            [
              29.242479353732787,
              32.18087472113804
            ],
            [
              29.2425691852612,
              32.18087472113804
            ],
            [
              29.2425691852612,
              32.1813238787801
            ],
            [
              29.24265901678961,
              32.1813238787801
            ],
            [
              29.24265901678961,
              32.181413710308505
            ],
            [
              29.242748848318023,
              32.181413710308505
            ],
            [
              29.242748848318023,
              32.181683204893744
            ],
            [
              29.242838679846436,
              32.181683204893744
            ],
            [
              29.242838679846436,
              32.18177303642216
            ],
            [
              29.242928511374846,
              32.18177303642216
            ],
            [
              29.242928511374846,
              32.1821323625358
            ],
            [
              29.24301834290326,
              32.1821323625358
            ],
            [
              29.24301834290326,
              32.18231202559263
            ],
            [
              29.242928511374846,
              32.18231202559263
            ],
            [
              29.242928511374846,
              32.18249168864945
            ],
            [
              29.24301834290326,
              32.18249168864945
            ],
            [
              29.24301834290326,
              32.182671351706276
            ],
            [
              29.243108174431672,
              32.182671351706276
            ],
            [
              29.243108174431672,
              32.18276118323469
            ],
            [
              29.24301834290326,
              32.18276118323469
            ],
            [
              29.24301834290326,
              32.18294084629151
            ],
            [
              29.242928511374846,
              32.18294084629151
            ],
            [
              29.242928511374846,
              32.18303067781992
            ],
            [
              29.242838679846436,
              32.18303067781992
            ],
            [
              29.242838679846436,
              32.18330017240516
            ],
            [
              29.2425691852612,
              32.18330017240516
            ],
            [
              29.2425691852612,
              32.18339000393357
            ],
            [
              29.242389522204377,
              32.18339000393357
            ],
            [
              29.242389522204377,
              32.183569666990394
            ],
            [
              29.242299690675964,
              32.183569666990394
            ],
            [
              29.242299690675964,
              32.18365949851881
            ],
            [
              29.24220985914755,
              32.18365949851881
            ],
            [
              29.24220985914755,
              32.18374933004722
            ],
            [
              29.24212002761914,
              32.18374933004722
            ],
            [
              29.24212002761914,
              32.18401882463245
            ],
            [
              29.242030196090727,
              32.18401882463245
            ],
            [
              29.242030196090727,
              32.184557813802925
            ],
            [
              29.241940364562314,
              32.184557813802925
            ],
            [
              29.241940364562314,
              32.18464764533134
            ],
            [
              29.242030196090727,
              32.18464764533134
            ],
            [
              29.242030196090727,
              32.185276466030224
            ],
            [
              29.241940364562314,
              32.185276466030224
            ],
            [
              29.241940364562314,
              32.18536629755863
            ],
            [
              29.242030196090727,
              32.18536629755863
            ],
            [
              29.242030196090727,
              32.18554596061546
            ],
            [
              29.24212002761914,
              32.18554596061546
            ],
            [
              29.24212002761914,
              32.18608494978593
            ],
            [
              29.24220985914755,
              32.18608494978593
            ],
            [
              29.24220985914755,
              32.18635444437116
            ],
            [
              29.242299690675964,
              32.18635444437116
            ],
            [
              29.242299690675964,
              32.1866239389564
            ],
            [
              29.242389522204377,
              32.1866239389564
            ],
            [
              29.242389522204377,
              32.186713770484815
            ],
            [
              29.242299690675964,
              32.186713770484815
            ],
            [
              29.242299690675964,
              32.18680360201323
            ],
            [
              29.242389522204377,
              32.18680360201323
            ],
            [
              29.242389522204377,
              32.18698326507005
            ],
            [
              29.242479353732787,
              32.18698326507005
            ],
            [
              29.242479353732787,
              32.18725275965529
            ],
            [
              29.2425691852612,
              32.18725275965529
            ],
            [
              29.2425691852612,
              32.18761208576893
            ],
            [
              29.24265901678961,
              32.18761208576893
            ],
            [
              29.24265901678961,
              32.187701917297346
            ],
            [
              29.242748848318023,
              32.187701917297346
            ],
            [
              29.242748848318023,
              32.18779174882576
            ],
            [
              29.24265901678961,
              32.18779174882576
            ],
            [
              29.24265901678961,
              32.187881580354166
            ],
            [
              29.242748848318023,
              32.187881580354166
            ],
            [
              29.242748848318023,
              32.18797141188258
            ],
            [
              29.24265901678961,
              32.18797141188258
            ],
            [
              29.24265901678961,
              32.18806124341099
            ],
            [
              29.242748848318023,
              32.18806124341099
            ],
            [
              29.242748848318023,
              32.188151074939405
            ],
            [
              29.2425691852612,
              32.188151074939405
            ],
            [
              29.2425691852612,
              32.18824090646782
            ],
            [
              29.24265901678961,
              32.18824090646782
            ],
            [
              29.24265901678961,
              32.188330737996225
            ],
            [
              29.2425691852612,
              32.188330737996225
            ],
            [
              29.2425691852612,
              32.188600232581464
            ],
            [
              29.242479353732787,
              32.188600232581464
            ],
            [
              29.242479353732787,
              32.18940871633717
            ],
            [
              29.2425691852612,
              32.18940871633717
            ],
            [
              29.2425691852612,
              32.18967821092241
            ],
            [
              29.24265901678961,
              32.18967821092241
            ],
            [
              29.24265901678961,
              32.18976804245082
            ],
            [
              29.242748848318023,
              32.18976804245082
            ],
            [
              29.242748848318023,
              32.18985787397923
            ],
            [
              29.242838679846436,
              32.18985787397923
            ],
            [
              29.242838679846436,
              32.18994770550764
            ],
            [
              29.242928511374846,
              32.18994770550764
            ],
            [
              29.242928511374846,
              32.190037537036055
            ],
            [
              29.243108174431672,
              32.190037537036055
            ],
            [
              29.243108174431672,
              32.19012736856447
            ],
            [
              29.24337766901691,
              32.19012736856447
            ],
            [
              29.24337766901691,
              32.19021720009288
            ],
            [
              29.243467500545318,
              32.19021720009288
            ],
            [
              29.243467500545318,
              32.19012736856447
            ],
            [
              29.24355733207373,
              32.19012736856447
            ],
            [
              29.24355733207373,
              32.190037537036055
            ],
            [
              29.24364716360214,
              32.190037537036055
            ],
            [
              29.24364716360214,
              32.18994770550764
            ],
            [
              29.243736995130554,
              32.18994770550764
            ],
            [
              29.243736995130554,
              32.18967821092241
            ],
            [
              29.243826826658967,
              32.18967821092241
            ],
            [
              29.243826826658967,
              32.18949854786558
            ],
            [
              29.243916658187377,
              32.18949854786558
            ],
            [
              29.243916658187377,
              32.18904939022352
            ],
            [
              29.243826826658967,
              32.18904939022352
            ],
            [
              29.243826826658967,
              32.18877989563829
            ],
            [
              29.243736995130554,
              32.18877989563829
            ],
            [
              29.243736995130554,
              32.18869006410988
            ],
            [
              29.24364716360214,
              32.18869006410988
            ],
            [
              29.24364716360214,
              32.188151074939405
            ],
            [
              29.243736995130554,
              32.188151074939405
            ],
            [
              29.243736995130554,
              32.18806124341099
            ],
            [
              29.243826826658967,
              32.18806124341099
            ],
            [
              29.243826826658967,
              32.18797141188258
            ],
            [
              29.243916658187377,
              32.18797141188258
            ],
            [
              29.243916658187377,
              32.187701917297346
            ],
            [
              29.24400648971579,
              32.187701917297346
            ],
            [
              29.24400648971579,
              32.18743242271211
            ],
            [
              29.244096321244204,
              32.18743242271211
            ],
            [
              29.244096321244204,
              32.18608494978593
            ],
            [
              29.244186152772613,
              32.18608494978593
            ],
            [
              29.244186152772613,
              32.185995118257516
            ],
            [
              29.244096321244204,
              32.185995118257516
            ],
            [
              29.244096321244204,
              32.1858154552007
            ],
            [
              29.24400648971579,
              32.1858154552007
            ],
            [
              29.24400648971579,
              32.18563579214387
            ],
            [
              29.243916658187377,
              32.18563579214387
            ],
            [
              29.243916658187377,
              32.18554596061546
            ],
            [
              29.24400648971579,
              32.18554596061546
            ],
            [
              29.24400648971579,
              32.18536629755863
            ],
            [
              29.243916658187377,
              32.18536629755863
            ],
            [
              29.243916658187377,
              32.185276466030224
            ],
            [
              29.243826826658967,
              32.185276466030224
            ],
            [
              29.243826826658967,
              32.1850968029734
            ],
            [
              29.243916658187377,
              32.1850968029734
            ],
            [
              29.243916658187377,
              32.18518663450181
            ],
            [
              29.24400648971579,
              32.18518663450181
            ],
            [
              29.24400648971579,
              32.185006971444984
            ],
            [
              29.244096321244204,
              32.185006971444984
            ],
            [
              29.244096321244204,
              32.18518663450181
            ],
            [
              29.24436581582944,
              32.18518663450181
            ],
            [
              29.24436581582944,
              32.185276466030224
            ],
            [
              29.24445564735785,
              32.185276466030224
            ],
            [
              29.24445564735785,
              32.18536629755863
            ],
            [
              29.244545478886263,
              32.18536629755863
            ],
            [
              29.244545478886263,
              32.185456129087044
            ],
            [
              29.244635310414672,
              32.185456129087044
            ],
            [
              29.244635310414672,
              32.18554596061546
            ],
            [
              29.244725141943086,
              32.18554596061546
            ],
            [
              29.244725141943086,
              32.18563579214387
            ],
            [
              29.2448149734715,
              32.18563579214387
            ],
            [
              29.2448149734715,
              32.18572562367228
            ],
            [
              29.24499463652832,
              32.18572562367228
            ],
            [
              29.24499463652832,
              32.1858154552007
            ],
            [
              29.245174299585145,
              32.1858154552007
            ],
            [
              29.245174299585145,
              32.1859052867291
            ],
            [
              29.24544379417038,
              32.1859052867291
            ],
            [
              29.24544379417038,
              32.185995118257516
            ],
            [
              29.245533625698794,
              32.185995118257516
            ],
            [
              29.245533625698794,
              32.1859052867291
            ],
            [
              29.245623457227204,
              32.1859052867291
            ],
            [
              29.245623457227204,
              32.185995118257516
            ],
            [
              29.245713288755617,
              32.185995118257516
            ],
            [
              29.245713288755617,
              32.1859052867291
            ],
            [
              29.24580312028403,
              32.1859052867291
            ],
            [
              29.24580312028403,
              32.185995118257516
            ],
            [
              29.24589295181244,
              32.185995118257516
            ],
            [
              29.24589295181244,
              32.1859052867291
            ],
            [
              29.246162446397676,
              32.1859052867291
            ],
            [
              29.246162446397676,
              32.1858154552007
            ],
            [
              29.246342109454503,
              32.1858154552007
            ],
            [
              29.246342109454503,
              32.18572562367228
            ],
            [
              29.246431940982912,
              32.18572562367228
            ],
            [
              29.246431940982912,
              32.18554596061546
            ],
            [
              29.246521772511326,
              32.18554596061546
            ],
            [
              29.246521772511326,
              32.185276466030224
            ],
            [
              29.246611604039735,
              32.185276466030224
            ],
            [
              29.246611604039735,
              32.18518663450181
            ],
            [
              29.246521772511326,
              32.18518663450181
            ],
            [
              29.246521772511326,
              32.184557813802925
            ],
            [
              29.246431940982912,
              32.184557813802925
            ],
            [
              29.246431940982912,
              32.18446798227451
            ],
            [
              29.246521772511326,
              32.18446798227451
            ],
            [
              29.246521772511326,
              32.1843781507461
            ],
            [
              29.246431940982912,
              32.1843781507461
            ],
            [
              29.246431940982912,
              32.184108656160866
            ],
            [
              29.246342109454503,
              32.184108656160866
            ],
            [
              29.246342109454503,
              32.18401882463245
            ],
            [
              29.24625227792609,
              32.18401882463245
            ],
            [
              29.24625227792609,
              32.18374933004722
            ],
            [
              29.246162446397676,
              32.18374933004722
            ],
            [
              29.246162446397676,
              32.183120509348335
            ],
            [
              29.24625227792609,
              32.183120509348335
            ],
            [
              29.24625227792609,
              32.1828510147631
            ],
            [
              29.246342109454503,
              32.1828510147631
            ],
            [
              29.246342109454503,
              32.18258152017786
            ],
            [
              29.246431940982912,
              32.18258152017786
            ],
            [
              29.246431940982912,
              32.18231202559263
            ],
            [
              29.246521772511326,
              32.18231202559263
            ],
            [
              29.246521772511326,
              32.18204253100739
            ],
            [
              29.246611604039735,
              32.18204253100739
            ],
            [
              29.246611604039735,
              32.18195269947898
            ],
            [
              29.24670143556815,
              32.18195269947898
            ],
            [
              29.24670143556815,
              32.181683204893744
            ],
            [
              29.24679126709656,
              32.181683204893744
            ],
            [
              29.24679126709656,
              32.18159337336533
            ],
            [
              29.24688109862497,
              32.18159337336533
            ],
            [
              29.24688109862497,
              32.181413710308505
            ],
            [
              29.246970930153385,
              32.181413710308505
            ],
            [
              29.246970930153385,
              32.181234047251685
            ],
            [
              29.247060761681798,
              32.181234047251685
            ],
            [
              29.247060761681798,
              32.18114421572327
            ],
            [
              29.247150593210208,
              32.18114421572327
            ],
            [
              29.247150593210208,
              32.180964552666445
            ],
            [
              29.24724042473862,
              32.180964552666445
            ],
            [
              29.24724042473862,
              32.180784889609626
            ],
            [
              29.247330256267034,
              32.180784889609626
            ],
            [
              29.247330256267034,
              32.18069505808121
            ],
            [
              29.247420087795444,
              32.18069505808121
            ],
            [
              29.247420087795444,
              32.1806052265528
            ],
            [
              29.247509919323857,
              32.1806052265528
            ],
            [
              29.247509919323857,
              32.180515395024386
            ],
            [
              29.247599750852267,
              32.180515395024386
            ],
            [
              29.247599750852267,
              32.18033573196757
            ],
            [
              29.24768958238068,
              32.18033573196757
            ],
            [
              29.24768958238068,
              32.180245900439154
            ],
            [
              29.247779413909093,
              32.180245900439154
            ],
            [
              29.247779413909093,
              32.18006623738233
            ],
            [
              29.247869245437503,
              32.18006623738233
            ],
            [
              29.247869245437503,
              32.17970691126868
            ],
            [
              29.247959076965916,
              32.17970691126868
            ],
            [
              29.247959076965916,
              32.179347585155035
            ],
            [
              29.247869245437503,
              32.179347585155035
            ],
            [
              29.247869245437503,
              32.17925775362662
            ],
            [
              29.247779413909093,
              32.17925775362662
            ],
            [
              29.247779413909093,
              32.17916792209821
            ],
            [
              29.24768958238068,
              32.17916792209821
            ],
            [
              29.24768958238068,
              32.17898825904138
            ],
            [
              29.247599750852267,
              32.17898825904138
            ],
            [
              29.247599750852267,
              32.17889842751297
            ],
            [
              29.247509919323857,
              32.17889842751297
            ],
            [
              29.247509919323857,
              32.17880859598456
            ],
            [
              29.247420087795444,
              32.17880859598456
            ],
            [
              29.247420087795444,
              32.17871876445615
            ],
            [
              29.24724042473862,
              32.17871876445615
            ],
            [
              29.24724042473862,
              32.17853910139932
            ],
            [
              29.246970930153385,
              32.17853910139932
            ],
            [
              29.246970930153385,
              32.17844926987091
            ],
            [
              29.24679126709656,
              32.17844926987091
            ],
            [
              29.24679126709656,
              32.178359438342504
            ],
            [
              29.246611604039735,
              32.178359438342504
            ],
            [
              29.246611604039735,
              32.17826960681409
            ],
            [
              29.246521772511326,
              32.17826960681409
            ],
            [
              29.246521772511326,
              32.178359438342504
            ],
            [
              29.246431940982912,
              32.178359438342504
            ],
            [
              29.246431940982912,
              32.17826960681409
            ],
            [
              29.246342109454503,
              32.17826960681409
            ],
            [
              29.246342109454503,
              32.17817977528568
            ],
            [
              29.246162446397676,
              32.17817977528568
            ],
            [
              29.246162446397676,
              32.178089943757264
            ],
            [
              29.24589295181244,
              32.178089943757264
            ],
            [
              29.24589295181244,
              32.17800011222885
            ],
            [
              29.245623457227204,
              32.17800011222885
            ],
            [
              29.245623457227204,
              32.17791028070044
            ],
            [
              29.24544379417038,
              32.17791028070044
            ],
            [
              29.24544379417038,
              32.17782044917203
            ],
            [
              29.24535396264197,
              32.17782044917203
            ],
            [
              29.24535396264197,
              32.17773061764362
            ],
            [
              29.245264131113558,
              32.17773061764362
            ],
            [
              29.245264131113558,
              32.177640786115205
            ],
            [
              29.245174299585145,
              32.177640786115205
            ],
            [
              29.245174299585145,
              32.17755095458679
            ],
            [
              29.245084468056735,
              32.17755095458679
            ],
            [
              29.245084468056735,
              32.17746112305838
            ],
            [
              29.24499463652832,
              32.17746112305838
            ],
            [
              29.24499463652832,
              32.17728146000156
            ],
            [
              29.24490480499991,
              32.17728146000156
            ],
            [
              29.24490480499991,
              32.17710179694473
            ],
            [
              29.244725141943086,
              32.17710179694473
            ],
            [
              29.244725141943086,
              32.176922133887906
            ],
            [
              29.244635310414672,
              32.176922133887906
            ],
            [
              29.244635310414672,
              32.1768323023595
            ],
            [
              29.244545478886263,
              32.1768323023595
            ],
            [
              29.244545478886263,
              32.176652639302674
            ],
            [
              29.24445564735785,
              32.176652639302674
            ],
            [
              29.24445564735785,
              32.17656280777426
            ],
            [
              29.24436581582944,
              32.17656280777426
            ],
            [
              29.24436581582944,
              32.17638314471744
            ],
            [
              29.244275984301026,
              32.17638314471744
            ],
            [
              29.244275984301026,
              32.176203481660615
            ],
            [
              29.244186152772613,
              32.176203481660615
            ],
            [
              29.244186152772613,
              32.175933987075375
            ],
            [
              29.244096321244204,
              32.175933987075375
            ],
            [
              29.244096321244204,
              32.17566449249014
            ],
            [
              29.244186152772613,
              32.17566449249014
            ],
            [
              29.244186152772613,
              32.17539499790491
            ],
            [
              29.244275984301026,
              32.17539499790491
            ],
            [
              29.244275984301026,
              32.17521533484808
            ],
            [
              29.24436581582944,
              32.17521533484808
            ],
            [
              29.24436581582944,
              32.17494584026284
            ],
            [
              29.24445564735785,
              32.17494584026284
            ],
            [
              29.24445564735785,
              32.174766177206024
            ],
            [
              29.244545478886263,
              32.174766177206024
            ],
            [
              29.244545478886263,
              32.17467634567761
            ],
            [
              29.24445564735785,
              32.17467634567761
            ],
            [
              29.24445564735785,
              32.174317019563965
            ],
            [
              29.24436581582944,
              32.174317019563965
            ],
            [
              29.24436581582944,
              32.17413735650714
            ],
            [
              29.244275984301026,
              32.17413735650714
            ],
            [
              29.244275984301026,
              32.17395769345031
            ],
            [
              29.24400648971579,
              32.17395769345031
            ],
            [
              29.24400648971579,
              32.173867861921906
            ],
            [
              29.24364716360214,
              32.173867861921906
            ],
            [
              29.24364716360214,
              32.17377803039349
            ],
            [
              29.24355733207373,
              32.17377803039349
            ],
            [
              29.24355733207373,
              32.173867861921906
            ],
            [
              29.243467500545318,
              32.173867861921906
            ],
            [
              29.243467500545318,
              32.17377803039349
            ],
            [
              29.243198005960082,
              32.17377803039349
            ],
            [
              29.243198005960082,
              32.17368819886508
            ],
            [
              29.24301834290326,
              32.17368819886508
            ],
            [
              29.24301834290326,
              32.173598367336666
            ],
            [
              29.242928511374846,
              32.173598367336666
            ],
            [
              29.242928511374846,
              32.17350853580825
            ],
            [
              29.242748848318023,
              32.17350853580825
            ],
            [
              29.242748848318023,
              32.17341870427985
            ],
            [
              29.24265901678961,
              32.17341870427985
            ],
            [
              29.24265901678961,
              32.17332887275143
            ],
            [
              29.2425691852612,
              32.17332887275143
            ],
            [
              29.2425691852612,
              32.17314920969461
            ],
            [
              29.242479353732787,
              32.17314920969461
            ],
            [
              29.242479353732787,
              32.17296954663778
            ],
            [
              29.242389522204377,
              32.17296954663778
            ],
            [
              29.242389522204377,
              32.172879715109374
            ],
            [
              29.242299690675964,
              32.172879715109374
            ],
            [
              29.242299690675964,
              32.17278988358096
            ],
            [
              29.24220985914755,
              32.17278988358096
            ],
            [
              29.24220985914755,
              32.172610220524135
            ],
            [
              29.24212002761914,
              32.172610220524135
            ],
            [
              29.24212002761914,
              32.17225089441049
            ],
            [
              29.242030196090727,
              32.17225089441049
            ],
            [
              29.242030196090727,
              32.172161062882076
            ],
            [
              29.241940364562314,
              32.172161062882076
            ],
            [
              29.241940364562314,
              32.17207123135366
            ],
            [
              29.242030196090727,
              32.17207123135366
            ],
            [
              29.242030196090727,
              32.17198139982525
            ],
            [
              29.241940364562314,
              32.17198139982525
            ],
            [
              29.241940364562314,
              32.17180173676843
            ],
            [
              29.241850533033904,
              32.17180173676843
            ],
            [
              29.241850533033904,
              32.17171190524002
            ],
            [
              29.242030196090727,
              32.17171190524002
            ],
            [
              29.242030196090727,
              32.1716220737116
            ],
            [
              29.241940364562314,
              32.1716220737116
            ],
            [
              29.241940364562314,
              32.17153224218319
            ],
            [
              29.242030196090727,
              32.17153224218319
            ],
            [
              29.242030196090727,
              32.171442410654784
            ],
            [
              29.241850533033904,
              32.171442410654784
            ],
            [
              29.241850533033904,
              32.17135257912637
            ],
            [
              29.242030196090727,
              32.17135257912637
            ],
            [
              29.242030196090727,
              32.17126274759796
            ],
            [
              29.24212002761914,
              32.17126274759796
            ],
            [
              29.24212002761914,
              32.171172916069544
            ],
            [
              29.24220985914755,
              32.171172916069544
            ],
            [
              29.24220985914755,
              32.17108308454113
            ],
            [
              29.2425691852612,
              32.17108308454113
            ],
            [
              29.2425691852612,
              32.17099325301272
            ],
            [
              29.24301834290326,
              32.17099325301272
            ],
            [
              29.24301834290326,
              32.17108308454113
            ],
            [
              29.243736995130554,
              32.17108308454113
            ],
            [
              29.243736995130554,
              32.171172916069544
            ],
            [
              29.24400648971579,
              32.171172916069544
            ],
            [
              29.24400648971579,
              32.17126274759796
            ],
            [
              29.244096321244204,
              32.17126274759796
            ],
            [
              29.244096321244204,
              32.171172916069544
            ],
            [
              29.244186152772613,
              32.171172916069544
            ],
            [
              29.244186152772613,
              32.17126274759796
            ],
            [
              29.24436581582944,
              32.17126274759796
            ],
            [
              29.24436581582944,
              32.17135257912637
            ],
            [
              29.24445564735785,
              32.17135257912637
            ],
            [
              29.24445564735785,
              32.171442410654784
            ],
            [
              29.244635310414672,
              32.171442410654784
            ],
            [
              29.244635310414672,
              32.17153224218319
            ],
            [
              29.244725141943086,
              32.17153224218319
            ],
            [
              29.244725141943086,
              32.17171190524002
            ],
            [
              29.24490480499991,
              32.17171190524002
            ],
            [
              29.24490480499991,
              32.17180173676843
            ],
            [
              29.24499463652832,
              32.17180173676843
            ],
            [
              29.24499463652832,
              32.17189156829684
            ],
            [
              29.245084468056735,
              32.17189156829684
            ],
            [
              29.245084468056735,
              32.17198139982525
            ],
            [
              29.245174299585145,
              32.17198139982525
            ],
            [
              29.245174299585145,
              32.17207123135366
            ],
            [
              29.24535396264197,
              32.17207123135366
            ],
            [
              29.24535396264197,
              32.172161062882076
            ],
            [
              29.24544379417038,
              32.172161062882076
            ],
            [
              29.24544379417038,
              32.172430557467315
            ],
            [
              29.245623457227204,
              32.172430557467315
            ],
            [
              29.245623457227204,
              32.172610220524135
            ],
            [
              29.245713288755617,
              32.172610220524135
            ],
            [
              29.245713288755617,
              32.17270005205255
            ],
            [
              29.24580312028403,
              32.17270005205255
            ],
            [
              29.24580312028403,
              32.17278988358096
            ],
            [
              29.245982783340853,
              32.17278988358096
            ],
            [
              29.245982783340853,
              32.172879715109374
            ],
            [
              29.246072614869266,
              32.172879715109374
            ],
            [
              29.246072614869266,
              32.17296954663778
            ],
            [
              29.246162446397676,
              32.17296954663778
            ],
            [
              29.246162446397676,
              32.17314920969461
            ],
            [
              29.246431940982912,
              32.17314920969461
            ],
            [
              29.246431940982912,
              32.17323904122302
            ],
            [
              29.246611604039735,
              32.17323904122302
            ],
            [
              29.246611604039735,
              32.17332887275143
            ],
            [
              29.24688109862497,
              32.17332887275143
            ],
            [
              29.24688109862497,
              32.17341870427985
            ],
            [
              29.247060761681798,
              32.17341870427985
            ],
            [
              29.247060761681798,
              32.17350853580825
            ],
            [
              29.24724042473862,
              32.17350853580825
            ],
            [
              29.24724042473862,
              32.173598367336666
            ],
            [
              29.247330256267034,
              32.173598367336666
            ],
            [
              29.247330256267034,
              32.17368819886508
            ],
            [
              29.247420087795444,
              32.17368819886508
            ],
            [
              29.247420087795444,
              32.17377803039349
            ],
            [
              29.247509919323857,
              32.17377803039349
            ],
            [
              29.247509919323857,
              32.17395769345031
            ],
            [
              29.247599750852267,
              32.17395769345031
            ],
            [
              29.247599750852267,
              32.17413735650714
            ],
            [
              29.247779413909093,
              32.17413735650714
            ],
            [
              29.247779413909093,
              32.17422718803555
            ],
            [
              29.247869245437503,
              32.17422718803555
            ],
            [
              29.247869245437503,
              32.174317019563965
            ],
            [
              29.247959076965916,
              32.174317019563965
            ],
            [
              29.247959076965916,
              32.17440685109238
            ],
            [
              29.24804890849433,
              32.17440685109238
            ],
            [
              29.24804890849433,
              32.174496682620784
            ],
            [
              29.248228571551152,
              32.174496682620784
            ],
            [
              29.248228571551152,
              32.1745865141492
            ],
            [
              29.248408234607975,
              32.1745865141492
            ],
            [
              29.248408234607975,
              32.17467634567761
            ],
            [
              29.24867772919321,
              32.17467634567761
            ],
            [
              29.24867772919321,
              32.1745865141492
            ],
            [
              29.248767560721625,
              32.1745865141492
            ],
            [
              29.248767560721625,
              32.174496682620784
            ],
            [
              29.248857392250034,
              32.174496682620784
            ],
            [
              29.248857392250034,
              32.17440685109238
            ],
            [
              29.248947223778448,
              32.17440685109238
            ],
            [
              29.248947223778448,
              32.17395769345031
            ],
            [
              29.248767560721625,
              32.17395769345031
            ],
            [
              29.248767560721625,
              32.17377803039349
            ],
            [
              29.24867772919321,
              32.17377803039349
            ],
            [
              29.24867772919321,
              32.17350853580825
            ],
            [
              29.24849806613639,
              32.17350853580825
            ],
            [
              29.24849806613639,
              32.17341870427985
            ],
            [
              29.248408234607975,
              32.17341870427985
            ],
            [
              29.248408234607975,
              32.17323904122302
            ],
            [
              29.248318403079566,
              32.17323904122302
            ],
            [
              29.248318403079566,
              32.173059378166194
            ],
            [
              29.248228571551152,
              32.173059378166194
            ],
            [
              29.248228571551152,
              32.17296954663778
            ],
            [
              29.248318403079566,
              32.17296954663778
            ],
            [
              29.248318403079566,
              32.17278988358096
            ],
            [
              29.248228571551152,
              32.17278988358096
            ],
            [
              29.248228571551152,
              32.17252038899572
            ],
            [
              29.24813874002274,
              32.17252038899572
            ],
            [
              29.24813874002274,
              32.1723407259389
            ],
            [
              29.24804890849433,
              32.1723407259389
            ],
            [
              29.24804890849433,
              32.17225089441049
            ],
            [
              29.247959076965916,
              32.17225089441049
            ],
            [
              29.247959076965916,
              32.17207123135366
            ],
            [
              29.247779413909093,
              32.17207123135366
            ],
            [
              29.247779413909093,
              32.17198139982525
            ],
            [
              29.24768958238068,
              32.17198139982525
            ],
            [
              29.24768958238068,
              32.17189156829684
            ],
            [
              29.247509919323857,
              32.17189156829684
            ],
            [
              29.247509919323857,
              32.17180173676843
            ],
            [
              29.247330256267034,
              32.17180173676843
            ],
            [
              29.247330256267034,
              32.17171190524002
            ],
            [
              29.24724042473862,
              32.17171190524002
            ],
            [
              29.24724042473862,
              32.1716220737116
            ],
            [
              29.247150593210208,
              32.1716220737116
            ],
            [
              29.247150593210208,
              32.17153224218319
            ],
            [
              29.246970930153385,
              32.17153224218319
            ],
            [
              29.246970930153385,
              32.171442410654784
            ],
            [
              29.24679126709656,
              32.171442410654784
            ],
            [
              29.24679126709656,
              32.17135257912637
            ],
            [
              29.246521772511326,
              32.17135257912637
            ],
            [
              29.246521772511326,
              32.17126274759796
            ],
            [
              29.246431940982912,
              32.17126274759796
            ],
            [
              29.246431940982912,
              32.17108308454113
            ],
            [
              29.24625227792609,
              32.17108308454113
            ],
            [
              29.24625227792609,
              32.17090342148431
            ],
            [
              29.246072614869266,
              32.17090342148431
            ],
            [
              29.246072614869266,
              32.1708135899559
            ],
            [
              29.246162446397676,
              32.1708135899559
            ],
            [
              29.246162446397676,
              32.170723758427485
            ],
            [
              29.246072614869266,
              32.170723758427485
            ],
            [
              29.246072614869266,
              32.17063392689907
            ],
            [
              29.245982783340853,
              32.17063392689907
            ],
            [
              29.245982783340853,
              32.17054409537066
            ],
            [
              29.24580312028403,
              32.17054409537066
            ],
            [
              29.24580312028403,
              32.170274600785426
            ],
            [
              29.245713288755617,
              32.170274600785426
            ],
            [
              29.245713288755617,
              32.1700949377286
            ],
            [
              29.245623457227204,
              32.1700949377286
            ],
            [
              29.245623457227204,
              32.170005106200186
            ],
            [
              29.245533625698794,
              32.170005106200186
            ],
            [
              29.245533625698794,
              32.16991527467178
            ],
            [
              29.24544379417038,
              32.16991527467178
            ],
            [
              29.24544379417038,
              32.16973561161495
            ],
            [
              29.24535396264197,
              32.16973561161495
            ],
            [
              29.24535396264197,
              32.16964578008654
            ],
            [
              29.245264131113558,
              32.16964578008654
            ],
            [
              29.245264131113558,
              32.16946611702972
            ],
            [
              29.245174299585145,
              32.16946611702972
            ],
            [
              29.245174299585145,
              32.169286453972894
            ],
            [
              29.245084468056735,
              32.169286453972894
            ],
            [
              29.245084468056735,
              32.169016959387655
            ],
            [
              29.24499463652832,
              32.169016959387655
            ],
            [
              29.24499463652832,
              32.16892712785925
            ],
            [
              29.24490480499991,
              32.16892712785925
            ],
            [
              29.24490480499991,
              32.16874746480242
            ],
            [
              29.244635310414672,
              32.16874746480242
            ],
            [
              29.244635310414672,
              32.16865763327401
            ],
            [
              29.24445564735785,
              32.16865763327401
            ],
            [
              29.24445564735785,
              32.168567801745596
            ],
            [
              29.24436581582944,
              32.168567801745596
            ],
            [
              29.24436581582944,
              32.16847797021719
            ],
            [
              29.24400648971579,
              32.16847797021719
            ],
            [
              29.24400648971579,
              32.168388138688776
            ],
            [
              29.24364716360214,
              32.168388138688776
            ],
            [
              29.24364716360214,
              32.16829830716036
            ],
            [
              29.243467500545318,
              32.16829830716036
            ],
            [
              29.243467500545318,
              32.168388138688776
            ],
            [
              29.243287837488495,
              32.168388138688776
            ],
            [
              29.243287837488495,
              32.16829830716036
            ],
            [
              29.243108174431672,
              32.16829830716036
            ],
            [
              29.243108174431672,
              32.168388138688776
            ],
            [
              29.242928511374846,
              32.168388138688776
            ],
            [
              29.242928511374846,
              32.16829830716036
            ],
            [
              29.24265901678961,
              32.16829830716036
            ],
            [
              29.24265901678961,
              32.16820847563195
            ],
            [
              29.2425691852612,
              32.16820847563195
            ],
            [
              29.2425691852612,
              32.16811864410354
            ],
            [
              29.242479353732787,
              32.16811864410354
            ],
            [
              29.242479353732787,
              32.16802881257512
            ],
            [
              29.242389522204377,
              32.16802881257512
            ],
            [
              29.242389522204377,
              32.16793898104672
            ],
            [
              29.242299690675964,
              32.16793898104672
            ],
            [
              29.242299690675964,
              32.167849149518304
            ],
            [
              29.24220985914755,
              32.167849149518304
            ],
            [
              29.24220985914755,
              32.16775931798989
            ],
            [
              29.24212002761914,
              32.16775931798989
            ],
            [
              29.24212002761914,
              32.167579654933064
            ],
            [
              29.241850533033904,
              32.167579654933064
            ],
            [
              29.241850533033904,
              32.167399991876245
            ],
            [
              29.24176070150549,
              32.167399991876245
            ],
            [
              29.24176070150549,
              32.16731016034783
            ],
            [
              29.241491206920255,
              32.16731016034783
            ],
            [
              29.241491206920255,
              32.16748982340466
            ],
            [
              29.24113188080661,
              32.16748982340466
            ],
            [
              29.24113188080661,
              32.167579654933064
            ],
            [
              29.240952217749783,
              32.167579654933064
            ],
            [
              29.240952217749783,
              32.16766948646148
            ],
            [
              29.241042049278196,
              32.16766948646148
            ],
            [
              29.241042049278196,
              32.16775931798989
            ],
            [
              29.240862386221373,
              32.16775931798989
            ],
            [
              29.240862386221373,
              32.167849149518304
            ],
            [
              29.24077255469296,
              32.167849149518304
            ],
            [
              29.24077255469296,
              32.16802881257512
            ],
            [
              29.240682723164547,
              32.16802881257512
            ],
            [
              29.240682723164547,
              32.16820847563195
            ],
            [
              29.24077255469296,
              32.16820847563195
            ],
            [
              29.24077255469296,
              32.16829830716036
            ],
            [
              29.240682723164547,
              32.16829830716036
            ],
            [
              29.240682723164547,
              32.168388138688776
            ],
            [
              29.24077255469296,
              32.168388138688776
            ],
            [
              29.24077255469296,
              32.16847797021719
            ],
            [
              29.240862386221373,
              32.16847797021719
            ],
            [
              29.240862386221373,
              32.16874746480242
            ],
            [
              29.241042049278196,
              32.16874746480242
            ],
            [
              29.241042049278196,
              32.16892712785925
            ],
            [
              29.24113188080661,
              32.16892712785925
            ],
            [
              29.24113188080661,
              32.16910679091607
            ],
            [
              29.24122171233502,
              32.16910679091607
            ],
            [
              29.24122171233502,
              32.169016959387655
            ],
            [
              29.241311543863432,
              32.169016959387655
            ],
            [
              29.241311543863432,
              32.169286453972894
            ],
            [
              29.241401375391845,
              32.169286453972894
            ],
            [
              29.241401375391845,
              32.16946611702972
            ],
            [
              29.241491206920255,
              32.16946611702972
            ],
            [
              29.241491206920255,
              32.16964578008654
            ],
            [
              29.241401375391845,
              32.16964578008654
            ],
            [
              29.241401375391845,
              32.16991527467178
            ],
            [
              29.241491206920255,
              32.16991527467178
            ],
            [
              29.241491206920255,
              32.17198139982525
            ],
            [
              29.241401375391845,
              32.17198139982525
            ],
            [
              29.241401375391845,
              32.17207123135366
            ],
            [
              29.24122171233502,
              32.17207123135366
            ],
            [
              29.24122171233502,
              32.172161062882076
            ],
            [
              29.24113188080661,
              32.172161062882076
            ],
            [
              29.24113188080661,
              32.17207123135366
            ],
            [
              29.240682723164547,
              32.17207123135366
            ],
            [
              29.240682723164547,
              32.17189156829684
            ],
            [
              29.240503060107724,
              32.17189156829684
            ],
            [
              29.240503060107724,
              32.17180173676843
            ],
            [
              29.240413228579314,
              32.17180173676843
            ],
            [
              29.240413228579314,
              32.17189156829684
            ],
            [
              29.2403233970509,
              32.17189156829684
            ],
            [
              29.2403233970509,
              32.17180173676843
            ],
            [
              29.240053902465664,
              32.17180173676843
            ],
            [
              29.240053902465664,
              32.1716220737116
            ],
            [
              29.23996407093725,
              32.1716220737116
            ],
            [
              29.23996407093725,
              32.17153224218319
            ],
            [
              29.23978440788043,
              32.17153224218319
            ],
            [
              29.23978440788043,
              32.171442410654784
            ],
            [
              29.239694576352015,
              32.171442410654784
            ],
            [
              29.239694576352015,
              32.17135257912637
            ],
            [
              29.239604744823605,
              32.17135257912637
            ],
            [
              29.239604744823605,
              32.17126274759796
            ],
            [
              29.239514913295192,
              32.17126274759796
            ],
            [
              29.239514913295192,
              32.171172916069544
            ],
            [
              29.239425081766782,
              32.171172916069544
            ],
            [
              29.239425081766782,
              32.17108308454113
            ],
            [
              29.23933525023837,
              32.17108308454113
            ],
            [
              29.23933525023837,
              32.170723758427485
            ],
            [
              29.239245418709956,
              32.170723758427485
            ],
            [
              29.239245418709956,
              32.17063392689907
            ],
            [
              29.239155587181546,
              32.17063392689907
            ],
            [
              29.239155587181546,
              32.17036443231384
            ],
            [
              29.239065755653133,
              32.17036443231384
            ],
            [
              29.239065755653133,
              32.170005106200186
            ],
            [
              29.23897592412472,
              32.170005106200186
            ],
            [
              29.23897592412472,
              32.16982544314337
            ],
            [
              29.23888609259631,
              32.16982544314337
            ],
            [
              29.23888609259631,
              32.16964578008654
            ],
            [
              29.238796261067897,
              32.16964578008654
            ],
            [
              29.238796261067897,
              32.16946611702972
            ],
            [
              29.238706429539484,
              32.16946611702972
            ],
            [
              29.238706429539484,
              32.169286453972894
            ],
            [
              29.238616598011074,
              32.169286453972894
            ],
            [
              29.238616598011074,
              32.16919662244448
            ],
            [
              29.238436934954247,
              32.16919662244448
            ],
            [
              29.238436934954247,
              32.16910679091607
            ],
            [
              29.238257271897425,
              32.16910679091607
            ],
            [
              29.238257271897425,
              32.169016959387655
            ],
            [
              29.238167440369015,
              32.169016959387655
            ],
            [
              29.238167440369015,
              32.168837296330835
            ],
            [
              29.2380776088406,
              32.168837296330835
            ],
            [
              29.2380776088406,
              32.16874746480242
            ],
            [
              29.23798777731219,
              32.16874746480242
            ],
            [
              29.23798777731219,
              32.168567801745596
            ],
            [
              29.23789794578378,
              32.168567801745596
            ],
            [
              29.23789794578378,
              32.16847797021719
            ],
            [
              29.237808114255365,
              32.16847797021719
            ],
            [
              29.237808114255365,
              32.16829830716036
            ],
            [
              29.237718282726952,
              32.16829830716036
            ],
            [
              29.237718282726952,
              32.16820847563195
            ],
            [
              29.237628451198542,
              32.16820847563195
            ],
            [
              29.237628451198542,
              32.16811864410354
            ],
            [
              29.23753861967013,
              32.16811864410354
            ],
            [
              29.23753861967013,
              32.16802881257512
            ],
            [
              29.237448788141716,
              32.16802881257512
            ],
            [
              29.237448788141716,
              32.16793898104672
            ],
            [
              29.23753861967013,
              32.16793898104672
            ],
            [
              29.23753861967013,
              32.167849149518304
            ],
            [
              29.237358956613306,
              32.167849149518304
            ],
            [
              29.237358956613306,
              32.16775931798989
            ],
            [
              29.237269125084893,
              32.16775931798989
            ],
            [
              29.237269125084893,
              32.16766948646148
            ],
            [
              29.237179293556483,
              32.16766948646148
            ],
            [
              29.237179293556483,
              32.16748982340466
            ],
            [
              29.23708946202807,
              32.16748982340466
            ],
            [
              29.23708946202807,
              32.16731016034783
            ],
            [
              29.236999630499657,
              32.16731016034783
            ],
            [
              29.236999630499657,
              32.16722032881942
            ],
            [
              29.236909798971247,
              32.16722032881942
            ],
            [
              29.236909798971247,
              32.167130497291005
            ],
            [
              29.236819967442834,
              32.167130497291005
            ],
            [
              29.236819967442834,
              32.16704066576259
            ],
            [
              29.23673013591442,
              32.16704066576259
            ],
            [
              29.23673013591442,
              32.16686100270577
            ],
            [
              29.23664030438601,
              32.16686100270577
            ],
            [
              29.23664030438601,
              32.16677117117736
            ],
            [
              29.236460641329185,
              32.16677117117736
            ],
            [
              29.236460641329185,
              32.16659150812053
            ],
            [
              29.236370809800775,
              32.16659150812053
            ],
            [
              29.236370809800775,
              32.16650167659213
            ],
            [
              29.23628097827236,
              32.16650167659213
            ],
            [
              29.23628097827236,
              32.16641184506371
            ],
            [
              29.236191146743952,
              32.16641184506371
            ],
            [
              29.236191146743952,
              32.1663220135353
            ],
            [
              29.23610131521554,
              32.1663220135353
            ],
            [
              29.23610131521554,
              32.16623218200689
            ],
            [
              29.236011483687125,
              32.16623218200689
            ],
            [
              29.236011483687125,
              32.16605251895006
            ],
            [
              29.235921652158716,
              32.16605251895006
            ],
            [
              29.235921652158716,
              32.16587285589324
            ],
            [
              29.23574198910189,
              32.16587285589324
            ],
            [
              29.23574198910189,
              32.165962687421654
            ],
            [
              29.23565215757348,
              32.165962687421654
            ],
            [
              29.23565215757348,
              32.16605251895006
            ],
            [
              29.23574198910189,
              32.16605251895006
            ],
            [
              29.23574198910189,
              32.166142350478474
            ],
            [
              29.23565215757348,
              32.166142350478474
            ],
            [
              29.23565215757348,
              32.16650167659213
            ],
            [
              29.235562326045066,
              32.16650167659213
            ],
            [
              29.235562326045066,
              32.16659150812053
            ],
            [
              29.23565215757348,
              32.16659150812053
            ],
            [
              29.23565215757348,
              32.166950834234186
            ],
            [
              29.23574198910189,
              32.166950834234186
            ],
            [
              29.23574198910189,
              32.16704066576259
            ],
            [
              29.235831820630303,
              32.16704066576259
            ],
            [
              29.235831820630303,
              32.16722032881942
            ],
            [
              29.235921652158716,
              32.16722032881942
            ],
            [
              29.235921652158716,
              32.167579654933064
            ],
            [
              29.236011483687125,
              32.167579654933064
            ],
            [
              29.236011483687125,
              32.16775931798989
            ],
            [
              29.23610131521554,
              32.16775931798989
            ],
            [
              29.23610131521554,
              32.16802881257512
            ],
            [
              29.236191146743952,
              32.16802881257512
            ],
            [
              29.236191146743952,
              32.16811864410354
            ],
            [
              29.23628097827236,
              32.16811864410354
            ],
            [
              29.23628097827236,
              32.16829830716036
            ],
            [
              29.236370809800775,
              32.16829830716036
            ],
            [
              29.236370809800775,
              32.16874746480242
            ],
            [
              29.236460641329185,
              32.16874746480242
            ],
            [
              29.236460641329185,
              32.168837296330835
            ],
            [
              29.236370809800775,
              32.168837296330835
            ],
            [
              29.236370809800775,
              32.16892712785925
            ],
            [
              29.236460641329185,
              32.16892712785925
            ],
            [
              29.236460641329185,
              32.16919662244448
            ],
            [
              29.236550472857598,
              32.16919662244448
            ],
            [
              29.236550472857598,
              32.16937628550131
            ],
            [
              29.236460641329185,
              32.16937628550131
            ],
            [
              29.236460641329185,
              32.16946611702972
            ],
            [
              29.236550472857598,
              32.16946611702972
            ],
            [
              29.236550472857598,
              32.16964578008654
            ],
            [
              29.23664030438601,
              32.16964578008654
            ],
            [
              29.23664030438601,
              32.17018476925701
            ],
            [
              29.236550472857598,
              32.17018476925701
            ],
            [
              29.236550472857598,
              32.170274600785426
            ],
            [
              29.23664030438601,
              32.170274600785426
            ],
            [
              29.23664030438601,
              32.17090342148431
            ],
            [
              29.236550472857598,
              32.17090342148431
            ],
            [
              29.236550472857598,
              32.17108308454113
            ],
            [
              29.23664030438601,
              32.17108308454113
            ],
            [
              29.23664030438601,
              32.171442410654784
            ],
            [
              29.23673013591442,
              32.171442410654784
            ],
            [
              29.23673013591442,
              32.17189156829684
            ],
            [
              29.236819967442834,
              32.17189156829684
            ],
            [
              29.236819967442834,
              32.172161062882076
            ],
            [
              29.23673013591442,
              32.172161062882076
            ],
            [
              29.23673013591442,
              32.17225089441049
            ],
            [
              29.236819967442834,
              32.17225089441049
            ],
            [
              29.236819967442834,
              32.1723407259389
            ],
            [
              29.23673013591442,
              32.1723407259389
            ],
            [
              29.23673013591442,
              32.17270005205255
            ],
            [
              29.236819967442834,
              32.17270005205255
            ],
            [
              29.236819967442834,
              32.17314920969461
            ],
            [
              29.236909798971247,
              32.17314920969461
            ],
            [
              29.236909798971247,
              32.17323904122302
            ],
            [
              29.236819967442834,
              32.17323904122302
            ],
            [
              29.236819967442834,
              32.17332887275143
            ],
            [
              29.236999630499657,
              32.17332887275143
            ],
            [
              29.236999630499657,
              32.17341870427985
            ],
            [
              29.236909798971247,
              32.17341870427985
            ],
            [
              29.236909798971247,
              32.173598367336666
            ],
            [
              29.236819967442834,
              32.173598367336666
            ],
            [
              29.236819967442834,
              32.17422718803555
            ],
            [
              29.236909798971247,
              32.17422718803555
            ],
            [
              29.236909798971247,
              32.17440685109238
            ],
            [
              29.236819967442834,
              32.17440685109238
            ],
            [
              29.236819967442834,
              32.1745865141492
            ],
            [
              29.236909798971247,
              32.1745865141492
            ],
            [
              29.236909798971247,
              32.17467634567761
            ],
            [
              29.236999630499657,
              32.17467634567761
            ],
            [
              29.236999630499657,
              32.17485600873444
            ],
            [
              29.23708946202807,
              32.17485600873444
            ],
            [
              29.23708946202807,
              32.17494584026284
            ],
            [
              29.237179293556483,
              32.17494584026284
            ],
            [
              29.237179293556483,
              32.175305166376496
            ],
            [
              29.237269125084893,
              32.175305166376496
            ],
            [
              29.237269125084893,
              32.175484829433316
            ],
            [
              29.237448788141716,
              32.175484829433316
            ],
            [
              29.237448788141716,
              32.175754324018556
            ],
            [
              29.23753861967013,
              32.175754324018556
            ],
            [
              29.23753861967013,
              32.17602381860379
            ],
            [
              29.237628451198542,
              32.17602381860379
            ],
            [
              29.237628451198542,
              32.1761136501322
            ],
            [
              29.23753861967013,
              32.1761136501322
            ],
            [
              29.23753861967013,
              32.176203481660615
            ],
            [
              29.237718282726952,
              32.176203481660615
            ],
            [
              29.237718282726952,
              32.17629331318903
            ],
            [
              29.237628451198542,
              32.17629331318903
            ],
            [
              29.237628451198542,
              32.17638314471744
            ],
            [
              29.237718282726952,
              32.17638314471744
            ],
            [
              29.237718282726952,
              32.17647297624585
            ],
            [
              29.237628451198542,
              32.17647297624585
            ],
            [
              29.237628451198542,
              32.176652639302674
            ],
            [
              29.23753861967013,
              32.176652639302674
            ],
            [
              29.23753861967013,
              32.17674247083109
            ],
            [
              29.237628451198542,
              32.17674247083109
            ],
            [
              29.237628451198542,
              32.176922133887906
            ],
            [
              29.237718282726952,
              32.176922133887906
            ],
            [
              29.237718282726952,
              32.17701196541632
            ],
            [
              29.237628451198542,
              32.17701196541632
            ],
            [
              29.237628451198542,
              32.17710179694473
            ],
            [
              29.237718282726952,
              32.17710179694473
            ],
            [
              29.237718282726952,
              32.177191628473146
            ],
            [
              29.237628451198542,
              32.177191628473146
            ],
            [
              29.237628451198542,
              32.17728146000156
            ],
            [
              29.237718282726952,
              32.17728146000156
            ],
            [
              29.237718282726952,
              32.17755095458679
            ],
            [
              29.237808114255365,
              32.17755095458679
            ],
            [
              29.237808114255365,
              32.17773061764362
            ],
            [
              29.23789794578378,
              32.17773061764362
            ],
            [
              29.23789794578378,
              32.17853910139932
            ],
            [
              29.23798777731219,
              32.17853910139932
            ],
            [
              29.23798777731219,
              32.17862893292774
            ],
            [
              29.23789794578378,
              32.17862893292774
            ],
            [
              29.23789794578378,
              32.179078090569796
            ],
            [
              29.23798777731219,
              32.179078090569796
            ],
            [
              29.23798777731219,
              32.17925775362662
            ],
            [
              29.2380776088406,
              32.17925775362662
            ],
            [
              29.2380776088406,
              32.179527248211855
            ],
            [
              29.238167440369015,
              32.179527248211855
            ],
            [
              29.238167440369015,
              32.1798865743255
            ],
            [
              29.238257271897425,
              32.1798865743255
            ],
            [
              29.238257271897425,
              32.18006623738233
            ],
            [
              29.238347103425838,
              32.18006623738233
            ],
            [
              29.238347103425838,
              32.18015606891074
            ],
            [
              29.238436934954247,
              32.18015606891074
            ],
            [
              29.238436934954247,
              32.180245900439154
            ],
            [
              29.23888609259631,
              32.180245900439154
            ],
            [
              29.23888609259631,
              32.18015606891074
            ],
            [
              29.23897592412472,
              32.18015606891074
            ],
            [
              29.23897592412472,
              32.179976405853914
            ],
            [
              29.239065755653133,
              32.179976405853914
            ],
            [
              29.239065755653133,
              32.179796742797095
            ],
            [
              29.239155587181546,
              32.179796742797095
            ],
            [
              29.239155587181546,
              32.179527248211855
            ],
            [
              29.239065755653133,
              32.179527248211855
            ],
            [
              29.239065755653133,
              32.17925775362662
            ],
            [
              29.23897592412472,
              32.17925775362662
            ],
            [
              29.23897592412472,
              32.179078090569796
            ],
            [
              29.23888609259631,
              32.179078090569796
            ],
            [
              29.23888609259631,
              32.17889842751297
            ],
            [
              29.238796261067897,
              32.17889842751297
            ],
            [
              29.238796261067897,
              32.17880859598456
            ],
            [
              29.238706429539484,
              32.17880859598456
            ],
            [
              29.238706429539484,
              32.17862893292774
            ],
            [
              29.238616598011074,
              32.17862893292774
            ],
            [
              29.238616598011074,
              32.178089943757264
            ],
            [
              29.23852676648266,
              32.178089943757264
            ],
            [
              29.23852676648266,
              32.17728146000156
            ],
            [
              29.238436934954247,
              32.17728146000156
            ],
            [
              29.238436934954247,
              32.177191628473146
            ],
            [
              29.238347103425838,
              32.177191628473146
            ],
            [
              29.238347103425838,
              32.17701196541632
            ],
            [
              29.238257271897425,
              32.17701196541632
            ],
            [
              29.238257271897425,
              32.17602381860379
            ],
            [
              29.238347103425838,
              32.17602381860379
            ],
            [
              29.238347103425838,
              32.17566449249014
            ],
            [
              29.238436934954247,
              32.17566449249014
            ],
            [
              29.238436934954247,
              32.17557466096173
            ],
            [
              29.238347103425838,
              32.17557466096173
            ],
            [
              29.238347103425838,
              32.175484829433316
            ],
            [
              29.238436934954247,
              32.175484829433316
            ],
            [
              29.238436934954247,
              32.17539499790491
            ],
            [
              29.238347103425838,
              32.17539499790491
            ],
            [
              29.238347103425838,
              32.175305166376496
            ],
            [
              29.238436934954247,
              32.175305166376496
            ],
            [
              29.238436934954247,
              32.17521533484808
            ],
            [
              29.238347103425838,
              32.17521533484808
            ],
            [
              29.238347103425838,
              32.17494584026284
            ],
            [
              29.238257271897425,
              32.17494584026284
            ],
            [
              29.238257271897425,
              32.174496682620784
            ],
            [
              29.238167440369015,
              32.174496682620784
            ],
            [
              29.238167440369015,
              32.17440685109238
            ],
            [
              29.238257271897425,
              32.17440685109238
            ],
            [
              29.238257271897425,
              32.17413735650714
            ],
            [
              29.238167440369015,
              32.17413735650714
            ],
            [
              29.238167440369015,
              32.174047524978725
            ],
            [
              29.238257271897425,
              32.174047524978725
            ],
            [
              29.238257271897425,
              32.17377803039349
            ],
            [
              29.238167440369015,
              32.17377803039349
            ],
            [
              29.238167440369015,
              32.17368819886508
            ],
            [
              29.238257271897425,
              32.17368819886508
            ],
            [
              29.238257271897425,
              32.17341870427985
            ],
            [
              29.238167440369015,
              32.17341870427985
            ],
            [
              29.238167440369015,
              32.17332887275143
            ],
            [
              29.238347103425838,
              32.17332887275143
            ],
            [
              29.238347103425838,
              32.17323904122302
            ],
            [
              29.238436934954247,
              32.17323904122302
            ],
            [
              29.238436934954247,
              32.173059378166194
            ],
            [
              29.238706429539484,
              32.173059378166194
            ],
            [
              29.238706429539484,
              32.17314920969461
            ],
            [
              29.238796261067897,
              32.17314920969461
            ],
            [
              29.238796261067897,
              32.173059378166194
            ],
            [
              29.23897592412472,
              32.173059378166194
            ],
            [
              29.23897592412472,
              32.17314920969461
            ],
            [
              29.239155587181546,
              32.17314920969461
            ],
            [
              29.239155587181546,
              32.173059378166194
            ],
            [
              29.239245418709956,
              32.173059378166194
            ],
            [
              29.239245418709956,
              32.17314920969461
            ],
            [
              29.239425081766782,
              32.17314920969461
            ],
            [
              29.239425081766782,
              32.17323904122302
            ],
            [
              29.239604744823605,
              32.17323904122302
            ],
            [
              29.239604744823605,
              32.17332887275143
            ],
            [
              29.239694576352015,
              32.17332887275143
            ],
            [
              29.239694576352015,
              32.17350853580825
            ],
            [
              29.23996407093725,
              32.17350853580825
            ],
            [
              29.23996407093725,
              32.173598367336666
            ],
            [
              29.23987423940884,
              32.173598367336666
            ],
            [
              29.23987423940884,
              32.17368819886508
            ],
            [
              29.240053902465664,
              32.17368819886508
            ],
            [
              29.240053902465664,
              32.17422718803555
            ],
            [
              29.240143733994078,
              32.17422718803555
            ],
            [
              29.240143733994078,
              32.174317019563965
            ],
            [
              29.240053902465664,
              32.174317019563965
            ],
            [
              29.240053902465664,
              32.1745865141492
            ],
            [
              29.240143733994078,
              32.1745865141492
            ],
            [
              29.240143733994078,
              32.17467634567761
            ],
            [
              29.240233565522487,
              32.17467634567761
            ],
            [
              29.240233565522487,
              32.174766177206024
            ],
            [
              29.2403233970509,
              32.174766177206024
            ],
            [
              29.2403233970509,
              32.17485600873444
            ],
            [
              29.240413228579314,
              32.17485600873444
            ],
            [
              29.240413228579314,
              32.17494584026284
            ],
            [
              29.240592891636137,
              32.17494584026284
            ],
            [
              29.240592891636137,
              32.17503567179126
            ],
            [
              29.240503060107724,
              32.17503567179126
            ],
            [
              29.240503060107724,
              32.17512550331967
            ],
            [
              29.24113188080661,
              32.17512550331967
            ],
            [
              29.24113188080661,
              32.175305166376496
            ],
            [
              29.241311543863432,
              32.175305166376496
            ],
            [
              29.241311543863432,
              32.17539499790491
            ],
            [
              29.241401375391845,
              32.17539499790491
            ],
            [
              29.241401375391845,
              32.175305166376496
            ],
            [
              29.241491206920255,
              32.175305166376496
            ],
            [
              29.241491206920255,
              32.17710179694473
            ],
            [
              29.24158103844867,
              32.17710179694473
            ],
            [
              29.24158103844867,
              32.177191628473146
            ],
            [
              29.241491206920255,
              32.177191628473146
            ],
            [
              29.241491206920255,
              32.17728146000156
            ],
            [
              29.241850533033904,
              32.17728146000156
            ],
            [
              29.241850533033904,
              32.17746112305838
            ],
            [
              29.241940364562314,
              32.17746112305838
            ],
            [
              29.241940364562314,
              32.177640786115205
            ],
            [
              29.24212002761914,
              32.177640786115205
            ],
            [
              29.24212002761914,
              32.17791028070044
            ],
            [
              29.24220985914755,
              32.17791028070044
            ],
            [
              29.24220985914755,
              32.17817977528568
            ],
            [
              29.242299690675964,
              32.17817977528568
            ],
            [
              29.242299690675964,
              32.17826960681409
            ],
            [
              29.242389522204377,
              32.17826960681409
            ],
            [
              29.242389522204377,
              32.178359438342504
            ],
            [
              29.242479353732787,
              32.178359438342504
            ],
            [
              29.242479353732787,
              32.17844926987091
            ],
            [
              29.2425691852612,
              32.17844926987091
            ],
            [
              29.2425691852612,
              32.17853910139932
            ],
            [
              29.242748848318023,
              32.17853910139932
            ],
            [
              29.242748848318023,
              32.17862893292774
            ],
            [
              29.24265901678961,
              32.17862893292774
            ],
            [
              29.24265901678961,
              32.17871876445615
            ],
            [
              29.242928511374846,
              32.17871876445615
            ],
            [
              29.242928511374846,
              32.179078090569796
            ],
            [
              29.243108174431672,
              32.179078090569796
            ],
            [
              29.243108174431672,
              32.17916792209821
            ],
            [
              29.24301834290326,
              32.17916792209821
            ],
            [
              29.24301834290326,
              32.17925775362662
            ],
            [
              29.243108174431672,
              32.17925775362662
            ],
            [
              29.243108174431672,
              32.179347585155035
            ],
            [
              29.242928511374846,
              32.179347585155035
            ],
            [
              29.242928511374846,
              32.179527248211855
            ],
            [
              29.242838679846436,
              32.179527248211855
            ],
            [
              29.242838679846436,
              32.17970691126868
            ],
            [
              29.242748848318023,
              32.17970691126868
            ],
            [
              29.242748848318023,
              32.1798865743255
            ]
          ],
          [
            [
              29.243916658187377,
              32.185456129087044
            ],
            [
              29.243826826658967,
              32.185456129087044
            ],
            [
              29.243826826658967,
              32.18536629755863
            ],
            [
              29.243916658187377,
              32.18536629755863
            ],
            [
              29.243916658187377,
              32.185456129087044
            ]
          ],
          [
            [
              29.241940364562314,
              32.17126274759796
            ],
            [
              29.241940364562314,
              32.171172916069544
            ],
            [
              29.242030196090727,
              32.171172916069544
            ],
            [
              29.242030196090727,
              32.17126274759796
            ],
            [
              29.241940364562314,
              32.17126274759796
            ]
          ],
          [
            [
              29.238257271897425,
              32.17323904122302
            ],
            [
              29.238257271897425,
              32.17314920969461
            ],
            [
              29.238347103425838,
              32.17314920969461
            ],
            [
              29.238347103425838,
              32.17323904122302
            ],
            [
              29.238257271897425,
              32.17323904122302
            ]
          ],
          [
            [
              29.24355733207373,
              32.17943741668344
            ],
            [
              29.24355733207373,
              32.179347585155035
            ],
            [
              29.244096321244204,
              32.179347585155035
            ],
            [
              29.244096321244204,
              32.17943741668344
            ],
            [
              29.244725141943086,
              32.17943741668344
            ],
            [
              29.244725141943086,
              32.179527248211855
            ],
            [
              29.24490480499991,
              32.179527248211855
            ],
            [
              29.24490480499991,
              32.17961707974027
            ],
            [
              29.245084468056735,
              32.17961707974027
            ],
            [
              29.245084468056735,
              32.17970691126868
            ],
            [
              29.245174299585145,
              32.17970691126868
            ],
            [
              29.245174299585145,
              32.179796742797095
            ],
            [
              29.24535396264197,
              32.179796742797095
            ],
            [
              29.24535396264197,
              32.1798865743255
            ],
            [
              29.24544379417038,
              32.1798865743255
            ],
            [
              29.24544379417038,
              32.18006623738233
            ],
            [
              29.245533625698794,
              32.18006623738233
            ],
            [
              29.245533625698794,
              32.18015606891074
            ],
            [
              29.24544379417038,
              32.18015606891074
            ],
            [
              29.24544379417038,
              32.180245900439154
            ],
            [
              29.245533625698794,
              32.180245900439154
            ],
            [
              29.245533625698794,
              32.180515395024386
            ],
            [
              29.24544379417038,
              32.180515395024386
            ],
            [
              29.24544379417038,
              32.18069505808121
            ],
            [
              29.24535396264197,
              32.18069505808121
            ],
            [
              29.24535396264197,
              32.18087472113804
            ],
            [
              29.245264131113558,
              32.18087472113804
            ],
            [
              29.245264131113558,
              32.18105438419486
            ],
            [
              29.245174299585145,
              32.18105438419486
            ],
            [
              29.245174299585145,
              32.18114421572327
            ],
            [
              29.245084468056735,
              32.18114421572327
            ],
            [
              29.245084468056735,
              32.181234047251685
            ],
            [
              29.24499463652832,
              32.181234047251685
            ],
            [
              29.24499463652832,
              32.1813238787801
            ],
            [
              29.245084468056735,
              32.1813238787801
            ],
            [
              29.245084468056735,
              32.181413710308505
            ],
            [
              29.24499463652832,
              32.181413710308505
            ],
            [
              29.24499463652832,
              32.18150354183692
            ],
            [
              29.24490480499991,
              32.18150354183692
            ],
            [
              29.24490480499991,
              32.18159337336533
            ],
            [
              29.2448149734715,
              32.18159337336533
            ],
            [
              29.2448149734715,
              32.18186286795057
            ],
            [
              29.244725141943086,
              32.18186286795057
            ],
            [
              29.244725141943086,
              32.18177303642216
            ],
            [
              29.244635310414672,
              32.18177303642216
            ],
            [
              29.244635310414672,
              32.18186286795057
            ],
            [
              29.244545478886263,
              32.18186286795057
            ],
            [
              29.244545478886263,
              32.18195269947898
            ],
            [
              29.24445564735785,
              32.18195269947898
            ],
            [
              29.24445564735785,
              32.18186286795057
            ],
            [
              29.24436581582944,
              32.18186286795057
            ],
            [
              29.24436581582944,
              32.18195269947898
            ],
            [
              29.244275984301026,
              32.18195269947898
            ],
            [
              29.244275984301026,
              32.18186286795057
            ],
            [
              29.244186152772613,
              32.18186286795057
            ],
            [
              29.244186152772613,
              32.181683204893744
            ],
            [
              29.244096321244204,
              32.181683204893744
            ],
            [
              29.244096321244204,
              32.18150354183692
            ],
            [
              29.24400648971579,
              32.18150354183692
            ],
            [
              29.24400648971579,
              32.1813238787801
            ],
            [
              29.243916658187377,
              32.1813238787801
            ],
            [
              29.243916658187377,
              32.18114421572327
            ],
            [
              29.243736995130554,
              32.18114421572327
            ],
            [
              29.243736995130554,
              32.18087472113804
            ],
            [
              29.24364716360214,
              32.18087472113804
            ],
            [
              29.24364716360214,
              32.18069505808121
            ],
            [
              29.24355733207373,
              32.18069505808121
            ],
            [
              29.24355733207373,
              32.18042556349597
            ],
            [
              29.243467500545318,
              32.18042556349597
            ],
            [
              29.243467500545318,
              32.180245900439154
            ],
            [
              29.24337766901691,
              32.180245900439154
            ],
            [
              29.24337766901691,
              32.18006623738233
            ],
            [
              29.243287837488495,
              32.18006623738233
            ],
            [
              29.243287837488495,
              32.1798865743255
            ],
            [
              29.243198005960082,
              32.1798865743255
            ],
            [
              29.243198005960082,
              32.17970691126868
            ],
            [
              29.243287837488495,
              32.17970691126868
            ],
            [
              29.243287837488495,
              32.179527248211855
            ],
            [
              29.24337766901691,
              32.179527248211855
            ],
            [
              29.24337766901691,
              32.17943741668344
            ],
            [
              29.24355733207373,
              32.17943741668344
            ]
          ],
          [
            [
              29.243198005960082,
              32.179527248211855
            ],
            [
              29.243198005960082,
              32.17943741668344
            ],
            [
              29.243287837488495,
              32.17943741668344
            ],
            [
              29.243287837488495,
              32.179527248211855
            ],
            [
              29.243198005960082,
              32.179527248211855
            ]
          ],
          [
            [
              29.243108174431672,
              32.179527248211855
            ],
            [
              29.24301834290326,
              32.179527248211855
            ],
            [
              29.24301834290326,
              32.17943741668344
            ],
            [
              29.243108174431672,
              32.17943741668344
            ],
            [
              29.243108174431672,
              32.179527248211855
            ]
          ]
        ]
      },
      "properties": {
        "event_id": "00012_det_0048",
        "source_image": "00012",
        "detection_class": "oil_spill",
        "pixel_count": 11835,
        "area_m2": 999113.87,
        "area_km2": 0.999114,
        "geometry_crs": "EPSG:4326",
        "area_crs": "EPSG:32635",
        "area_method": "utm_projection_zone_35N",
        "centroid": [
          29.242571,
          32.176457
        ],
        "bbox": [
          29.235562,
          32.165873,
          29.248947,
          32.190217
        ],
        "threshold": 0.22,
        "probability_statistics": {
          "mean_probability": 0.78243,
          "max_probability": 0.99951,
          "min_probability": 0.22021,
          "std_probability": 0.23011
        }
      }
    },
    {
      "type": "Feature",
      "id": "00012_det_0049",
      "geometry": {
        "type": "Polygon",
        "coordinates": [
          [
            [
              29.242748848318023,
              32.179527248211855
            ],
            [
              29.242838679846436,
              32.179527248211855
            ],
            [
              29.242838679846436,
              32.17943741668344
            ],
            [
              29.242748848318023,
              32.17943741668344
            ],
            [
              29.242748848318023,
              32.179527248211855
            ]
          ]
        ]
      },
      "properties": {
        "event_id": "00012_det_0049",
        "source_image": "00012",
        "detection_class": "oil_spill",
        "pixel_count": 1,
        "area_m2": 84.42,
        "area_km2": 8.4e-05,
        "geometry_crs": "EPSG:4326",
        "area_crs": "EPSG:32635",
        "area_method": "utm_projection_zone_35N",
        "centroid": [
          29.242794,
          32.179482
        ],
        "bbox": [
          29.242749,
          32.179437,
          29.242839,
          32.179527
        ],
        "threshold": 0.22,
        "probability_statistics": {
          "mean_probability": 0.23706,
          "max_probability": 0.23706,
          "min_probability": 0.23706,
          "std_probability": 0.0
        }
      }
    },
    {
      "type": "Feature",
      "id": "00012_det_0050",
      "geometry": {
        "type": "Polygon",
        "coordinates": [
          [
            [
              29.24849806613639,
              32.160662627245344
            ],
            [
              29.24849806613639,
              32.16075245877376
            ],
            [
              29.248587897664798,
              32.16075245877376
            ],
            [
              29.248587897664798,
              32.160662627245344
            ],
            [
              29.24849806613639,
              32.160662627245344
            ]
          ]
        ]
      },
      "properties": {
        "event_id": "00012_det_0050",
        "source_image": "00012",
        "detection_class": "oil_spill",
        "pixel_count": 1,
        "area_m2": 84.44,
        "area_km2": 8.4e-05,
        "geometry_crs": "EPSG:4326",
        "area_crs": "EPSG:32635",
        "area_method": "utm_projection_zone_35N",
        "centroid": [
          29.248543,
          32.160708
        ],
        "bbox": [
          29.248498,
          32.160663,
          29.248588,
          32.160752
        ],
        "threshold": 0.22,
        "probability_statistics": {
          "mean_probability": 0.23096,
          "max_probability": 0.23096,
          "min_probability": 0.23096,
          "std_probability": 0.0
        }
      }
    },
    {
      "type": "Feature",
      "id": "00012_det_0051",
      "geometry": {
        "type": "Polygon",
        "coordinates": [
          [
            [
              29.24849806613639,
              32.161021953359
            ],
            [
              29.24849806613639,
              32.16084229030217
            ],
            [
              29.248408234607975,
              32.16084229030217
            ],
            [
              29.248408234607975,
              32.160662627245344
            ],
            [
              29.24813874002274,
              32.160662627245344
            ],
            [
              29.24813874002274,
              32.16057279571694
            ],
            [
              29.247959076965916,
              32.16057279571694
            ],
            [
              29.247959076965916,
              32.16039313266011
            ],
            [
              29.247779413909093,
              32.16039313266011
            ],
            [
              29.247779413909093,
              32.160482964188525
            ],
            [
              29.24768958238068,
              32.160482964188525
            ],
            [
              29.24768958238068,
              32.16039313266011
            ],
            [
              29.247420087795444,
              32.16039313266011
            ],
            [
              29.247420087795444,
              32.160482964188525
            ],
            [
              29.24724042473862,
              32.160482964188525
            ],
            [
              29.24724042473862,
              32.16057279571694
            ],
            [
              29.247060761681798,
              32.16057279571694
            ],
            [
              29.247060761681798,
              32.160662627245344
            ],
            [
              29.24688109862497,
              32.160662627245344
            ],
            [
              29.24688109862497,
              32.16129144794423
            ],
            [
              29.246970930153385,
              32.16129144794423
            ],
            [
              29.246970930153385,
              32.161471111001056
            ],
            [
              29.247060761681798,
              32.161471111001056
            ],
            [
              29.247060761681798,
              32.16156094252947
            ],
            [
              29.24724042473862,
              32.16156094252947
            ],
            [
              29.24724042473862,
              32.16174060558629
            ],
            [
              29.247330256267034,
              32.16174060558629
            ],
            [
              29.247330256267034,
              32.1618304371147
            ],
            [
              29.247599750852267,
              32.1618304371147
            ],
            [
              29.247599750852267,
              32.16201010017153
            ],
            [
              29.247779413909093,
              32.16201010017153
            ],
            [
              29.247779413909093,
              32.162099931699935
            ],
            [
              29.24849806613639,
              32.162099931699935
            ],
            [
              29.24849806613639,
              32.16201010017153
            ],
            [
              29.24867772919321,
              32.16201010017153
            ],
            [
              29.24867772919321,
              32.161471111001056
            ],
            [
              29.248767560721625,
              32.161471111001056
            ],
            [
              29.248767560721625,
              32.16138127947264
            ],
            [
              29.24867772919321,
              32.16138127947264
            ],
            [
              29.24867772919321,
              32.1611117848874
            ],
            [
              29.248767560721625,
              32.1611117848874
            ],
            [
              29.248767560721625,
              32.161021953359
            ],
            [
              29.24867772919321,
              32.161021953359
            ],
            [
              29.24867772919321,
              32.16075245877376
            ],
            [
              29.248587897664798,
              32.16075245877376
            ],
            [
              29.248587897664798,
              32.161021953359
            ],
            [
              29.24849806613639,
              32.161021953359
            ]
          ]
        ]
      },
      "properties": {
        "event_id": "00012_det_0051",
        "source_image": "00012",
        "detection_class": "oil_spill",
        "pixel_count": 295,
        "area_m2": 24908.2,
        "area_km2": 0.024908,
        "geometry_crs": "EPSG:4326",
        "area_crs": "EPSG:32635",
        "area_method": "utm_projection_zone_35N",
        "centroid": [
          29.247835,
          32.161252
        ],
        "bbox": [
          29.246881,
          32.160393,
          29.248768,
          32.1621
        ],
        "threshold": 0.22,
        "probability_statistics": {
          "mean_probability": 0.51914,
          "max_probability": 0.86768,
          "min_probability": 0.22046,
          "std_probability": 0.20344
        }
      }
    },
    {
      "type": "Feature",
      "id": "00012_det_0052",
      "geometry": {
        "type": "Polygon",
        "coordinates": [
          [
            [
              29.25182183268763,
              32.154284588728096
            ],
            [
              29.251911664216042,
              32.154284588728096
            ],
            [
              29.251911664216042,
              32.15419475719968
            ],
            [
              29.25173200115922,
              32.15419475719968
            ],
            [
              29.25173200115922,
              32.15383543108604
            ],
            [
              29.251642169630806,
              32.15383543108604
            ],
            [
              29.251642169630806,
              32.15320661038715
            ],
            [
              29.25173200115922,
              32.15320661038715
            ],
            [
              29.25173200115922,
              32.152847284273506
            ],
            [
              29.25182183268763,
              32.152847284273506
            ],
            [
              29.25182183268763,
              32.15239812663145
            ],
            [
              29.25173200115922,
              32.15239812663145
            ],
            [
              29.25173200115922,
              32.151679474404155
            ],
            [
              29.251642169630806,
              32.151679474404155
            ],
            [
              29.251642169630806,
              32.151409979818915
            ],
            [
              29.251552338102393,
              32.151409979818915
            ],
            [
              29.251552338102393,
              32.15123031676209
            ],
            [
              29.25137267504557,
              32.15123031676209
            ],
            [
              29.25137267504557,
              32.15114048523368
            ],
            [
              29.251013348931924,
              32.15114048523368
            ],
            [
              29.251013348931924,
              32.15123031676209
            ],
            [
              29.250833685875097,
              32.15123031676209
            ],
            [
              29.250833685875097,
              32.1513201482905
            ],
            [
              29.250743854346688,
              32.1513201482905
            ],
            [
              29.250743854346688,
              32.151409979818915
            ],
            [
              29.250654022818274,
              32.151409979818915
            ],
            [
              29.250654022818274,
              32.1520388005178
            ],
            [
              29.25056419128986,
              32.1520388005178
            ],
            [
              29.25056419128986,
              32.152128632046214
            ],
            [
              29.250654022818274,
              32.152128632046214
            ],
            [
              29.250654022818274,
              32.15221846357462
            ],
            [
              29.25056419128986,
              32.15221846357462
            ],
            [
              29.25056419128986,
              32.15230829510303
            ],
            [
              29.250654022818274,
              32.15230829510303
            ],
            [
              29.250654022818274,
              32.15257778968827
            ],
            [
              29.250743854346688,
              32.15257778968827
            ],
            [
              29.250743854346688,
              32.15293711580192
            ],
            [
              29.250833685875097,
              32.15293711580192
            ],
            [
              29.250833685875097,
              32.15320661038715
            ],
            [
              29.25092351740351,
              32.15320661038715
            ],
            [
              29.25092351740351,
              32.15338627344398
            ],
            [
              29.251013348931924,
              32.15338627344398
            ],
            [
              29.251013348931924,
              32.153565936500804
            ],
            [
              29.251103180460333,
              32.153565936500804
            ],
            [
              29.251103180460333,
              32.153745599557624
            ],
            [
              29.251193011988747,
              32.153745599557624
            ],
            [
              29.251193011988747,
              32.15410492567128
            ],
            [
              29.25137267504557,
              32.15410492567128
            ],
            [
              29.25137267504557,
              32.15419475719968
            ],
            [
              29.25128284351716,
              32.15419475719968
            ],
            [
              29.25128284351716,
              32.154284588728096
            ],
            [
              29.25137267504557,
              32.154284588728096
            ],
            [
              29.25137267504557,
              32.15437442025651
            ],
            [
              29.251462506573983,
              32.15437442025651
            ],
            [
              29.251462506573983,
              32.15446425178492
            ],
            [
              29.251552338102393,
              32.15446425178492
            ],
            [
              29.251552338102393,
              32.15464391484175
            ],
            [
              29.25173200115922,
              32.15464391484175
            ],
            [
              29.25173200115922,
              32.15446425178492
            ],
            [
              29.25182183268763,
              32.15446425178492
            ],
            [
              29.25182183268763,
              32.154284588728096
            ]
          ]
        ]
      },
      "properties": {
        "event_id": "00012_det_0052",
        "source_image": "00012",
        "detection_class": "oil_spill",
        "pixel_count": 344,
        "area_m2": 29048.29,
        "area_km2": 0.029048,
        "geometry_crs": "EPSG:4326",
        "area_crs": "EPSG:32635",
        "area_method": "utm_projection_zone_35N",
        "centroid": [
          29.251268,
          32.152628
        ],
        "bbox": [
          29.250564,
          32.15114,
          29.251912,
          32.154644
        ],
        "threshold": 0.22,
        "probability_statistics": {
          "mean_probability": 0.56415,
          "max_probability": 0.93164,
          "min_probability": 0.22168,
          "std_probability": 0.24695
        }
      }
    },
    {
      "type": "Feature",
      "id": "00012_det_0053",
      "geometry": {
        "type": "Polygon",
        "coordinates": [
          [
            [
              29.25182183268763,
              32.15464391484175
            ],
            [
              29.25173200115922,
              32.15464391484175
            ],
            [
              29.25173200115922,
              32.154733746370155
            ],
            [
              29.25182183268763,
              32.154733746370155
            ],
            [
              29.25182183268763,
              32.15464391484175
            ]
          ]
        ]
      },
      "properties": {
        "event_id": "00012_det_0053",
        "source_image": "00012",
        "detection_class": "oil_spill",
        "pixel_count": 1,
        "area_m2": 84.44,
        "area_km2": 8.4e-05,
        "geometry_crs": "EPSG:4326",
        "area_crs": "EPSG:32635",
        "area_method": "utm_projection_zone_35N",
        "centroid": [
          29.251777,
          32.154689
        ],
        "bbox": [
          29.251732,
          32.154644,
          29.251822,
          32.154734
        ],
        "threshold": 0.22,
        "probability_statistics": {
          "mean_probability": 0.23145,
          "max_probability": 0.23145,
          "min_probability": 0.23145,
          "std_probability": 0.0
        }
      }
    },
    {
      "type": "Feature",
      "id": "00012_det_0054",
      "geometry": {
        "type": "Polygon",
        "coordinates": [
          [
            [
              29.2546066100684,
              32.16847797021719
            ],
            [
              29.2546066100684,
              32.168567801745596
            ],
            [
              29.254696441596813,
              32.168567801745596
            ],
            [
              29.254696441596813,
              32.16865763327401
            ],
            [
              29.254786273125223,
              32.16865763327401
            ],
            [
              29.254786273125223,
              32.168837296330835
            ],
            [
              29.254876104653636,
              32.168837296330835
            ],
            [
              29.254876104653636,
              32.169016959387655
            ],
            [
              29.25505576771046,
              32.169016959387655
            ],
            [
              29.25505576771046,
              32.16919662244448
            ],
            [
              29.255145599238872,
              32.16919662244448
            ],
            [
              29.255145599238872,
              32.16973561161495
            ],
            [
              29.255235430767286,
              32.16973561161495
            ],
            [
              29.255235430767286,
              32.16991527467178
            ],
            [
              29.255325262295695,
              32.16991527467178
            ],
            [
              29.255325262295695,
              32.170005106200186
            ],
            [
              29.255235430767286,
              32.170005106200186
            ],
            [
              29.255235430767286,
              32.1700949377286
            ],
            [
              29.255325262295695,
              32.1700949377286
            ],
            [
              29.255325262295695,
              32.17018476925701
            ],
            [
              29.255235430767286,
              32.17018476925701
            ],
            [
              29.255235430767286,
              32.170274600785426
            ],
            [
              29.255325262295695,
              32.170274600785426
            ],
            [
              29.255325262295695,
              32.17045426384225
            ],
            [
              29.25541509382411,
              32.17045426384225
            ],
            [
              29.25541509382411,
              32.17054409537066
            ],
            [
              29.25550492535252,
              32.17054409537066
            ],
            [
              29.25550492535252,
              32.17099325301272
            ],
            [
              29.25559475688093,
              32.17099325301272
            ],
            [
              29.25559475688093,
              32.171172916069544
            ],
            [
              29.255684588409345,
              32.171172916069544
            ],
            [
              29.255684588409345,
              32.17153224218319
            ],
            [
              29.255774419937755,
              32.17153224218319
            ],
            [
              29.255774419937755,
              32.17180173676843
            ],
            [
              29.255864251466168,
              32.17180173676843
            ],
            [
              29.255864251466168,
              32.17198139982525
            ],
            [
              29.256133746051404,
              32.17198139982525
            ],
            [
              29.256133746051404,
              32.17207123135366
            ],
            [
              29.256223577579817,
              32.17207123135366
            ],
            [
              29.256223577579817,
              32.17198139982525
            ],
            [
              29.256493072165053,
              32.17198139982525
            ],
            [
              29.256493072165053,
              32.17180173676843
            ],
            [
              29.256582903693463,
              32.17180173676843
            ],
            [
              29.256582903693463,
              32.1716220737116
            ],
            [
              29.256672735221876,
              32.1716220737116
            ],
            [
              29.256672735221876,
              32.17153224218319
            ],
            [
              29.256762566750286,
              32.17153224218319
            ],
            [
              29.256762566750286,
              32.17135257912637
            ],
            [
              29.2568523982787,
              32.17135257912637
            ],
            [
              29.2568523982787,
              32.1708135899559
            ],
            [
              29.256942229807112,
              32.1708135899559
            ],
            [
              29.256942229807112,
              32.17054409537066
            ],
            [
              29.2568523982787,
              32.17054409537066
            ],
            [
              29.2568523982787,
              32.17045426384225
            ],
            [
              29.256942229807112,
              32.17045426384225
            ],
            [
              29.256942229807112,
              32.17018476925701
            ],
            [
              29.2568523982787,
              32.17018476925701
            ],
            [
              29.2568523982787,
              32.1700949377286
            ],
            [
              29.256942229807112,
              32.1700949377286
            ],
            [
              29.256942229807112,
              32.16982544314337
            ],
            [
              29.2568523982787,
              32.16982544314337
            ],
            [
              29.2568523982787,
              32.16973561161495
            ],
            [
              29.256942229807112,
              32.16973561161495
            ],
            [
              29.256942229807112,
              32.16946611702972
            ],
            [
              29.2568523982787,
              32.16946611702972
            ],
            [
              29.2568523982787,
              32.16937628550131
            ],
            [
              29.256942229807112,
              32.16937628550131
            ],
            [
              29.256942229807112,
              32.16919662244448
            ],
            [
              29.2568523982787,
              32.16919662244448
            ],
            [
              29.2568523982787,
              32.16865763327401
            ],
            [
              29.256942229807112,
              32.16865763327401
            ],
            [
              29.256942229807112,
              32.16811864410354
            ],
            [
              29.257032061335522,
              32.16811864410354
            ],
            [
              29.257032061335522,
              32.16775931798989
            ],
            [
              29.256942229807112,
              32.16775931798989
            ],
            [
              29.256942229807112,
              32.16704066576259
            ],
            [
              29.2568523982787,
              32.16704066576259
            ],
            [
              29.2568523982787,
              32.16677117117736
            ],
            [
              29.256762566750286,
              32.16677117117736
            ],
            [
              29.256762566750286,
              32.16641184506371
            ],
            [
              29.256672735221876,
              32.16641184506371
            ],
            [
              29.256672735221876,
              32.1663220135353
            ],
            [
              29.256582903693463,
              32.1663220135353
            ],
            [
              29.256582903693463,
              32.166142350478474
            ],
            [
              29.256493072165053,
              32.166142350478474
            ],
            [
              29.256493072165053,
              32.165962687421654
            ],
            [
              29.25640324063664,
              32.165962687421654
            ],
            [
              29.25640324063664,
              32.16587285589324
            ],
            [
              29.256313409108227,
              32.16587285589324
            ],
            [
              29.256313409108227,
              32.165693192836414
            ],
            [
              29.256223577579817,
              32.165693192836414
            ],
            [
              29.256223577579817,
              32.165603361308
            ],
            [
              29.256133746051404,
              32.165603361308
            ],
            [
              29.256133746051404,
              32.16542369825118
            ],
            [
              29.25595408299458,
              32.16542369825118
            ],
            [
              29.25595408299458,
              32.16533386672277
            ],
            [
              29.255864251466168,
              32.16533386672277
            ],
            [
              29.255864251466168,
              32.165244035194355
            ],
            [
              29.25604391452299,
              32.165244035194355
            ],
            [
              29.25604391452299,
              32.16515420366594
            ],
            [
              29.256133746051404,
              32.16515420366594
            ],
            [
              29.256133746051404,
              32.16506437213753
            ],
            [
              29.256223577579817,
              32.16506437213753
            ],
            [
              29.256223577579817,
              32.164794877552296
            ],
            [
              29.256313409108227,
              32.164794877552296
            ],
            [
              29.256313409108227,
              32.16470504602388
            ],
            [
              29.25640324063664,
              32.16470504602388
            ],
            [
              29.25640324063664,
              32.16443555143865
            ],
            [
              29.256493072165053,
              32.16443555143865
            ],
            [
              29.256493072165053,
              32.164255888381824
            ],
            [
              29.256582903693463,
              32.164255888381824
            ],
            [
              29.256582903693463,
              32.16416605685341
            ],
            [
              29.256493072165053,
              32.16416605685341
            ],
            [
              29.256493072165053,
              32.16389656226818
            ],
            [
              29.256582903693463,
              32.16389656226818
            ],
            [
              29.256582903693463,
              32.16371689921135
            ],
            [
              29.256493072165053,
              32.16371689921135
            ],
            [
              29.256493072165053,
              32.16344740462612
            ],
            [
              29.25640324063664,
              32.16344740462612
            ],
            [
              29.25640324063664,
              32.16317791004088
            ],
            [
              29.256313409108227,
              32.16317791004088
            ],
            [
              29.256313409108227,
              32.16299824698406
            ],
            [
              29.256223577579817,
              32.16299824698406
            ],
            [
              29.256223577579817,
              32.16263892087041
            ],
            [
              29.256133746051404,
              32.16263892087041
            ],
            [
              29.256133746051404,
              32.16245925781359
            ],
            [
              29.25604391452299,
              32.16245925781359
            ],
            [
              29.25604391452299,
              32.161650774057875
            ],
            [
              29.256133746051404,
              32.161650774057875
            ],
            [
              29.256133746051404,
              32.16138127947264
            ],
            [
              29.256223577579817,
              32.16138127947264
            ],
            [
              29.256223577579817,
              32.16129144794423
            ],
            [
              29.256133746051404,
              32.16129144794423
            ],
            [
              29.256133746051404,
              32.160482964188525
            ],
            [
              29.25604391452299,
              32.160482964188525
            ],
            [
              29.25604391452299,
              32.1603033011317
            ],
            [
              29.25595408299458,
              32.1603033011317
            ],
            [
              29.25595408299458,
              32.16012363807487
            ],
            [
              29.255864251466168,
              32.16012363807487
            ],
            [
              29.255864251466168,
              32.15985414348964
            ],
            [
              29.25550492535252,
              32.15985414348964
            ],
            [
              29.25550492535252,
              32.159764311961226
            ],
            [
              29.25541509382411,
              32.159764311961226
            ],
            [
              29.25541509382411,
              32.15967448043281
            ],
            [
              29.254876104653636,
              32.15967448043281
            ],
            [
              29.254876104653636,
              32.159584648904406
            ],
            [
              29.254786273125223,
              32.159584648904406
            ],
            [
              29.254786273125223,
              32.15940498584758
            ],
            [
              29.254696441596813,
              32.15940498584758
            ],
            [
              29.254696441596813,
              32.15922532279075
            ],
            [
              29.2546066100684,
              32.15922532279075
            ],
            [
              29.2546066100684,
              32.15868633362028
            ],
            [
              29.254516778539987,
              32.15868633362028
            ],
            [
              29.254516778539987,
              32.15850667056346
            ],
            [
              29.254426947011577,
              32.15850667056346
            ],
            [
              29.254426947011577,
              32.158327007506635
            ],
            [
              29.254516778539987,
              32.158327007506635
            ],
            [
              29.254516778539987,
              32.15814734444981
            ],
            [
              29.254426947011577,
              32.15814734444981
            ],
            [
              29.254426947011577,
              32.1580575129214
            ],
            [
              29.254516778539987,
              32.1580575129214
            ],
            [
              29.254516778539987,
              32.15769818680775
            ],
            [
              29.2546066100684,
              32.15769818680775
            ],
            [
              29.2546066100684,
              32.15760835527934
            ],
            [
              29.254696441596813,
              32.15760835527934
            ],
            [
              29.254696441596813,
              32.15742869222252
            ],
            [
              29.254426947011577,
              32.15742869222252
            ],
            [
              29.254426947011577,
              32.156889703052045
            ],
            [
              29.254337115483164,
              32.156889703052045
            ],
            [
              29.254337115483164,
              32.156440545409986
            ],
            [
              29.254247283954754,
              32.156440545409986
            ],
            [
              29.254247283954754,
              32.15635071388157
            ],
            [
              29.254337115483164,
              32.15635071388157
            ],
            [
              29.254337115483164,
              32.15626088235316
            ],
            [
              29.254247283954754,
              32.15626088235316
            ],
            [
              29.254247283954754,
              32.156171050824746
            ],
            [
              29.254337115483164,
              32.156171050824746
            ],
            [
              29.254337115483164,
              32.15608121929634
            ],
            [
              29.254247283954754,
              32.15608121929634
            ],
            [
              29.254247283954754,
              32.1558117247111
            ],
            [
              29.254337115483164,
              32.1558117247111
            ],
            [
              29.254337115483164,
              32.15572189318269
            ],
            [
              29.254247283954754,
              32.15572189318269
            ],
            [
              29.254247283954754,
              32.15563206165428
            ],
            [
              29.254337115483164,
              32.15563206165428
            ],
            [
              29.254337115483164,
              32.155003240955395
            ],
            [
              29.254247283954754,
              32.155003240955395
            ],
            [
              29.254247283954754,
              32.154733746370155
            ],
            [
              29.25415745242634,
              32.154733746370155
            ],
            [
              29.25415745242634,
              32.154554083313336
            ],
            [
              29.254067620897928,
              32.154554083313336
            ],
            [
              29.254067620897928,
              32.15437442025651
            ],
            [
              29.253977789369518,
              32.15437442025651
            ],
            [
              29.253977789369518,
              32.154284588728096
            ],
            [
              29.25379812631269,
              32.154284588728096
            ],
            [
              29.25379812631269,
              32.15419475719968
            ],
            [
              29.253708294784282,
              32.15419475719968
            ],
            [
              29.253708294784282,
              32.15410492567128
            ],
            [
              29.25316930561381,
              32.15410492567128
            ],
            [
              29.25316930561381,
              32.15419475719968
            ],
            [
              29.253079474085396,
              32.15419475719968
            ],
            [
              29.253079474085396,
              32.154284588728096
            ],
            [
              29.252989642556987,
              32.154284588728096
            ],
            [
              29.252989642556987,
              32.15446425178492
            ],
            [
              29.252899811028573,
              32.15446425178492
            ],
            [
              29.252899811028573,
              32.154554083313336
            ],
            [
              29.25280997950016,
              32.154554083313336
            ],
            [
              29.25280997950016,
              32.15464391484175
            ],
            [
              29.25272014797175,
              32.15464391484175
            ],
            [
              29.25272014797175,
              32.154733746370155
            ],
            [
              29.252630316443337,
              32.154733746370155
            ],
            [
              29.252630316443337,
              32.15482357789857
            ],
            [
              29.2523608218581,
              32.15482357789857
            ],
            [
              29.2523608218581,
              32.15491340942698
            ],
            [
              29.25227099032969,
              32.15491340942698
            ],
            [
              29.25227099032969,
              32.15482357789857
            ],
            [
              29.251911664216042,
              32.15482357789857
            ],
            [
              29.251911664216042,
              32.154733746370155
            ],
            [
              29.25182183268763,
              32.154733746370155
            ],
            [
              29.25182183268763,
              32.15482357789857
            ],
            [
              29.25173200115922,
              32.15482357789857
            ],
            [
              29.25173200115922,
              32.155003240955395
            ],
            [
              29.251552338102393,
              32.155003240955395
            ],
            [
              29.251552338102393,
              32.155182904012214
            ],
            [
              29.251642169630806,
              32.155182904012214
            ],
            [
              29.251642169630806,
              32.155991387767926
            ],
            [
              29.251552338102393,
              32.155991387767926
            ],
            [
              29.251552338102393,
              32.156171050824746
            ],
            [
              29.251642169630806,
              32.156171050824746
            ],
            [
              29.251642169630806,
              32.15635071388157
            ],
            [
              29.251552338102393,
              32.15635071388157
            ],
            [
              29.251552338102393,
              32.15697953458046
            ],
            [
              29.251642169630806,
              32.15697953458046
            ],
            [
              29.251642169630806,
              32.15706936610887
            ],
            [
              29.251552338102393,
              32.15706936610887
            ],
            [
              29.251552338102393,
              32.157338860694104
            ],
            [
              29.251462506573983,
              32.157338860694104
            ],
            [
              29.251462506573983,
              32.15742869222252
            ],
            [
              29.252450653386514,
              32.15742869222252
            ],
            [
              29.252450653386514,
              32.15751852375093
            ],
            [
              29.25227099032969,
              32.15751852375093
            ],
            [
              29.25227099032969,
              32.15760835527934
            ],
            [
              29.252450653386514,
              32.15760835527934
            ],
            [
              29.252450653386514,
              32.157877849864576
            ],
            [
              29.2523608218581,
              32.157877849864576
            ],
            [
              29.2523608218581,
              32.15814734444981
            ],
            [
              29.25227099032969,
              32.15814734444981
            ],
            [
              29.25227099032969,
              32.15823717597822
            ],
            [
              29.2523608218581,
              32.15823717597822
            ],
            [
              29.2523608218581,
              32.15967448043281
            ],
            [
              29.252450653386514,
              32.15967448043281
            ],
            [
              29.252450653386514,
              32.15985414348964
            ],
            [
              29.252540484914924,
              32.15985414348964
            ],
            [
              29.252540484914924,
              32.1603033011317
            ],
            [
              29.252450653386514,
              32.1603033011317
            ],
            [
              29.252450653386514,
              32.16057279571694
            ],
            [
              29.2523608218581,
              32.16057279571694
            ],
            [
              29.2523608218581,
              32.160662627245344
            ],
            [
              29.252181158801278,
              32.160662627245344
            ],
            [
              29.252181158801278,
              32.16075245877376
            ],
            [
              29.252091327272865,
              32.16075245877376
            ],
            [
              29.252091327272865,
              32.16084229030217
            ],
            [
              29.252001495744455,
              32.16084229030217
            ],
            [
              29.252001495744455,
              32.161021953359
            ],
            [
              29.251911664216042,
              32.161021953359
            ],
            [
              29.251911664216042,
              32.160932121830584
            ],
            [
              29.25182183268763,
              32.160932121830584
            ],
            [
              29.25182183268763,
              32.161021953359
            ],
            [
              29.25173200115922,
              32.161021953359
            ],
            [
              29.25173200115922,
              32.1611117848874
            ],
            [
              29.251552338102393,
              32.1611117848874
            ],
            [
              29.251552338102393,
              32.16129144794423
            ],
            [
              29.251462506573983,
              32.16129144794423
            ],
            [
              29.251462506573983,
              32.16138127947264
            ],
            [
              29.251193011988747,
              32.16138127947264
            ],
            [
              29.251193011988747,
              32.16156094252947
            ],
            [
              29.251103180460333,
              32.16156094252947
            ],
            [
              29.251103180460333,
              32.161650774057875
            ],
            [
              29.251013348931924,
              32.161650774057875
            ],
            [
              29.251013348931924,
              32.16174060558629
            ],
            [
              29.250833685875097,
              32.16174060558629
            ],
            [
              29.250833685875097,
              32.1618304371147
            ],
            [
              29.250743854346688,
              32.1618304371147
            ],
            [
              29.250743854346688,
              32.16201010017153
            ],
            [
              29.250654022818274,
              32.16201010017153
            ],
            [
              29.250654022818274,
              32.162099931699935
            ],
            [
              29.25047435976145,
              32.162099931699935
            ],
            [
              29.25047435976145,
              32.16227959475676
            ],
            [
              29.250384528233038,
              32.16227959475676
            ],
            [
              29.250384528233038,
              32.16245925781359
            ],
            [
              29.25029469670463,
              32.16245925781359
            ],
            [
              29.25029469670463,
              32.162549089342
            ],
            [
              29.250204865176215,
              32.162549089342
            ],
            [
              29.250204865176215,
              32.16290841545565
            ],
            [
              29.250115033647802,
              32.16290841545565
            ],
            [
              29.250115033647802,
              32.163088078512466
            ],
            [
              29.250204865176215,
              32.163088078512466
            ],
            [
              29.250204865176215,
              32.16344740462612
            ],
            [
              29.25029469670463,
              32.16344740462612
            ],
            [
              29.25029469670463,
              32.16398639379659
            ],
            [
              29.250384528233038,
              32.16398639379659
            ],
            [
              29.250384528233038,
              32.164794877552296
            ],
            [
              29.25047435976145,
              32.164794877552296
            ],
            [
              29.25047435976145,
              32.16488470908071
            ],
            [
              29.250384528233038,
              32.16488470908071
            ],
            [
              29.250384528233038,
              32.16506437213753
            ],
            [
              29.25047435976145,
              32.16506437213753
            ],
            [
              29.25047435976145,
              32.16515420366594
            ],
            [
              29.250384528233038,
              32.16515420366594
            ],
            [
              29.250384528233038,
              32.165513529779595
            ],
            [
              29.25047435976145,
              32.165513529779595
            ],
            [
              29.25047435976145,
              32.16623218200689
            ],
            [
              29.25056419128986,
              32.16623218200689
            ],
            [
              29.25056419128986,
              32.16641184506371
            ],
            [
              29.250654022818274,
              32.16641184506371
            ],
            [
              29.250654022818274,
              32.16659150812053
            ],
            [
              29.250743854346688,
              32.16659150812053
            ],
            [
              29.250743854346688,
              32.16677117117736
            ],
            [
              29.250833685875097,
              32.16677117117736
            ],
            [
              29.250833685875097,
              32.166950834234186
            ],
            [
              29.25092351740351,
              32.166950834234186
            ],
            [
              29.25092351740351,
              32.16704066576259
            ],
            [
              29.251013348931924,
              32.16704066576259
            ],
            [
              29.251013348931924,
              32.16722032881942
            ],
            [
              29.251103180460333,
              32.16722032881942
            ],
            [
              29.251103180460333,
              32.16775931798989
            ],
            [
              29.251193011988747,
              32.16775931798989
            ],
            [
              29.251193011988747,
              32.16811864410354
            ],
            [
              29.25128284351716,
              32.16811864410354
            ],
            [
              29.25128284351716,
              32.16829830716036
            ],
            [
              29.25137267504557,
              32.16829830716036
            ],
            [
              29.25137267504557,
              32.16874746480242
            ],
            [
              29.251462506573983,
              32.16874746480242
            ],
            [
              29.251462506573983,
              32.168837296330835
            ],
            [
              29.251552338102393,
              32.168837296330835
            ],
            [
              29.251552338102393,
              32.169016959387655
            ],
            [
              29.25173200115922,
              32.169016959387655
            ],
            [
              29.25173200115922,
              32.16910679091607
            ],
            [
              29.25182183268763,
              32.16910679091607
            ],
            [
              29.25182183268763,
              32.16919662244448
            ],
            [
              29.252091327272865,
              32.16919662244448
            ],
            [
              29.252091327272865,
              32.16910679091607
            ],
            [
              29.2523608218581,
              32.16910679091607
            ],
            [
              29.2523608218581,
              32.169016959387655
            ],
            [
              29.25280997950016,
              32.169016959387655
            ],
            [
              29.25280997950016,
              32.16892712785925
            ],
            [
              29.252989642556987,
              32.16892712785925
            ],
            [
              29.252989642556987,
              32.168837296330835
            ],
            [
              29.25316930561381,
              32.168837296330835
            ],
            [
              29.25316930561381,
              32.16874746480242
            ],
            [
              29.253438800199046,
              32.16874746480242
            ],
            [
              29.253438800199046,
              32.16865763327401
            ],
            [
              29.253528631727455,
              32.16865763327401
            ],
            [
              29.253528631727455,
              32.16874746480242
            ],
            [
              29.25361846325587,
              32.16874746480242
            ],
            [
              29.25361846325587,
              32.168567801745596
            ],
            [
              29.253708294784282,
              32.168567801745596
            ],
            [
              29.253708294784282,
              32.168388138688776
            ],
            [
              29.25379812631269,
              32.168388138688776
            ],
            [
              29.25379812631269,
              32.16829830716036
            ],
            [
              29.253887957841105,
              32.16829830716036
            ],
            [
              29.253887957841105,
              32.16811864410354
            ],
            [
              29.253977789369518,
              32.16811864410354
            ],
            [
              29.253977789369518,
              32.16829830716036
            ],
            [
              29.254247283954754,
              32.16829830716036
            ],
            [
              29.254247283954754,
              32.168388138688776
            ],
            [
              29.254426947011577,
              32.168388138688776
            ],
            [
              29.254426947011577,
              32.16847797021719
            ],
            [
              29.2546066100684,
              32.16847797021719
            ]
          ],
          [
            [
              29.253977789369518,
              32.16802881257512
            ],
            [
              29.254067620897928,
              32.16802881257512
            ],
            [
              29.254067620897928,
              32.16811864410354
            ],
            [
              29.253977789369518,
              32.16811864410354
            ],
            [
              29.253977789369518,
              32.16802881257512
            ]
          ],
          [
            [
              29.25415745242634,
              32.16811864410354
            ],
            [
              29.25415745242634,
              32.16820847563195
            ],
            [
              29.254067620897928,
              32.16820847563195
            ],
            [
              29.254067620897928,
              32.16811864410354
            ],
            [
              29.25415745242634,
              32.16811864410354
            ]
          ]
        ]
      },
      "properties": {
        "event_id": "00012_det_0054",
        "source_image": "00012",
        "detection_class": "oil_spill",
        "pixel_count": 8327,
        "area_m2": 703073.93,
        "area_km2": 0.703074,
        "geometry_crs": "EPSG:4326",
        "area_crs": "EPSG:32635",
        "area_method": "utm_projection_zone_35N",
        "centroid": [
          29.253708,
          32.163455
        ],
        "bbox": [
          29.250115,
          32.154105,
          29.257032,
          32.172071
        ],
        "threshold": 0.22,
        "probability_statistics": {
          "mean_probability": 0.86055,
          "max_probability": 1.0,
          "min_probability": 0.22034,
          "std_probability": 0.20374
        }
      }
    },
    {
      "type": "Feature",
      "id": "00012_det_0055",
      "geometry": {
        "type": "Polygon",
        "coordinates": [
          [
            [
              29.256133746051404,
              32.16542369825118
            ],
            [
              29.256223577579817,
              32.16542369825118
            ],
            [
              29.256223577579817,
              32.16533386672277
            ],
            [
              29.256133746051404,
              32.16533386672277
            ],
            [
              29.256133746051404,
              32.16542369825118
            ]
          ]
        ]
      },
      "properties": {
        "event_id": "00012_det_0055",
        "source_image": "00012",
        "detection_class": "oil_spill",
        "pixel_count": 1,
        "area_m2": 84.43,
        "area_km2": 8.4e-05,
        "geometry_crs": "EPSG:4326",
        "area_crs": "EPSG:32635",
        "area_method": "utm_projection_zone_35N",
        "centroid": [
          29.256179,
          32.165379
        ],
        "bbox": [
          29.256134,
          32.165334,
          29.256224,
          32.165424
        ],
        "threshold": 0.22,
        "probability_statistics": {
          "mean_probability": 0.22974,
          "max_probability": 0.22974,
          "min_probability": 0.22974,
          "std_probability": 0.0
        }
      }
    },
    {
      "type": "Feature",
      "id": "00012_det_0056",
      "geometry": {
        "type": "Polygon",
        "coordinates": [
          [
            [
              29.254247283954754,
              32.168388138688776
            ],
            [
              29.25415745242634,
              32.168388138688776
            ],
            [
              29.25415745242634,
              32.16847797021719
            ],
            [
              29.254247283954754,
              32.16847797021719
            ],
            [
              29.254247283954754,
              32.168388138688776
            ]
          ]
        ]
      },
      "properties": {
        "event_id": "00012_det_0056",
        "source_image": "00012",
        "detection_class": "oil_spill",
        "pixel_count": 1,
        "area_m2": 84.43,
        "area_km2": 8.4e-05,
        "geometry_crs": "EPSG:4326",
        "area_crs": "EPSG:32635",
        "area_method": "utm_projection_zone_35N",
        "centroid": [
          29.254202,
          32.168433
        ],
        "bbox": [
          29.254157,
          32.168388,
          29.254247,
          32.168478
        ],
        "threshold": 0.22,
        "probability_statistics": {
          "mean_probability": 0.22388,
          "max_probability": 0.22388,
          "min_probability": 0.22388,
          "std_probability": 0.0
        }
      }
    },
    {
      "type": "Feature",
      "id": "00012_det_0057",
      "geometry": {
        "type": "Polygon",
        "coordinates": [
          [
            [
              29.25550492535252,
              32.15760835527934
            ],
            [
              29.25550492535252,
              32.15742869222252
            ],
            [
              29.25541509382411,
              32.15742869222252
            ],
            [
              29.25541509382411,
              32.15751852375093
            ],
            [
              29.255325262295695,
              32.15751852375093
            ],
            [
              29.255325262295695,
              32.15742869222252
            ],
            [
              29.255235430767286,
              32.15742869222252
            ],
            [
              29.255235430767286,
              32.157338860694104
            ],
            [
              29.255145599238872,
              32.157338860694104
            ],
            [
              29.255145599238872,
              32.15715919763728
            ],
            [
              29.255235430767286,
              32.15715919763728
            ],
            [
              29.255235430767286,
              32.15697953458046
            ],
            [
              29.255145599238872,
              32.15697953458046
            ],
            [
              29.255145599238872,
              32.156440545409986
            ],
            [
              29.255235430767286,
              32.156440545409986
            ],
            [
              29.255235430767286,
              32.15608121929634
            ],
            [
              29.255145599238872,
              32.15608121929634
            ],
            [
              29.255145599238872,
              32.155991387767926
            ],
            [
              29.255235430767286,
              32.155991387767926
            ],
            [
              29.255235430767286,
              32.15590155623951
            ],
            [
              29.255145599238872,
              32.15590155623951
            ],
            [
              29.255145599238872,
              32.15572189318269
            ],
            [
              29.255235430767286,
              32.15572189318269
            ],
            [
              29.255235430767286,
              32.15554223012587
            ],
            [
              29.255145599238872,
              32.15554223012587
            ],
            [
              29.255145599238872,
              32.15509307248381
            ],
            [
              29.25505576771046,
              32.15509307248381
            ],
            [
              29.25505576771046,
              32.15446425178492
            ],
            [
              29.25496593618205,
              32.15446425178492
            ],
            [
              29.25496593618205,
              32.154284588728096
            ],
            [
              29.254876104653636,
              32.154284588728096
            ],
            [
              29.254876104653636,
              32.15392526261445
            ],
            [
              29.254786273125223,
              32.15392526261445
            ],
            [
              29.254786273125223,
              32.15365576802922
            ],
            [
              29.254696441596813,
              32.15365576802922
            ],
            [
              29.254696441596813,
              32.153565936500804
            ],
            [
              29.2546066100684,
              32.153565936500804
            ],
            [
              29.2546066100684,
              32.15338627344398
            ],
            [
              29.254516778539987,
              32.15338627344398
            ],
            [
              29.254516778539987,
              32.153296441915565
            ],
            [
              29.254426947011577,
              32.153296441915565
            ],
            [
              29.254426947011577,
              32.153116778858745
            ],
            [
              29.254337115483164,
              32.153116778858745
            ],
            [
              29.254337115483164,
              32.152847284273506
            ],
            [
              29.25415745242634,
              32.152847284273506
            ],
            [
              29.25415745242634,
              32.15257778968827
            ],
            [
              29.254067620897928,
              32.15257778968827
            ],
            [
              29.254067620897928,
              32.152128632046214
            ],
            [
              29.253977789369518,
              32.152128632046214
            ],
            [
              29.253977789369518,
              32.15194896898939
            ],
            [
              29.254067620897928,
              32.15194896898939
            ],
            [
              29.254067620897928,
              32.151859137460974
            ],
            [
              29.253977789369518,
              32.151859137460974
            ],
            [
              29.253977789369518,
              32.15105065370527
            ],
            [
              29.253887957841105,
              32.15105065370527
            ],
            [
              29.253887957841105,
              32.15060149606321
            ],
            [
              29.25379812631269,
              32.15060149606321
            ],
            [
              29.25379812631269,
              32.14970318077909
            ],
            [
              29.253708294784282,
              32.14970318077909
            ],
            [
              29.253708294784282,
              32.149523517722265
            ],
            [
              29.25361846325587,
              32.149523517722265
            ],
            [
              29.25361846325587,
              32.14943368619385
            ],
            [
              29.253708294784282,
              32.14943368619385
            ],
            [
              29.253708294784282,
              32.14934385466544
            ],
            [
              29.25361846325587,
              32.14934385466544
            ],
            [
              29.25361846325587,
              32.14898452855179
            ],
            [
              29.253528631727455,
              32.14898452855179
            ],
            [
              29.253528631727455,
              32.14871503396655
            ],
            [
              29.253438800199046,
              32.14871503396655
            ],
            [
              29.253438800199046,
              32.14835570785291
            ],
            [
              29.253348968670633,
              32.14835570785291
            ],
            [
              29.253348968670633,
              32.148086213267675
            ],
            [
              29.253259137142223,
              32.148086213267675
            ],
            [
              29.253259137142223,
              32.14745739256879
            ],
            [
              29.25316930561381,
              32.14745739256879
            ],
            [
              29.25316930561381,
              32.147367561040376
            ],
            [
              29.253259137142223,
              32.147367561040376
            ],
            [
              29.253259137142223,
              32.1460200881142
            ],
            [
              29.25316930561381,
              32.1460200881142
            ],
            [
              29.25316930561381,
              32.145930256585785
            ],
            [
              29.253259137142223,
              32.145930256585785
            ],
            [
              29.253259137142223,
              32.14566076200055
            ],
            [
              29.253348968670633,
              32.14566076200055
            ],
            [
              29.253348968670633,
              32.14557093047214
            ],
            [
              29.253438800199046,
              32.14557093047214
            ],
            [
              29.253438800199046,
              32.14476244671643
            ],
            [
              29.253348968670633,
              32.14476244671643
            ],
            [
              29.253348968670633,
              32.14467261518802
            ],
            [
              29.253259137142223,
              32.14467261518802
            ],
            [
              29.253259137142223,
              32.14458278365961
            ],
            [
              29.253348968670633,
              32.14458278365961
            ],
            [
              29.253348968670633,
              32.144492952131195
            ],
            [
              29.253259137142223,
              32.144492952131195
            ],
            [
              29.253259137142223,
              32.14440312060278
            ],
            [
              29.253348968670633,
              32.14440312060278
            ],
            [
              29.253348968670633,
              32.14413362601755
            ],
            [
              29.253438800199046,
              32.14413362601755
            ],
            [
              29.253438800199046,
              32.144043794489136
            ],
            [
              29.253528631727455,
              32.144043794489136
            ],
            [
              29.253528631727455,
              32.14395396296072
            ],
            [
              29.253708294784282,
              32.14395396296072
            ],
            [
              29.253708294784282,
              32.14386413143231
            ],
            [
              29.254247283954754,
              32.14386413143231
            ],
            [
              29.254247283954754,
              32.143774299903896
            ],
            [
              29.254337115483164,
              32.143774299903896
            ],
            [
              29.254337115483164,
              32.14368446837549
            ],
            [
              29.254516778539987,
              32.14368446837549
            ],
            [
              29.254516778539987,
              32.14359463684708
            ],
            [
              29.2546066100684,
              32.14359463684708
            ],
            [
              29.2546066100684,
              32.14350480531866
            ],
            [
              29.254696441596813,
              32.14350480531866
            ],
            [
              29.254696441596813,
              32.14314547920502
            ],
            [
              29.254786273125223,
              32.14314547920502
            ],
            [
              29.254786273125223,
              32.143055647676604
            ],
            [
              29.254696441596813,
              32.143055647676604
            ],
            [
              29.254696441596813,
              32.14296581614819
            ],
            [
              29.254786273125223,
              32.14296581614819
            ],
            [
              29.254786273125223,
              32.14269632156296
            ],
            [
              29.254876104653636,
              32.14269632156296
            ],
            [
              29.254876104653636,
              32.142606490034545
            ],
            [
              29.254786273125223,
              32.142606490034545
            ],
            [
              29.254786273125223,
              32.14242682697772
            ],
            [
              29.254876104653636,
              32.14242682697772
            ],
            [
              29.254876104653636,
              32.142336995449305
            ],
            [
              29.25496593618205,
              32.142336995449305
            ],
            [
              29.25496593618205,
              32.14206750086407
            ],
            [
              29.25505576771046,
              32.14206750086407
            ],
            [
              29.25505576771046,
              32.141887837807246
            ],
            [
              29.255145599238872,
              32.141887837807246
            ],
            [
              29.255145599238872,
              32.141618343222014
            ],
            [
              29.255235430767286,
              32.141618343222014
            ],
            [
              29.255235430767286,
              32.141169185579955
            ],
            [
              29.255145599238872,
              32.141169185579955
            ],
            [
              29.255145599238872,
              32.140899690994715
            ],
            [
              29.25505576771046,
              32.140899690994715
            ],
            [
              29.25505576771046,
              32.1408098594663
            ],
            [
              29.255145599238872,
              32.1408098594663
            ],
            [
              29.255145599238872,
              32.140720027937896
            ],
            [
              29.25505576771046,
              32.140720027937896
            ],
            [
              29.25505576771046,
              32.14036070182424
            ],
            [
              29.25496593618205,
              32.14036070182424
            ],
            [
              29.25496593618205,
              32.1400013757106
            ],
            [
              29.254876104653636,
              32.1400013757106
            ],
            [
              29.254876104653636,
              32.139731881125364
            ],
            [
              29.254786273125223,
              32.139731881125364
            ],
            [
              29.254786273125223,
              32.13964204959695
            ],
            [
              29.254696441596813,
              32.13964204959695
            ],
            [
              29.254696441596813,
              32.13955221806854
            ],
            [
              29.254786273125223,
              32.13955221806854
            ],
            [
              29.254786273125223,
              32.139462386540124
            ],
            [
              29.254696441596813,
              32.139462386540124
            ],
            [
              29.254696441596813,
              32.139013228898065
            ],
            [
              29.254786273125223,
              32.139013228898065
            ],
            [
              29.254786273125223,
              32.13892339736965
            ],
            [
              29.254696441596813,
              32.13892339736965
            ],
            [
              29.254696441596813,
              32.13883356584124
            ],
            [
              29.254786273125223,
              32.13883356584124
            ],
            [
              29.254786273125223,
              32.138564071256006
            ],
            [
              29.254876104653636,
              32.138564071256006
            ],
            [
              29.254876104653636,
              32.13838440819918
            ],
            [
              29.25496593618205,
              32.13838440819918
            ],
            [
              29.25496593618205,
              32.13784541902871
            ],
            [
              29.25505576771046,
              32.13784541902871
            ],
            [
              29.25505576771046,
              32.13739626138665
            ],
            [
              29.255145599238872,
              32.13739626138665
            ],
            [
              29.255145599238872,
              32.137036935273
            ],
            [
              29.255235430767286,
              32.137036935273
            ],
            [
              29.255235430767286,
              32.13604878846047
            ],
            [
              29.255145599238872,
              32.13604878846047
            ],
            [
              29.255145599238872,
              32.13559963081841
            ],
            [
              29.255235430767286,
              32.13559963081841
            ],
            [
              29.255235430767286,
              32.135240304704766
            ],
            [
              29.255325262295695,
              32.135240304704766
            ],
            [
              29.255325262295695,
              32.134970810119526
            ],
            [
              29.25541509382411,
              32.134970810119526
            ],
            [
              29.25541509382411,
              32.13470131553429
            ],
            [
              29.25550492535252,
              32.13470131553429
            ],
            [
              29.25550492535252,
              32.13461148400588
            ],
            [
              29.25541509382411,
              32.13461148400588
            ],
            [
              29.25541509382411,
              32.13452165247747
            ],
            [
              29.25550492535252,
              32.13452165247747
            ],
            [
              29.25550492535252,
              32.13407249483541
            ],
            [
              29.25559475688093,
              32.13407249483541
            ],
            [
              29.25559475688093,
              32.133533505664936
            ],
            [
              29.255684588409345,
              32.133533505664936
            ],
            [
              29.255684588409345,
              32.13218603273876
            ],
            [
              29.25559475688093,
              32.13218603273876
            ],
            [
              29.25559475688093,
              32.131647043568286
            ],
            [
              29.25550492535252,
              32.131647043568286
            ],
            [
              29.25550492535252,
              32.13155721203987
            ],
            [
              29.25559475688093,
              32.13155721203987
            ],
            [
              29.25559475688093,
              32.13146738051146
            ],
            [
              29.25550492535252,
              32.13146738051146
            ],
            [
              29.25550492535252,
              32.13119788592623
            ],
            [
              29.25559475688093,
              32.13119788592623
            ],
            [
              29.25559475688093,
              32.131108054397814
            ],
            [
              29.25550492535252,
              32.131108054397814
            ],
            [
              29.25550492535252,
              32.1310182228694
            ],
            [
              29.25559475688093,
              32.1310182228694
            ],
            [
              29.25559475688093,
              32.130658896755754
            ],
            [
              29.255684588409345,
              32.130658896755754
            ],
            [
              29.255684588409345,
              32.13029957064211
            ],
            [
              29.255774419937755,
              32.13029957064211
            ],
            [
              29.255774419937755,
              32.130209739113695
            ],
            [
              29.255684588409345,
              32.130209739113695
            ],
            [
              29.255684588409345,
              32.13011990758528
            ],
            [
              29.255774419937755,
              32.13011990758528
            ],
            [
              29.255774419937755,
              32.13003007605687
            ],
            [
              29.255684588409345,
              32.13003007605687
            ],
            [
              29.255684588409345,
              32.1294910868864
            ],
            [
              29.25559475688093,
              32.1294910868864
            ],
            [
              29.25559475688093,
              32.129221592301164
            ],
            [
              29.25550492535252,
              32.129221592301164
            ],
            [
              29.25550492535252,
              32.12904192924434
            ],
            [
              29.25559475688093,
              32.12904192924434
            ],
            [
              29.25559475688093,
              32.128952097715924
            ],
            [
              29.25550492535252,
              32.128952097715924
            ],
            [
              29.25550492535252,
              32.12886226618752
            ],
            [
              29.25541509382411,
              32.12886226618752
            ],
            [
              29.25541509382411,
              32.128772434659105
            ],
            [
              29.25550492535252,
              32.128772434659105
            ],
            [
              29.25550492535252,
              32.12868260313069
            ],
            [
              29.25541509382411,
              32.12868260313069
            ],
            [
              29.25541509382411,
              32.127514793261334
            ],
            [
              29.25550492535252,
              32.127514793261334
            ],
            [
              29.25550492535252,
              32.1272452986761
            ],
            [
              29.25559475688093,
              32.1272452986761
            ],
            [
              29.25559475688093,
              32.12697580409086
            ],
            [
              29.255684588409345,
              32.12697580409086
            ],
            [
              29.255684588409345,
              32.126436814920396
            ],
            [
              29.25559475688093,
              32.126436814920396
            ],
            [
              29.25559475688093,
              32.12634698339198
            ],
            [
              29.255684588409345,
              32.12634698339198
            ],
            [
              29.255684588409345,
              32.12625715186357
            ],
            [
              29.25559475688093,
              32.12625715186357
            ],
            [
              29.25559475688093,
              32.12490967893739
            ],
            [
              29.25550492535252,
              32.12490967893739
            ],
            [
              29.25550492535252,
              32.12481984740898
            ],
            [
              29.25559475688093,
              32.12481984740898
            ],
            [
              29.25559475688093,
              32.12464018435215
            ],
            [
              29.25550492535252,
              32.12464018435215
            ],
            [
              29.25550492535252,
              32.12401136365327
            ],
            [
              29.25559475688093,
              32.12401136365327
            ],
            [
              29.25559475688093,
              32.12392153212486
            ],
            [
              29.25550492535252,
              32.12392153212486
            ],
            [
              29.25550492535252,
              32.123741869068034
            ],
            [
              29.25559475688093,
              32.123741869068034
            ],
            [
              29.25559475688093,
              32.12365203753962
            ],
            [
              29.255684588409345,
              32.12365203753962
            ],
            [
              29.255684588409345,
              32.12338254295439
            ],
            [
              29.255774419937755,
              32.12338254295439
            ],
            [
              29.255774419937755,
              32.123292711425975
            ],
            [
              29.255864251466168,
              32.123292711425975
            ],
            [
              29.255864251466168,
              32.12311304836915
            ],
            [
              29.25595408299458,
              32.12311304836915
            ],
            [
              29.25595408299458,
              32.123023216840735
            ],
            [
              29.25604391452299,
              32.123023216840735
            ],
            [
              29.25604391452299,
              32.122843553783916
            ],
            [
              29.256133746051404,
              32.122843553783916
            ],
            [
              29.256133746051404,
              32.12239439614186
            ],
            [
              29.25604391452299,
              32.12239439614186
            ],
            [
              29.25604391452299,
              32.12221473308503
            ],
            [
              29.25595408299458,
              32.12221473308503
            ],
            [
              29.25595408299458,
              32.122035070028204
            ],
            [
              29.25604391452299,
              32.122035070028204
            ],
            [
              29.25604391452299,
              32.1219452384998
            ],
            [
              29.25595408299458,
              32.1219452384998
            ],
            [
              29.25595408299458,
              32.12131641780091
            ],
            [
              29.25604391452299,
              32.12131641780091
            ],
            [
              29.25604391452299,
              32.1212265862725
            ],
            [
              29.256133746051404,
              32.1212265862725
            ],
            [
              29.256133746051404,
              32.12104692321567
            ],
            [
              29.256223577579817,
              32.12104692321567
            ],
            [
              29.256223577579817,
              32.12077742863044
            ],
            [
              29.256313409108227,
              32.12077742863044
            ],
            [
              29.256313409108227,
              32.12059776557361
            ],
            [
              29.256223577579817,
              32.12059776557361
            ],
            [
              29.256223577579817,
              32.12050793404521
            ],
            [
              29.25640324063664,
              32.12050793404521
            ],
            [
              29.25640324063664,
              32.12032827098838
            ],
            [
              29.256493072165053,
              32.12032827098838
            ],
            [
              29.256493072165053,
              32.120148607931554
            ],
            [
              29.256582903693463,
              32.120148607931554
            ],
            [
              29.256582903693463,
              32.12005877640314
            ],
            [
              29.256672735221876,
              32.12005877640314
            ],
            [
              29.256672735221876,
              32.11987911334632
            ],
            [
              29.256762566750286,
              32.11987911334632
            ],
            [
              29.256762566750286,
              32.11978928181791
            ],
            [
              29.2568523982787,
              32.11978928181791
            ],
            [
              29.2568523982787,
              32.11960961876108
            ],
            [
              29.256942229807112,
              32.11960961876108
            ],
            [
              29.256942229807112,
              32.11934012417585
            ],
            [
              29.257121892863935,
              32.11934012417585
            ],
            [
              29.257121892863935,
              32.119250292647436
            ],
            [
              29.25721172439235,
              32.119250292647436
            ],
            [
              29.25721172439235,
              32.11907062959061
            ],
            [
              29.25730155592076,
              32.11907062959061
            ],
            [
              29.25730155592076,
              32.1189807980622
            ],
            [
              29.257481218977585,
              32.1189807980622
            ],
            [
              29.257481218977585,
              32.11889096653379
            ],
            [
              29.257660882034408,
              32.11889096653379
            ],
            [
              29.257660882034408,
              32.11880113500538
            ],
            [
              29.257930376619644,
              32.11880113500538
            ],
            [
              29.257930376619644,
              32.11889096653379
            ],
            [
              29.258020208148054,
              32.11889096653379
            ],
            [
              29.258020208148054,
              32.1189807980622
            ],
            [
              29.258110039676467,
              32.1189807980622
            ],
            [
              29.258110039676467,
              32.11907062959061
            ],
            [
              29.25819987120488,
              32.11907062959061
            ],
            [
              29.25819987120488,
              32.11916046111902
            ],
            [
              29.25828970273329,
              32.11916046111902
            ],
            [
              29.25828970273329,
              32.11942995570426
            ],
            [
              29.258379534261703,
              32.11942995570426
            ],
            [
              29.258379534261703,
              32.119699450289495
            ],
            [
              29.258469365790116,
              32.119699450289495
            ],
            [
              29.258469365790116,
              32.11987911334632
            ],
            [
              29.258559197318526,
              32.11987911334632
            ],
            [
              29.258559197318526,
              32.119968944874735
            ],
            [
              29.258469365790116,
              32.119968944874735
            ],
            [
              29.258469365790116,
              32.12005877640314
            ],
            [
              29.258559197318526,
              32.12005877640314
            ],
            [
              29.258559197318526,
              32.120148607931554
            ],
            [
              29.258469365790116,
              32.120148607931554
            ],
            [
              29.258469365790116,
              32.12023843945997
            ],
            [
              29.258559197318526,
              32.12023843945997
            ],
            [
              29.258559197318526,
              32.12032827098838
            ],
            [
              29.258469365790116,
              32.12032827098838
            ],
            [
              29.258469365790116,
              32.12068759710203
            ],
            [
              29.258379534261703,
              32.12068759710203
            ],
            [
              29.258379534261703,
              32.121855406971385
            ],
            [
              29.25828970273329,
              32.121855406971385
            ],
            [
              29.25828970273329,
              32.12221473308503
            ],
            [
              29.25819987120488,
              32.12221473308503
            ],
            [
              29.25819987120488,
              32.12248422767027
            ],
            [
              29.258110039676467,
              32.12248422767027
            ],
            [
              29.258110039676467,
              32.1227537222555
            ],
            [
              29.258020208148054,
              32.1227537222555
            ],
            [
              29.258020208148054,
              32.123292711425975
            ],
            [
              29.257930376619644,
              32.123292711425975
            ],
            [
              29.257930376619644,
              32.12365203753962
            ],
            [
              29.25784054509123,
              32.12365203753962
            ],
            [
              29.25784054509123,
              32.12401136365327
            ],
            [
              29.257750713562817,
              32.12401136365327
            ],
            [
              29.257750713562817,
              32.12419102671009
            ],
            [
              29.257660882034408,
              32.12419102671009
            ],
            [
              29.257660882034408,
              32.12437068976692
            ],
            [
              29.257571050505994,
              32.12437068976692
            ],
            [
              29.257571050505994,
              32.12455035282374
            ],
            [
              29.257481218977585,
              32.12455035282374
            ],
            [
              29.257481218977585,
              32.12535883657945
            ],
            [
              29.257571050505994,
              32.12535883657945
            ],
            [
              29.257571050505994,
              32.125448668107865
            ],
            [
              29.257481218977585,
              32.125448668107865
            ],
            [
              29.257481218977585,
              32.12553849963627
            ],
            [
              29.257571050505994,
              32.12553849963627
            ],
            [
              29.257571050505994,
              32.12598765727833
            ],
            [
              29.257660882034408,
              32.12598765727833
            ],
            [
              29.257660882034408,
              32.1265266464488
            ],
            [
              29.257750713562817,
              32.1265266464488
            ],
            [
              29.257750713562817,
              32.12670630950563
            ],
            [
              29.257660882034408,
              32.12670630950563
            ],
            [
              29.257660882034408,
              32.12697580409086
            ],
            [
              29.257750713562817,
              32.12697580409086
            ],
            [
              29.257750713562817,
              32.127065635619275
            ],
            [
              29.257660882034408,
              32.127065635619275
            ],
            [
              29.257660882034408,
              32.12760462478975
            ],
            [
              29.257481218977585,
              32.12760462478975
            ],
            [
              29.257481218977585,
              32.12769445631816
            ],
            [
              29.257571050505994,
              32.12769445631816
            ],
            [
              29.257571050505994,
              32.12778428784657
            ],
            [
              29.257481218977585,
              32.12778428784657
            ],
            [
              29.257481218977585,
              32.128772434659105
            ],
            [
              29.257571050505994,
              32.128772434659105
            ],
            [
              29.257571050505994,
              32.12904192924434
            ],
            [
              29.257660882034408,
              32.12904192924434
            ],
            [
              29.257660882034408,
              32.12913176077275
            ],
            [
              29.257571050505994,
              32.12913176077275
            ],
            [
              29.257571050505994,
              32.129221592301164
            ],
            [
              29.257660882034408,
              32.129221592301164
            ],
            [
              29.257660882034408,
              32.13056906522734
            ],
            [
              29.257750713562817,
              32.13056906522734
            ],
            [
              29.257750713562817,
              32.13119788592623
            ],
            [
              29.257660882034408,
              32.13119788592623
            ],
            [
              29.257660882034408,
              32.13128771745464
            ],
            [
              29.257750713562817,
              32.13128771745464
            ],
            [
              29.257750713562817,
              32.13137754898305
            ],
            [
              29.257660882034408,
              32.13137754898305
            ],
            [
              29.257660882034408,
              32.131647043568286
            ],
            [
              29.257571050505994,
              32.131647043568286
            ],
            [
              29.257571050505994,
              32.13191653815352
            ],
            [
              29.257481218977585,
              32.13191653815352
            ],
            [
              29.257481218977585,
              32.13218603273876
            ],
            [
              29.25739138744917,
              32.13218603273876
            ],
            [
              29.25739138744917,
              32.132365695795585
            ],
            [
              29.25730155592076,
              32.132365695795585
            ],
            [
              29.25730155592076,
              32.13263519038082
            ],
            [
              29.257121892863935,
              32.13263519038082
            ],
            [
              29.257121892863935,
              32.132814853437644
            ],
            [
              29.257032061335522,
              32.132814853437644
            ],
            [
              29.257032061335522,
              32.13290468496605
            ],
            [
              29.256942229807112,
              32.13290468496605
            ],
            [
              29.256942229807112,
              32.133353842608116
            ],
            [
              29.2568523982787,
              32.133353842608116
            ],
            [
              29.2568523982787,
              32.13371316872176
            ],
            [
              29.256762566750286,
              32.13371316872176
            ],
            [
              29.256762566750286,
              32.13416232636382
            ],
            [
              29.256672735221876,
              32.13416232636382
            ],
            [
              29.256672735221876,
              32.134970810119526
            ],
            [
              29.256762566750286,
              32.134970810119526
            ],
            [
              29.256762566750286,
              32.135240304704766
            ],
            [
              29.256672735221876,
              32.135240304704766
            ],
            [
              29.256672735221876,
              32.13533013623318
            ],
            [
              29.256762566750286,
              32.13533013623318
            ],
            [
              29.256762566750286,
              32.13550979929
            ],
            [
              29.256672735221876,
              32.13550979929
            ],
            [
              29.256672735221876,
              32.13595895693206
            ],
            [
              29.256582903693463,
              32.13595895693206
            ],
            [
              29.256582903693463,
              32.13631828304571
            ],
            [
              29.256493072165053,
              32.13631828304571
            ],
            [
              29.256493072165053,
              32.13640811457412
            ],
            [
              29.25640324063664,
              32.13640811457412
            ],
            [
              29.25640324063664,
              32.13667760915936
            ],
            [
              29.256313409108227,
              32.13667760915936
            ],
            [
              29.256313409108227,
              32.13676744068777
            ],
            [
              29.256223577579817,
              32.13676744068777
            ],
            [
              29.256223577579817,
              32.13739626138665
            ],
            [
              29.256133746051404,
              32.13739626138665
            ],
            [
              29.256133746051404,
              32.13766575597189
            ],
            [
              29.25604391452299,
              32.13766575597189
            ],
            [
              29.25604391452299,
              32.13793525055712
            ],
            [
              29.25595408299458,
              32.13793525055712
            ],
            [
              29.25595408299458,
              32.139013228898065
            ],
            [
              29.255864251466168,
              32.139013228898065
            ],
            [
              29.255864251466168,
              32.13919289195489
            ],
            [
              29.25595408299458,
              32.13919289195489
            ],
            [
              29.25595408299458,
              32.139282723483305
            ],
            [
              29.255864251466168,
              32.139282723483305
            ],
            [
              29.255864251466168,
              32.141348848636774
            ],
            [
              29.25595408299458,
              32.141348848636774
            ],
            [
              29.25595408299458,
              32.14179800627883
            ],
            [
              29.25604391452299,
              32.14179800627883
            ],
            [
              29.25604391452299,
              32.141887837807246
            ],
            [
              29.25595408299458,
              32.141887837807246
            ],
            [
              29.25595408299458,
              32.14197766933566
            ],
            [
              29.25604391452299,
              32.14197766933566
            ],
            [
              29.25604391452299,
              32.14296581614819
            ],
            [
              29.25595408299458,
              32.14296581614819
            ],
            [
              29.25595408299458,
              32.143055647676604
            ],
            [
              29.25604391452299,
              32.143055647676604
            ],
            [
              29.25604391452299,
              32.14341497379025
            ],
            [
              29.25595408299458,
              32.14341497379025
            ],
            [
              29.25595408299458,
              32.14368446837549
            ],
            [
              29.255864251466168,
              32.14368446837549
            ],
            [
              29.255864251466168,
              32.14413362601755
            ],
            [
              29.255774419937755,
              32.14413362601755
            ],
            [
              29.255774419937755,
              32.14431328907437
            ],
            [
              29.255684588409345,
              32.14431328907437
            ],
            [
              29.255684588409345,
              32.14458278365961
            ],
            [
              29.25559475688093,
              32.14458278365961
            ],
            [
              29.25559475688093,
              32.14467261518802
            ],
            [
              29.255684588409345,
              32.14467261518802
            ],
            [
              29.255684588409345,
              32.14476244671643
            ],
            [
              29.25559475688093,
              32.14476244671643
            ],
            [
              29.25559475688093,
              32.14584042505737
            ],
            [
              29.25550492535252,
              32.14584042505737
            ],
            [
              29.25550492535252,
              32.14745739256879
            ],
            [
              29.25541509382411,
              32.14745739256879
            ],
            [
              29.25541509382411,
              32.147637055625616
            ],
            [
              29.25550492535252,
              32.147637055625616
            ],
            [
              29.25550492535252,
              32.14772688715402
            ],
            [
              29.25541509382411,
              32.14772688715402
            ],
            [
              29.25541509382411,
              32.14790655021085
            ],
            [
              29.255325262295695,
              32.14790655021085
            ],
            [
              29.255325262295695,
              32.14799638173926
            ],
            [
              29.25541509382411,
              32.14799638173926
            ],
            [
              29.25541509382411,
              32.148086213267675
            ],
            [
              29.255325262295695,
              32.148086213267675
            ],
            [
              29.255325262295695,
              32.1497930123075
            ],
            [
              29.25541509382411,
              32.1497930123075
            ],
            [
              29.25541509382411,
              32.14988284383591
            ],
            [
              29.255325262295695,
              32.14988284383591
            ],
            [
              29.255325262295695,
              32.15087099064844
            ],
            [
              29.25541509382411,
              32.15087099064844
            ],
            [
              29.25541509382411,
              32.1513201482905
            ],
            [
              29.25550492535252,
              32.1513201482905
            ],
            [
              29.25550492535252,
              32.151409979818915
            ],
            [
              29.25541509382411,
              32.151409979818915
            ],
            [
              29.25541509382411,
              32.15149981134733
            ],
            [
              29.25550492535252,
              32.15149981134733
            ],
            [
              29.25550492535252,
              32.15320661038715
            ],
            [
              29.25541509382411,
              32.15320661038715
            ],
            [
              29.25541509382411,
              32.15338627344398
            ],
            [
              29.25550492535252,
              32.15338627344398
            ],
            [
              29.25550492535252,
              32.153565936500804
            ],
            [
              29.25541509382411,
              32.153565936500804
            ],
            [
              29.25541509382411,
              32.15365576802922
            ],
            [
              29.25550492535252,
              32.15365576802922
            ],
            [
              29.25550492535252,
              32.15401509414286
            ],
            [
              29.255684588409345,
              32.15401509414286
            ],
            [
              29.255684588409345,
              32.154284588728096
            ],
            [
              29.255774419937755,
              32.154284588728096
            ],
            [
              29.255774419937755,
              32.15437442025651
            ],
            [
              29.255864251466168,
              32.15437442025651
            ],
            [
              29.255864251466168,
              32.155003240955395
            ],
            [
              29.25595408299458,
              32.155003240955395
            ],
            [
              29.25595408299458,
              32.15509307248381
            ],
            [
              29.255864251466168,
              32.15509307248381
            ],
            [
              29.255864251466168,
              32.155182904012214
            ],
            [
              29.25595408299458,
              32.155182904012214
            ],
            [
              29.25595408299458,
              32.1558117247111
            ],
            [
              29.25604391452299,
              32.1558117247111
            ],
            [
              29.25604391452299,
              32.15626088235316
            ],
            [
              29.256133746051404,
              32.15626088235316
            ],
            [
              29.256133746051404,
              32.15635071388157
            ],
            [
              29.25604391452299,
              32.15635071388157
            ],
            [
              29.25604391452299,
              32.156440545409986
            ],
            [
              29.256133746051404,
              32.156440545409986
            ],
            [
              29.256133746051404,
              32.1565303769384
            ],
            [
              29.25604391452299,
              32.1565303769384
            ],
            [
              29.25604391452299,
              32.15662020846681
            ],
            [
              29.256133746051404,
              32.15662020846681
            ],
            [
              29.256133746051404,
              32.15697953458046
            ],
            [
              29.256223577579817,
              32.15697953458046
            ],
            [
              29.256223577579817,
              32.15715919763728
            ],
            [
              29.256133746051404,
              32.15715919763728
            ],
            [
              29.256133746051404,
              32.15724902916569
            ],
            [
              29.256223577579817,
              32.15724902916569
            ],
            [
              29.256223577579817,
              32.15742869222252
            ],
            [
              29.25595408299458,
              32.15742869222252
            ],
            [
              29.25595408299458,
              32.15760835527934
            ],
            [
              29.25550492535252,
              32.15760835527934
            ]
          ],
          [
            [
              29.255774419937755,
              32.15751852375093
            ],
            [
              29.255864251466168,
              32.15751852375093
            ],
            [
              29.255864251466168,
              32.15742869222252
            ],
            [
              29.255774419937755,
              32.15742869222252
            ],
            [
              29.255774419937755,
              32.15751852375093
            ]
          ]
        ]
      },
      "properties": {
        "event_id": "00012_det_0057",
        "source_image": "00012",
        "detection_class": "oil_spill",
        "pixel_count": 7631,
        "area_m2": 644497.69,
        "area_km2": 0.644498,
        "geometry_crs": "EPSG:4326",
        "area_crs": "EPSG:32635",
        "area_method": "utm_projection_zone_35N",
        "centroid": [
          29.255852,
          32.136426
        ],
        "bbox": [
          29.253169,
          32.118801,
          29.258559,
          32.157608
        ],
        "threshold": 0.22,
        "probability_statistics": {
          "mean_probability": 0.87324,
          "max_probability": 1.0,
          "min_probability": 0.2207,
          "std_probability": 0.20814
        }
      }
    },
    {
      "type": "Feature",
      "id": "00012_det_0058",
      "geometry": {
        "type": "Polygon",
        "coordinates": [
          [
            [
              29.242030196090727,
              32.258489161685965
            ],
            [
              29.242030196090727,
              32.25857899321437
            ],
            [
              29.241940364562314,
              32.25857899321437
            ],
            [
              29.241940364562314,
              32.258668824742784
            ],
            [
              29.24212002761914,
              32.258668824742784
            ],
            [
              29.24212002761914,
              32.2587586562712
            ],
            [
              29.242030196090727,
              32.2587586562712
            ],
            [
              29.242030196090727,
              32.25884848779961
            ],
            [
              29.24212002761914,
              32.25884848779961
            ],
            [
              29.24212002761914,
              32.258938319328024
            ],
            [
              29.24220985914755,
              32.258938319328024
            ],
            [
              29.24220985914755,
              32.25938747697008
            ],
            [
              29.242299690675964,
              32.25938747697008
            ],
            [
              29.242299690675964,
              32.2595671400269
            ],
            [
              29.242479353732787,
              32.2595671400269
            ],
            [
              29.242479353732787,
              32.25974680308373
            ],
            [
              29.2425691852612,
              32.25974680308373
            ],
            [
              29.2425691852612,
              32.260106129197375
            ],
            [
              29.24265901678961,
              32.260106129197375
            ],
            [
              29.24265901678961,
              32.26019596072579
            ],
            [
              29.2425691852612,
              32.26019596072579
            ],
            [
              29.2425691852612,
              32.260375623782615
            ],
            [
              29.24265901678961,
              32.260375623782615
            ],
            [
              29.24265901678961,
              32.26046545531103
            ],
            [
              29.242748848318023,
              32.26046545531103
            ],
            [
              29.242748848318023,
              32.260555286839434
            ],
            [
              29.24265901678961,
              32.260555286839434
            ],
            [
              29.24265901678961,
              32.26064511836785
            ],
            [
              29.242748848318023,
              32.26064511836785
            ],
            [
              29.242748848318023,
              32.26073494989626
            ],
            [
              29.24265901678961,
              32.26073494989626
            ],
            [
              29.24265901678961,
              32.260824781424674
            ],
            [
              29.242838679846436,
              32.260824781424674
            ],
            [
              29.242838679846436,
              32.261094276009906
            ],
            [
              29.242928511374846,
              32.261094276009906
            ],
            [
              29.242928511374846,
              32.26118410753832
            ],
            [
              29.24301834290326,
              32.26118410753832
            ],
            [
              29.24301834290326,
              32.26163326518038
            ],
            [
              29.243108174431672,
              32.26163326518038
            ],
            [
              29.243108174431672,
              32.26172309670879
            ],
            [
              29.243198005960082,
              32.26172309670879
            ],
            [
              29.243198005960082,
              32.26190275976562
            ],
            [
              29.243287837488495,
              32.26190275976562
            ],
            [
              29.243287837488495,
              32.262262085879264
            ],
            [
              29.24337766901691,
              32.262262085879264
            ],
            [
              29.24337766901691,
              32.26235191740768
            ],
            [
              29.243287837488495,
              32.26235191740768
            ],
            [
              29.243287837488495,
              32.26244174893609
            ],
            [
              29.24337766901691,
              32.26244174893609
            ],
            [
              29.24337766901691,
              32.26280107504974
            ],
            [
              29.243467500545318,
              32.26280107504974
            ],
            [
              29.243467500545318,
              32.26289090657815
            ],
            [
              29.24337766901691,
              32.26289090657815
            ],
            [
              29.24337766901691,
              32.26298073810656
            ],
            [
              29.243467500545318,
              32.26298073810656
            ],
            [
              29.243467500545318,
              32.263250232691796
            ],
            [
              29.24337766901691,
              32.263250232691796
            ],
            [
              29.24337766901691,
              32.26351972727703
            ],
            [
              29.243287837488495,
              32.26351972727703
            ],
            [
              29.243287837488495,
              32.263699390333855
            ],
            [
              29.24337766901691,
              32.263699390333855
            ],
            [
              29.24337766901691,
              32.26378922186227
            ],
            [
              29.243287837488495,
              32.26378922186227
            ],
            [
              29.243287837488495,
              32.2640587164475
            ],
            [
              29.24337766901691,
              32.2640587164475
            ],
            [
              29.24337766901691,
              32.26423837950433
            ],
            [
              29.243287837488495,
              32.26423837950433
            ],
            [
              29.243287837488495,
              32.26432821103274
            ],
            [
              29.24337766901691,
              32.26432821103274
            ],
            [
              29.24337766901691,
              32.26450787408956
            ],
            [
              29.243467500545318,
              32.26450787408956
            ],
            [
              29.243467500545318,
              32.265136694788445
            ],
            [
              29.24355733207373,
              32.265136694788445
            ],
            [
              29.24355733207373,
              32.26522652631686
            ],
            [
              29.243467500545318,
              32.26522652631686
            ],
            [
              29.243467500545318,
              32.26531635784527
            ],
            [
              29.24355733207373,
              32.26531635784527
            ],
            [
              29.24355733207373,
              32.26549602090209
            ],
            [
              29.24364716360214,
              32.26549602090209
            ],
            [
              29.24364716360214,
              32.265855347015744
            ],
            [
              29.243736995130554,
              32.265855347015744
            ],
            [
              29.243736995130554,
              32.26594517854416
            ],
            [
              29.243826826658967,
              32.26594517854416
            ],
            [
              29.243826826658967,
              32.266035010072564
            ],
            [
              29.243916658187377,
              32.266035010072564
            ],
            [
              29.243916658187377,
              32.26648416771462
            ],
            [
              29.24400648971579,
              32.26648416771462
            ],
            [
              29.24400648971579,
              32.26693332535669
            ],
            [
              29.244096321244204,
              32.26693332535669
            ],
            [
              29.244096321244204,
              32.26711298841351
            ],
            [
              29.24400648971579,
              32.26711298841351
            ],
            [
              29.24400648971579,
              32.26720281994192
            ],
            [
              29.244096321244204,
              32.26720281994192
            ],
            [
              29.244096321244204,
              32.26765197758398
            ],
            [
              29.244186152772613,
              32.26765197758398
            ],
            [
              29.244186152772613,
              32.267741809112394
            ],
            [
              29.244096321244204,
              32.267741809112394
            ],
            [
              29.244096321244204,
              32.26783164064081
            ],
            [
              29.244186152772613,
              32.26783164064081
            ],
            [
              29.244186152772613,
              32.26792147216922
            ],
            [
              29.244096321244204,
              32.26792147216922
            ],
            [
              29.244096321244204,
              32.26801130369763
            ],
            [
              29.244186152772613,
              32.26801130369763
            ],
            [
              29.244186152772613,
              32.26899945051016
            ],
            [
              29.244096321244204,
              32.26899945051016
            ],
            [
              29.244096321244204,
              32.2692689450954
            ],
            [
              29.24400648971579,
              32.2692689450954
            ],
            [
              29.24400648971579,
              32.26944860815222
            ],
            [
              29.243916658187377,
              32.26944860815222
            ],
            [
              29.243916658187377,
              32.26953843968063
            ],
            [
              29.24400648971579,
              32.26953843968063
            ],
            [
              29.24400648971579,
              32.269628271209044
            ],
            [
              29.243916658187377,
              32.269628271209044
            ],
            [
              29.243916658187377,
              32.27043675496475
            ],
            [
              29.24400648971579,
              32.27043675496475
            ],
            [
              29.24400648971579,
              32.27052658649316
            ],
            [
              29.243916658187377,
              32.27052658649316
            ],
            [
              29.243916658187377,
              32.27097574413522
            ],
            [
              29.243826826658967,
              32.27097574413522
            ],
            [
              29.243826826658967,
              32.27124523872046
            ],
            [
              29.243916658187377,
              32.27124523872046
            ],
            [
              29.243916658187377,
              32.271335070248874
            ],
            [
              29.243826826658967,
              32.271335070248874
            ],
            [
              29.243826826658967,
              32.27142490177728
            ],
            [
              29.243916658187377,
              32.27142490177728
            ],
            [
              29.243916658187377,
              32.27160456483411
            ],
            [
              29.243826826658967,
              32.27160456483411
            ],
            [
              29.243826826658967,
              32.27196389094775
            ],
            [
              29.243916658187377,
              32.27196389094775
            ],
            [
              29.243916658187377,
              32.272053722476166
            ],
            [
              29.243826826658967,
              32.272053722476166
            ],
            [
              29.243826826658967,
              32.27214355400458
            ],
            [
              29.243916658187377,
              32.27214355400458
            ],
            [
              29.243916658187377,
              32.27241304858981
            ],
            [
              29.243826826658967,
              32.27241304858981
            ],
            [
              29.243826826658967,
              32.27259271164664
            ],
            [
              29.243916658187377,
              32.27259271164664
            ],
            [
              29.243916658187377,
              32.27331136387394
            ],
            [
              29.24400648971579,
              32.27331136387394
            ],
            [
              29.24400648971579,
              32.27340119540234
            ],
            [
              29.244096321244204,
              32.27340119540234
            ],
            [
              29.244096321244204,
              32.273491026930756
            ],
            [
              29.24400648971579,
              32.273491026930756
            ],
            [
              29.24400648971579,
              32.27367068998758
            ],
            [
              29.244096321244204,
              32.27367068998758
            ],
            [
              29.244096321244204,
              32.273940184572815
            ],
            [
              29.24400648971579,
              32.273940184572815
            ],
            [
              29.24400648971579,
              32.27403001610123
            ],
            [
              29.244096321244204,
              32.27403001610123
            ],
            [
              29.244096321244204,
              32.274209679158055
            ],
            [
              29.24400648971579,
              32.274209679158055
            ],
            [
              29.24400648971579,
              32.27447917374329
            ],
            [
              29.243916658187377,
              32.27447917374329
            ],
            [
              29.243916658187377,
              32.2745690052717
            ],
            [
              29.24400648971579,
              32.2745690052717
            ],
            [
              29.24400648971579,
              32.274658836800114
            ],
            [
              29.243916658187377,
              32.274658836800114
            ],
            [
              29.243916658187377,
              32.27483849985694
            ],
            [
              29.243826826658967,
              32.27483849985694
            ],
            [
              29.243826826658967,
              32.27501816291376
            ],
            [
              29.243736995130554,
              32.27501816291376
            ],
            [
              29.243736995130554,
              32.275287657499
            ],
            [
              29.24364716360214,
              32.275287657499
            ],
            [
              29.24364716360214,
              32.27546732055582
            ],
            [
              29.243736995130554,
              32.27546732055582
            ],
            [
              29.243736995130554,
              32.27573681514106
            ],
            [
              29.24364716360214,
              32.27573681514106
            ],
            [
              29.24364716360214,
              32.27627580431153
            ],
            [
              29.243736995130554,
              32.27627580431153
            ],
            [
              29.243736995130554,
              32.27636563583994
            ],
            [
              29.24364716360214,
              32.27636563583994
            ],
            [
              29.24364716360214,
              32.27699445653882
            ],
            [
              29.243736995130554,
              32.27699445653882
            ],
            [
              29.243736995130554,
              32.277084288067236
            ],
            [
              29.24364716360214,
              32.277084288067236
            ],
            [
              29.24364716360214,
              32.27735378265247
            ],
            [
              29.24355733207373,
              32.27735378265247
            ],
            [
              29.24355733207373,
              32.27744361418088
            ],
            [
              29.24364716360214,
              32.27744361418088
            ],
            [
              29.24364716360214,
              32.277533445709295
            ],
            [
              29.24355733207373,
              32.277533445709295
            ],
            [
              29.24355733207373,
              32.27816226640818
            ],
            [
              29.24364716360214,
              32.27816226640818
            ],
            [
              29.24364716360214,
              32.278252097936594
            ],
            [
              29.243736995130554,
              32.278252097936594
            ],
            [
              29.243736995130554,
              32.278341929465
            ],
            [
              29.244275984301026,
              32.278341929465
            ],
            [
              29.244275984301026,
              32.278252097936594
            ],
            [
              29.24436581582944,
              32.278252097936594
            ],
            [
              29.24436581582944,
              32.27807243487977
            ],
            [
              29.24445564735785,
              32.27807243487977
            ],
            [
              29.24445564735785,
              32.277982603351354
            ],
            [
              29.244545478886263,
              32.277982603351354
            ],
            [
              29.244545478886263,
              32.27789277182294
            ],
            [
              29.244635310414672,
              32.27789277182294
            ],
            [
              29.244635310414672,
              32.277802940294535
            ],
            [
              29.244725141943086,
              32.277802940294535
            ],
            [
              29.244725141943086,
              32.27726395112406
            ],
            [
              29.2448149734715,
              32.27726395112406
            ],
            [
              29.2448149734715,
              32.27717411959565
            ],
            [
              29.244725141943086,
              32.27717411959565
            ],
            [
              29.244725141943086,
              32.27690462501041
            ],
            [
              29.2448149734715,
              32.27690462501041
            ],
            [
              29.2448149734715,
              32.27663513042518
            ],
            [
              29.24490480499991,
              32.27663513042518
            ],
            [
              29.24490480499991,
              32.27636563583994
            ],
            [
              29.24499463652832,
              32.27636563583994
            ],
            [
              29.24499463652832,
              32.276096141254705
            ],
            [
              29.245084468056735,
              32.276096141254705
            ],
            [
              29.245084468056735,
              32.27582664666947
            ],
            [
              29.245174299585145,
              32.27582664666947
            ],
            [
              29.245174299585145,
              32.27555715208423
            ],
            [
              29.245264131113558,
              32.27555715208423
            ],
            [
              29.245264131113558,
              32.27510799444217
            ],
            [
              29.24535396264197,
              32.27510799444217
            ],
            [
              29.24535396264197,
              32.27501816291376
            ],
            [
              29.245264131113558,
              32.27501816291376
            ],
            [
              29.245264131113558,
              32.27492833138535
            ],
            [
              29.24535396264197,
              32.27492833138535
            ],
            [
              29.24535396264197,
              32.27483849985694
            ],
            [
              29.245264131113558,
              32.27483849985694
            ],
            [
              29.245264131113558,
              32.27429951068647
            ],
            [
              29.245174299585145,
              32.27429951068647
            ],
            [
              29.245174299585145,
              32.27358085845917
            ],
            [
              29.245084468056735,
              32.27358085845917
            ],
            [
              29.245084468056735,
              32.27331136387394
            ],
            [
              29.245174299585145,
              32.27331136387394
            ],
            [
              29.245174299585145,
              32.27313170081711
            ],
            [
              29.245084468056735,
              32.27313170081711
            ],
            [
              29.245084468056735,
              32.2730418692887
            ],
            [
              29.245174299585145,
              32.2730418692887
            ],
            [
              29.245174299585145,
              32.27196389094775
            ],
            [
              29.245264131113558,
              32.27196389094775
            ],
            [
              29.245264131113558,
              32.271874059419346
            ],
            [
              29.245174299585145,
              32.271874059419346
            ],
            [
              29.245174299585145,
              32.27178422789093
            ],
            [
              29.245264131113558,
              32.27178422789093
            ],
            [
              29.245264131113558,
              32.271335070248874
            ],
            [
              29.24535396264197,
              32.271335070248874
            ],
            [
              29.24535396264197,
              32.270616418021575
            ],
            [
              29.24544379417038,
              32.270616418021575
            ],
            [
              29.24544379417038,
              32.2700774288511
            ],
            [
              29.245533625698794,
              32.2700774288511
            ],
            [
              29.245533625698794,
              32.26980793426587
            ],
            [
              29.245623457227204,
              32.26980793426587
            ],
            [
              29.245623457227204,
              32.269628271209044
            ],
            [
              29.245713288755617,
              32.269628271209044
            ],
            [
              29.245713288755617,
              32.26953843968063
            ],
            [
              29.24580312028403,
              32.26953843968063
            ],
            [
              29.24580312028403,
              32.26935877662381
            ],
            [
              29.24589295181244,
              32.26935877662381
            ],
            [
              29.24589295181244,
              32.2692689450954
            ],
            [
              29.245982783340853,
              32.2692689450954
            ],
            [
              29.245982783340853,
              32.269179113566985
            ],
            [
              29.246162446397676,
              32.269179113566985
            ],
            [
              29.246162446397676,
              32.26908928203857
            ],
            [
              29.246342109454503,
              32.26908928203857
            ],
            [
              29.246342109454503,
              32.26899945051016
            ],
            [
              29.246521772511326,
              32.26899945051016
            ],
            [
              29.246521772511326,
              32.26908928203857
            ],
            [
              29.24679126709656,
              32.26908928203857
            ],
            [
              29.24679126709656,
              32.269179113566985
            ],
            [
              29.24688109862497,
              32.269179113566985
            ],
            [
              29.24688109862497,
              32.2692689450954
            ],
            [
              29.247060761681798,
              32.2692689450954
            ],
            [
              29.247060761681798,
              32.26935877662381
            ],
            [
              29.247150593210208,
              32.26935877662381
            ],
            [
              29.247150593210208,
              32.2692689450954
            ],
            [
              29.24724042473862,
              32.2692689450954
            ],
            [
              29.24724042473862,
              32.26935877662381
            ],
            [
              29.247420087795444,
              32.26935877662381
            ],
            [
              29.247420087795444,
              32.26944860815222
            ],
            [
              29.247599750852267,
              32.26944860815222
            ],
            [
              29.247599750852267,
              32.26953843968063
            ],
            [
              29.24768958238068,
              32.26953843968063
            ],
            [
              29.24768958238068,
              32.269628271209044
            ],
            [
              29.247959076965916,
              32.269628271209044
            ],
            [
              29.247959076965916,
              32.26971810273746
            ],
            [
              29.248318403079566,
              32.26971810273746
            ],
            [
              29.248318403079566,
              32.26980793426587
            ],
            [
              29.24867772919321,
              32.26980793426587
            ],
            [
              29.24867772919321,
              32.26989776579428
            ],
            [
              29.248857392250034,
              32.26989776579428
            ],
            [
              29.248857392250034,
              32.26998759732269
            ],
            [
              29.24903705530686,
              32.26998759732269
            ],
            [
              29.24903705530686,
              32.270167260379516
            ],
            [
              29.24912688683527,
              32.270167260379516
            ],
            [
              29.24912688683527,
              32.27025709190793
            ],
            [
              29.249396381420507,
              32.27025709190793
            ],
            [
              29.249396381420507,
              32.27034692343634
            ],
            [
              29.249665876005743,
              32.27034692343634
            ],
            [
              29.249665876005743,
              32.27043675496475
            ],
            [
              29.249845539062566,
              32.27043675496475
            ],
            [
              29.249845539062566,
              32.27052658649316
            ],
            [
              29.24993537059098,
              32.27052658649316
            ],
            [
              29.24993537059098,
              32.27043675496475
            ],
            [
              29.250204865176215,
              32.27043675496475
            ],
            [
              29.250204865176215,
              32.27034692343634
            ],
            [
              29.25029469670463,
              32.27034692343634
            ],
            [
              29.25029469670463,
              32.27025709190793
            ],
            [
              29.25047435976145,
              32.27025709190793
            ],
            [
              29.25047435976145,
              32.270167260379516
            ],
            [
              29.250654022818274,
              32.270167260379516
            ],
            [
              29.250654022818274,
              32.2700774288511
            ],
            [
              29.25092351740351,
              32.2700774288511
            ],
            [
              29.25092351740351,
              32.26998759732269
            ],
            [
              29.251013348931924,
              32.26998759732269
            ],
            [
              29.251013348931924,
              32.2700774288511
            ],
            [
              29.251103180460333,
              32.2700774288511
            ],
            [
              29.251103180460333,
              32.270167260379516
            ],
            [
              29.251193011988747,
              32.270167260379516
            ],
            [
              29.251193011988747,
              32.27025709190793
            ],
            [
              29.25128284351716,
              32.27025709190793
            ],
            [
              29.25128284351716,
              32.27034692343634
            ],
            [
              29.25137267504557,
              32.27034692343634
            ],
            [
              29.25137267504557,
              32.27043675496475
            ],
            [
              29.251552338102393,
              32.27043675496475
            ],
            [
              29.251552338102393,
              32.270616418021575
            ],
            [
              29.251642169630806,
              32.270616418021575
            ],
            [
              29.251642169630806,
              32.27070624954999
            ],
            [
              29.25173200115922,
              32.27070624954999
            ],
            [
              29.25173200115922,
              32.2707960810784
            ],
            [
              29.25182183268763,
              32.2707960810784
            ],
            [
              29.25182183268763,
              32.27115540719205
            ],
            [
              29.251911664216042,
              32.27115540719205
            ],
            [
              29.251911664216042,
              32.27151473330569
            ],
            [
              29.252001495744455,
              32.27151473330569
            ],
            [
              29.252001495744455,
              32.27160456483411
            ],
            [
              29.252181158801278,
              32.27160456483411
            ],
            [
              29.252181158801278,
              32.27169439636252
            ],
            [
              29.252450653386514,
              32.27169439636252
            ],
            [
              29.252450653386514,
              32.27160456483411
            ],
            [
              29.252540484914924,
              32.27160456483411
            ],
            [
              29.252540484914924,
              32.27142490177728
            ],
            [
              29.252630316443337,
              32.27142490177728
            ],
            [
              29.252630316443337,
              32.271065575663634
            ],
            [
              29.252540484914924,
              32.271065575663634
            ],
            [
              29.252540484914924,
              32.27097574413522
            ],
            [
              29.252630316443337,
              32.27097574413522
            ],
            [
              29.252630316443337,
              32.270885912606815
            ],
            [
              29.252540484914924,
              32.270885912606815
            ],
            [
              29.252540484914924,
              32.27043675496475
            ],
            [
              29.252450653386514,
              32.27043675496475
            ],
            [
              29.252450653386514,
              32.26989776579428
            ],
            [
              29.2523608218581,
              32.26989776579428
            ],
            [
              29.2523608218581,
              32.26980793426587
            ],
            [
              29.252450653386514,
              32.26980793426587
            ],
            [
              29.252450653386514,
              32.26953843968063
            ],
            [
              29.2523608218581,
              32.26953843968063
            ],
            [
              29.2523608218581,
              32.2692689450954
            ],
            [
              29.25227099032969,
              32.2692689450954
            ],
            [
              29.25227099032969,
              32.26837062981128
            ],
            [
              29.252091327272865,
              32.26837062981128
            ],
            [
              29.252091327272865,
              32.268280798282866
            ],
            [
              29.252001495744455,
              32.268280798282866
            ],
            [
              29.252001495744455,
              32.26819096675445
            ],
            [
              29.252091327272865,
              32.26819096675445
            ],
            [
              29.252091327272865,
              32.26810113522604
            ],
            [
              29.251911664216042,
              32.26810113522604
            ],
            [
              29.251911664216042,
              32.26765197758398
            ],
            [
              29.25182183268763,
              32.26765197758398
            ],
            [
              29.25182183268763,
              32.26738248299875
            ],
            [
              29.251193011988747,
              32.26738248299875
            ],
            [
              29.251193011988747,
              32.267472314527154
            ],
            [
              29.251103180460333,
              32.267472314527154
            ],
            [
              29.251103180460333,
              32.26738248299875
            ],
            [
              29.251013348931924,
              32.26738248299875
            ],
            [
              29.251013348931924,
              32.26756214605557
            ],
            [
              29.25092351740351,
              32.26756214605557
            ],
            [
              29.25092351740351,
              32.267741809112394
            ],
            [
              29.250743854346688,
              32.267741809112394
            ],
            [
              29.250743854346688,
              32.26783164064081
            ],
            [
              29.250654022818274,
              32.26783164064081
            ],
            [
              29.250654022818274,
              32.26792147216922
            ],
            [
              29.250743854346688,
              32.26792147216922
            ],
            [
              29.250743854346688,
              32.26810113522604
            ],
            [
              29.250654022818274,
              32.26810113522604
            ],
            [
              29.250654022818274,
              32.268280798282866
            ],
            [
              29.250743854346688,
              32.268280798282866
            ],
            [
              29.250743854346688,
              32.26837062981128
            ],
            [
              29.250833685875097,
              32.26837062981128
            ],
            [
              29.250833685875097,
              32.268729955924925
            ],
            [
              29.251013348931924,
              32.268729955924925
            ],
            [
              29.251013348931924,
              32.26890961898175
            ],
            [
              29.251103180460333,
              32.26890961898175
            ],
            [
              29.251103180460333,
              32.26953843968063
            ],
            [
              29.251013348931924,
              32.26953843968063
            ],
            [
              29.251013348931924,
              32.26971810273746
            ],
            [
              29.250833685875097,
              32.26971810273746
            ],
            [
              29.250833685875097,
              32.269628271209044
            ],
            [
              29.25056419128986,
              32.269628271209044
            ],
            [
              29.25056419128986,
              32.26953843968063
            ],
            [
              29.25047435976145,
              32.26953843968063
            ],
            [
              29.25047435976145,
              32.26944860815222
            ],
            [
              29.25029469670463,
              32.26944860815222
            ],
            [
              29.25029469670463,
              32.26935877662381
            ],
            [
              29.250384528233038,
              32.26935877662381
            ],
            [
              29.250384528233038,
              32.2692689450954
            ],
            [
              29.25029469670463,
              32.2692689450954
            ],
            [
              29.25029469670463,
              32.26908928203857
            ],
            [
              29.250204865176215,
              32.26908928203857
            ],
            [
              29.250204865176215,
              32.26881978745334
            ],
            [
              29.250115033647802,
              32.26881978745334
            ],
            [
              29.250115033647802,
              32.268460461339686
            ],
            [
              29.249845539062566,
              32.268460461339686
            ],
            [
              29.249845539062566,
              32.26837062981128
            ],
            [
              29.249755707534156,
              32.26837062981128
            ],
            [
              29.249755707534156,
              32.268280798282866
            ],
            [
              29.24957604447733,
              32.268280798282866
            ],
            [
              29.24957604447733,
              32.26819096675445
            ],
            [
              29.24948621294892,
              32.26819096675445
            ],
            [
              29.24948621294892,
              32.26810113522604
            ],
            [
              29.249396381420507,
              32.26810113522604
            ],
            [
              29.249396381420507,
              32.26819096675445
            ],
            [
              29.249306549892097,
              32.26819096675445
            ],
            [
              29.249306549892097,
              32.26810113522604
            ],
            [
              29.249216718363684,
              32.26810113522604
            ],
            [
              29.249216718363684,
              32.26819096675445
            ],
            [
              29.24912688683527,
              32.26819096675445
            ],
            [
              29.24912688683527,
              32.26810113522604
            ],
            [
              29.24903705530686,
              32.26810113522604
            ],
            [
              29.24903705530686,
              32.26819096675445
            ],
            [
              29.248767560721625,
              32.26819096675445
            ],
            [
              29.248767560721625,
              32.26810113522604
            ],
            [
              29.24867772919321,
              32.26810113522604
            ],
            [
              29.24867772919321,
              32.26792147216922
            ],
            [
              29.248587897664798,
              32.26792147216922
            ],
            [
              29.248587897664798,
              32.26783164064081
            ],
            [
              29.24849806613639,
              32.26783164064081
            ],
            [
              29.24849806613639,
              32.26765197758398
            ],
            [
              29.248408234607975,
              32.26765197758398
            ],
            [
              29.248408234607975,
              32.26756214605557
            ],
            [
              29.248318403079566,
              32.26756214605557
            ],
            [
              29.248318403079566,
              32.267292651470335
            ],
            [
              29.248228571551152,
              32.267292651470335
            ],
            [
              29.248228571551152,
              32.26675366229986
            ],
            [
              29.24813874002274,
              32.26675366229986
            ],
            [
              29.24813874002274,
              32.2663045046578
            ],
            [
              29.248228571551152,
              32.2663045046578
            ],
            [
              29.248228571551152,
              32.26621467312939
            ],
            [
              29.24813874002274,
              32.26621467312939
            ],
            [
              29.24813874002274,
              32.26594517854416
            ],
            [
              29.24804890849433,
              32.26594517854416
            ],
            [
              29.24804890849433,
              32.265855347015744
            ],
            [
              29.24813874002274,
              32.265855347015744
            ],
            [
              29.24813874002274,
              32.26576551548733
            ],
            [
              29.24804890849433,
              32.26576551548733
            ],
            [
              29.24804890849433,
              32.26522652631686
            ],
            [
              29.247959076965916,
              32.26522652631686
            ],
            [
              29.247959076965916,
              32.26432821103274
            ],
            [
              29.24804890849433,
              32.26432821103274
            ],
            [
              29.24804890849433,
              32.264148547975914
            ],
            [
              29.247959076965916,
              32.264148547975914
            ],
            [
              29.247959076965916,
              32.2640587164475
            ],
            [
              29.24804890849433,
              32.2640587164475
            ],
            [
              29.24804890849433,
              32.263968884919095
            ],
            [
              29.24813874002274,
              32.263968884919095
            ],
            [
              29.24813874002274,
              32.263699390333855
            ],
            [
              29.248587897664798,
              32.263699390333855
            ],
            [
              29.248587897664798,
              32.26378922186227
            ],
            [
              29.24867772919321,
              32.26378922186227
            ],
            [
              29.24867772919321,
              32.26387905339068
            ],
            [
              29.248857392250034,
              32.26387905339068
            ],
            [
              29.248857392250034,
              32.263968884919095
            ],
            [
              29.248947223778448,
              32.263968884919095
            ],
            [
              29.248947223778448,
              32.2640587164475
            ],
            [
              29.24903705530686,
              32.2640587164475
            ],
            [
              29.24903705530686,
              32.264418042561154
            ],
            [
              29.24912688683527,
              32.264418042561154
            ],
            [
              29.24912688683527,
              32.26450787408956
            ],
            [
              29.249216718363684,
              32.26450787408956
            ],
            [
              29.249216718363684,
              32.26459770561797
            ],
            [
              29.249306549892097,
              32.26459770561797
            ],
            [
              29.249306549892097,
              32.264687537146386
            ],
            [
              29.249396381420507,
              32.264687537146386
            ],
            [
              29.249396381420507,
              32.26486720020321
            ],
            [
              29.24948621294892,
              32.26486720020321
            ],
            [
              29.24948621294892,
              32.264957031731626
            ],
            [
              29.249665876005743,
              32.264957031731626
            ],
            [
              29.249665876005743,
              32.26522652631686
            ],
            [
              29.249755707534156,
              32.26522652631686
            ],
            [
              29.249755707534156,
              32.265406189373685
            ],
            [
              29.249845539062566,
              32.265406189373685
            ],
            [
              29.249845539062566,
              32.26549602090209
            ],
            [
              29.24993537059098,
              32.26549602090209
            ],
            [
              29.24993537059098,
              32.26567568395892
            ],
            [
              29.250025202119392,
              32.26567568395892
            ],
            [
              29.250025202119392,
              32.26576551548733
            ],
            [
              29.250115033647802,
              32.26576551548733
            ],
            [
              29.250115033647802,
              32.26594517854416
            ],
            [
              29.250204865176215,
              32.26594517854416
            ],
            [
              29.250204865176215,
              32.266035010072564
            ],
            [
              29.25029469670463,
              32.266035010072564
            ],
            [
              29.25029469670463,
              32.26612484160098
            ],
            [
              29.250384528233038,
              32.26612484160098
            ],
            [
              29.250384528233038,
              32.266035010072564
            ],
            [
              29.25056419128986,
              32.266035010072564
            ],
            [
              29.25056419128986,
              32.26594517854416
            ],
            [
              29.250654022818274,
              32.26594517854416
            ],
            [
              29.250654022818274,
              32.26576551548733
            ],
            [
              29.250743854346688,
              32.26576551548733
            ],
            [
              29.250743854346688,
              32.26567568395892
            ],
            [
              29.250654022818274,
              32.26567568395892
            ],
            [
              29.250654022818274,
              32.264957031731626
            ],
            [
              29.25056419128986,
              32.264957031731626
            ],
            [
              29.25056419128986,
              32.2647773686748
            ],
            [
              29.25047435976145,
              32.2647773686748
            ],
            [
              29.25047435976145,
              32.26432821103274
            ],
            [
              29.250384528233038,
              32.26432821103274
            ],
            [
              29.250384528233038,
              32.26423837950433
            ],
            [
              29.25029469670463,
              32.26423837950433
            ],
            [
              29.25029469670463,
              32.263968884919095
            ],
            [
              29.250204865176215,
              32.263968884919095
            ],
            [
              29.250204865176215,
              32.26378922186227
            ],
            [
              29.250115033647802,
              32.26378922186227
            ],
            [
              29.250115033647802,
              32.26334006422021
            ],
            [
              29.250025202119392,
              32.26334006422021
            ],
            [
              29.250025202119392,
              32.26307056963497
            ],
            [
              29.24993537059098,
              32.26307056963497
            ],
            [
              29.24993537059098,
              32.26289090657815
            ],
            [
              29.249845539062566,
              32.26289090657815
            ],
            [
              29.249845539062566,
              32.26271124352132
            ],
            [
              29.249755707534156,
              32.26271124352132
            ],
            [
              29.249755707534156,
              32.2625315804645
            ],
            [
              29.249665876005743,
              32.2625315804645
            ],
            [
              29.249665876005743,
              32.26244174893609
            ],
            [
              29.249755707534156,
              32.26244174893609
            ],
            [
              29.249755707534156,
              32.262262085879264
            ],
            [
              29.249665876005743,
              32.262262085879264
            ],
            [
              29.249665876005743,
              32.26199259129403
            ],
            [
              29.249755707534156,
              32.26199259129403
            ],
            [
              29.249755707534156,
              32.26190275976562
            ],
            [
              29.249665876005743,
              32.26190275976562
            ],
            [
              29.249665876005743,
              32.26172309670879
            ],
            [
              29.249755707534156,
              32.26172309670879
            ],
            [
              29.249755707534156,
              32.26145360212356
            ],
            [
              29.249665876005743,
              32.26145360212356
            ],
            [
              29.249665876005743,
              32.261363770595146
            ],
            [
              29.249755707534156,
              32.261363770595146
            ],
            [
              29.249755707534156,
              32.26118410753832
            ],
            [
              29.249665876005743,
              32.26118410753832
            ],
            [
              29.249665876005743,
              32.26091461295309
            ],
            [
              29.24957604447733,
              32.26091461295309
            ],
            [
              29.24957604447733,
              32.26064511836785
            ],
            [
              29.24948621294892,
              32.26064511836785
            ],
            [
              29.24948621294892,
              32.26019596072579
            ],
            [
              29.249396381420507,
              32.26019596072579
            ],
            [
              29.249396381420507,
              32.26001629766897
            ],
            [
              29.24948621294892,
              32.26001629766897
            ],
            [
              29.24948621294892,
              32.25983663461214
            ],
            [
              29.249396381420507,
              32.25983663461214
            ],
            [
              29.249396381420507,
              32.25857899321437
            ],
            [
              29.24948621294892,
              32.25857899321437
            ],
            [
              29.24948621294892,
              32.25830949862914
            ],
            [
              29.24957604447733,
              32.25830949862914
            ],
            [
              29.24957604447733,
              32.25812983557231
            ],
            [
              29.249665876005743,
              32.25812983557231
            ],
            [
              29.249665876005743,
              32.258040004043906
            ],
            [
              29.249755707534156,
              32.258040004043906
            ],
            [
              29.249755707534156,
              32.257770509458666
            ],
            [
              29.249845539062566,
              32.257770509458666
            ],
            [
              29.249845539062566,
              32.25759084640184
            ],
            [
              29.249755707534156,
              32.25759084640184
            ],
            [
              29.249755707534156,
              32.257501014873434
            ],
            [
              29.249845539062566,
              32.257501014873434
            ],
            [
              29.249845539062566,
              32.25732135181661
            ],
            [
              29.249755707534156,
              32.25732135181661
            ],
            [
              29.249755707534156,
              32.257231520288194
            ],
            [
              29.249845539062566,
              32.257231520288194
            ],
            [
              29.249845539062566,
              32.25687219417455
            ],
            [
              29.24993537059098,
              32.25687219417455
            ],
            [
              29.24993537059098,
              32.256782362646135
            ],
            [
              29.249845539062566,
              32.256782362646135
            ],
            [
              29.249845539062566,
              32.25669253111772
            ],
            [
              29.24993537059098,
              32.25669253111772
            ],
            [
              29.24993537059098,
              32.25561455277678
            ],
            [
              29.249845539062566,
              32.25561455277678
            ],
            [
              29.249845539062566,
              32.25516539513472
            ],
            [
              29.249755707534156,
              32.25516539513472
            ],
            [
              29.249755707534156,
              32.2549857320779
            ],
            [
              29.249845539062566,
              32.2549857320779
            ],
            [
              29.249845539062566,
              32.25480606902107
            ],
            [
              29.249755707534156,
              32.25480606902107
            ],
            [
              29.249755707534156,
              32.25471623749266
            ],
            [
              29.249845539062566,
              32.25471623749266
            ],
            [
              29.249845539062566,
              32.254446742907426
            ],
            [
              29.24993537059098,
              32.254446742907426
            ],
            [
              29.24993537059098,
              32.2542670798506
            ],
            [
              29.250115033647802,
              32.2542670798506
            ],
            [
              29.250115033647802,
              32.254177248322186
            ],
            [
              29.250204865176215,
              32.254177248322186
            ],
            [
              29.250204865176215,
              32.25408741679378
            ],
            [
              29.250384528233038,
              32.25408741679378
            ],
            [
              29.250384528233038,
              32.25399758526537
            ],
            [
              29.25047435976145,
              32.25399758526537
            ],
            [
              29.25047435976145,
              32.25435691137901
            ],
            [
              29.250743854346688,
              32.25435691137901
            ],
            [
              29.250743854346688,
              32.254446742907426
            ],
            [
              29.250654022818274,
              32.254446742907426
            ],
            [
              29.250654022818274,
              32.25453657443584
            ],
            [
              29.250833685875097,
              32.25453657443584
            ],
            [
              29.250833685875097,
              32.25471623749266
            ],
            [
              29.251013348931924,
              32.25471623749266
            ],
            [
              29.251013348931924,
              32.25480606902107
            ],
            [
              29.251103180460333,
              32.25480606902107
            ],
            [
              29.251103180460333,
              32.254895900549485
            ],
            [
              29.251193011988747,
              32.254895900549485
            ],
            [
              29.251193011988747,
              32.25507556360631
            ],
            [
              29.25137267504557,
              32.25507556360631
            ],
            [
              29.25137267504557,
              32.25516539513472
            ],
            [
              29.251462506573983,
              32.25516539513472
            ],
            [
              29.251462506573983,
              32.25525522666313
            ],
            [
              29.25182183268763,
              32.25525522666313
            ],
            [
              29.25182183268763,
              32.25516539513472
            ],
            [
              29.251911664216042,
              32.25516539513472
            ],
            [
              29.251911664216042,
              32.254626405964245
            ],
            [
              29.25182183268763,
              32.254626405964245
            ],
            [
              29.25182183268763,
              32.25435691137901
            ],
            [
              29.25173200115922,
              32.25435691137901
            ],
            [
              29.25173200115922,
              32.254177248322186
            ],
            [
              29.251642169630806,
              32.254177248322186
            ],
            [
              29.251642169630806,
              32.25408741679378
            ],
            [
              29.251552338102393,
              32.25408741679378
            ],
            [
              29.251552338102393,
              32.253907753736954
            ],
            [
              29.251462506573983,
              32.253907753736954
            ],
            [
              29.251462506573983,
              32.25372809068013
            ],
            [
              29.25128284351716,
              32.25372809068013
            ],
            [
              29.25128284351716,
              32.253638259151714
            ],
            [
              29.251193011988747,
              32.253638259151714
            ],
            [
              29.251193011988747,
              32.25354842762331
            ],
            [
              29.251103180460333,
              32.25354842762331
            ],
            [
              29.251103180460333,
              32.253458596094895
            ],
            [
              29.251193011988747,
              32.253458596094895
            ],
            [
              29.251193011988747,
              32.25336876456648
            ],
            [
              29.251013348931924,
              32.25336876456648
            ],
            [
              29.251013348931924,
              32.25327893303807
            ],
            [
              29.25092351740351,
              32.25327893303807
            ],
            [
              29.25092351740351,
              32.25309926998125
            ],
            [
              29.250833685875097,
              32.25309926998125
            ],
            [
              29.250833685875097,
              32.25282977539601
            ],
            [
              29.250743854346688,
              32.25282977539601
            ],
            [
              29.250743854346688,
              32.252560280810776
            ],
            [
              29.250654022818274,
              32.252560280810776
            ],
            [
              29.250654022818274,
              32.25211112316872
            ],
            [
              29.25056419128986,
              32.25211112316872
            ],
            [
              29.25056419128986,
              32.25184162858348
            ],
            [
              29.25047435976145,
              32.25184162858348
            ],
            [
              29.25047435976145,
              32.25139247094142
            ],
            [
              29.250384528233038,
              32.25139247094142
            ],
            [
              29.250384528233038,
              32.251302639413005
            ],
            [
              29.25047435976145,
              32.251302639413005
            ],
            [
              29.25047435976145,
              32.25121280788459
            ],
            [
              29.250384528233038,
              32.25121280788459
            ],
            [
              29.250384528233038,
              32.251122976356186
            ],
            [
              29.25029469670463,
              32.251122976356186
            ],
            [
              29.25029469670463,
              32.25094331329936
            ],
            [
              29.250204865176215,
              32.25094331329936
            ],
            [
              29.250204865176215,
              32.250853481770946
            ],
            [
              29.250115033647802,
              32.250853481770946
            ],
            [
              29.250115033647802,
              32.25040432412889
            ],
            [
              29.250025202119392,
              32.25040432412889
            ],
            [
              29.250025202119392,
              32.250134829543654
            ],
            [
              29.24993537059098,
              32.250134829543654
            ],
            [
              29.24993537059098,
              32.24968567190159
            ],
            [
              29.250025202119392,
              32.24968567190159
            ],
            [
              29.250025202119392,
              32.249416177316355
            ],
            [
              29.249755707534156,
              32.249416177316355
            ],
            [
              29.249755707534156,
              32.24923651425953
            ],
            [
              29.249665876005743,
              32.24923651425953
            ],
            [
              29.249665876005743,
              32.24914668273112
            ],
            [
              29.249755707534156,
              32.24914668273112
            ],
            [
              29.249755707534156,
              32.248967019674296
            ],
            [
              29.249665876005743,
              32.248967019674296
            ],
            [
              29.249665876005743,
              32.24851786203224
            ],
            [
              29.24957604447733,
              32.24851786203224
            ],
            [
              29.24957604447733,
              32.24833819897541
            ],
            [
              29.24948621294892,
              32.24833819897541
            ],
            [
              29.24948621294892,
              32.24815853591859
            ],
            [
              29.249396381420507,
              32.24815853591859
            ],
            [
              29.249396381420507,
              32.247978872861765
            ],
            [
              29.249306549892097,
              32.247978872861765
            ],
            [
              29.249306549892097,
              32.24788904133335
            ],
            [
              29.249216718363684,
              32.24788904133335
            ],
            [
              29.249216718363684,
              32.24779920980494
            ],
            [
              29.24912688683527,
              32.24779920980494
            ],
            [
              29.24912688683527,
              32.247709378276525
            ],
            [
              29.24903705530686,
              32.247709378276525
            ],
            [
              29.24903705530686,
              32.247529715219706
            ],
            [
              29.248857392250034,
              32.247529715219706
            ],
            [
              29.248857392250034,
              32.24743988369129
            ],
            [
              29.248767560721625,
              32.24743988369129
            ],
            [
              29.248767560721625,
              32.24735005216288
            ],
            [
              29.24867772919321,
              32.24735005216288
            ],
            [
              29.24867772919321,
              32.24717038910606
            ],
            [
              29.248587897664798,
              32.24717038910606
            ],
            [
              29.248587897664798,
              32.24708055757765
            ],
            [
              29.24849806613639,
              32.24708055757765
            ],
            [
              29.24849806613639,
              32.24690089452082
            ],
            [
              29.248408234607975,
              32.24690089452082
            ],
            [
              29.248408234607975,
              32.246541568407174
            ],
            [
              29.248318403079566,
              32.246541568407174
            ],
            [
              29.248318403079566,
              32.24645173687876
            ],
            [
              29.248408234607975,
              32.24645173687876
            ],
            [
              29.248408234607975,
              32.24546359006623
            ],
            [
              29.248318403079566,
              32.24546359006623
            ],
            [
              29.248318403079566,
              32.2452839270094
            ],
            [
              29.248228571551152,
              32.2452839270094
            ],
            [
              29.248228571551152,
              32.245104263952584
            ],
            [
              29.24813874002274,
              32.245104263952584
            ],
            [
              29.24813874002274,
              32.24492460089576
            ],
            [
              29.24804890849433,
              32.24492460089576
            ],
            [
              29.24804890849433,
              32.244834769367344
            ],
            [
              29.247959076965916,
              32.244834769367344
            ],
            [
              29.247959076965916,
              32.244655106310525
            ],
            [
              29.247779413909093,
              32.244655106310525
            ],
            [
              29.247779413909093,
              32.24456527478211
            ],
            [
              29.24768958238068,
              32.24456527478211
            ],
            [
              29.24768958238068,
              32.244385611725285
            ],
            [
              29.247599750852267,
              32.244385611725285
            ],
            [
              29.247599750852267,
              32.24429578019687
            ],
            [
              29.247509919323857,
              32.24429578019687
            ],
            [
              29.247509919323857,
              32.24411611714005
            ],
            [
              29.247420087795444,
              32.24411611714005
            ],
            [
              29.247420087795444,
              32.243936454083226
            ],
            [
              29.247330256267034,
              32.243936454083226
            ],
            [
              29.247330256267034,
              32.2437567910264
            ],
            [
              29.24724042473862,
              32.2437567910264
            ],
            [
              29.24724042473862,
              32.24357712796958
            ],
            [
              29.247150593210208,
              32.24357712796958
            ],
            [
              29.247150593210208,
              32.24339746491275
            ],
            [
              29.247060761681798,
              32.24339746491275
            ],
            [
              29.247060761681798,
              32.24312797032752
            ],
            [
              29.246970930153385,
              32.24312797032752
            ],
            [
              29.246970930153385,
              32.24303813879911
            ],
            [
              29.24688109862497,
              32.24303813879911
            ],
            [
              29.24688109862497,
              32.24285847574228
            ],
            [
              29.24679126709656,
              32.24285847574228
            ],
            [
              29.24679126709656,
              32.24267881268546
            ],
            [
              29.24670143556815,
              32.24267881268546
            ],
            [
              29.24670143556815,
              32.24258898115705
            ],
            [
              29.246611604039735,
              32.24258898115705
            ],
            [
              29.246611604039735,
              32.242499149628635
            ],
            [
              29.246521772511326,
              32.242499149628635
            ],
            [
              29.246521772511326,
              32.24213982351499
            ],
            [
              29.246431940982912,
              32.24213982351499
            ],
            [
              29.246431940982912,
              32.24196016045816
            ],
            [
              29.246342109454503,
              32.24196016045816
            ],
            [
              29.246342109454503,
              32.241780497401336
            ],
            [
              29.24625227792609,
              32.241780497401336
            ],
            [
              29.24625227792609,
              32.241511002816104
            ],
            [
              29.246162446397676,
              32.241511002816104
            ],
            [
              29.246162446397676,
              32.24142117128769
            ],
            [
              29.24625227792609,
              32.24142117128769
            ],
            [
              29.24625227792609,
              32.24133133975928
            ],
            [
              29.246162446397676,
              32.24133133975928
            ],
            [
              29.246162446397676,
              32.241241508230864
            ],
            [
              29.24625227792609,
              32.241241508230864
            ],
            [
              29.24625227792609,
              32.24115167670246
            ],
            [
              29.246162446397676,
              32.24115167670246
            ],
            [
              29.246162446397676,
              32.241061845174045
            ],
            [
              29.246072614869266,
              32.241061845174045
            ],
            [
              29.246072614869266,
              32.24088218211722
            ],
            [
              29.245982783340853,
              32.24088218211722
            ],
            [
              29.245982783340853,
              32.240792350588805
            ],
            [
              29.24580312028403,
              32.240792350588805
            ],
            [
              29.24580312028403,
              32.2407025190604
            ],
            [
              29.245713288755617,
              32.2407025190604
            ],
            [
              29.245713288755617,
              32.240612687531986
            ],
            [
              29.245623457227204,
              32.240612687531986
            ],
            [
              29.245623457227204,
              32.24052285600357
            ],
            [
              29.245533625698794,
              32.24052285600357
            ],
            [
              29.245533625698794,
              32.24043302447516
            ],
            [
              29.24544379417038,
              32.24043302447516
            ],
            [
              29.24544379417038,
              32.23989403530469
            ],
            [
              29.245533625698794,
              32.23989403530469
            ],
            [
              29.245533625698794,
              32.23971437224787
            ],
            [
              29.24544379417038,
              32.23971437224787
            ],
            [
              29.24544379417038,
              32.23944487766263
            ],
            [
              29.245533625698794,
              32.23944487766263
            ],
            [
              29.245533625698794,
              32.239355046134214
            ],
            [
              29.24544379417038,
              32.239355046134214
            ],
            [
              29.24544379417038,
              32.2392652146058
            ],
            [
              29.245533625698794,
              32.2392652146058
            ],
            [
              29.245533625698794,
              32.23899572002057
            ],
            [
              29.24544379417038,
              32.23899572002057
            ],
            [
              29.24544379417038,
              32.23881605696374
            ],
            [
              29.24535396264197,
              32.23881605696374
            ],
            [
              29.24535396264197,
              32.23863639390692
            ],
            [
              29.245264131113558,
              32.23863639390692
            ],
            [
              29.245264131113558,
              32.23836689932168
            ],
            [
              29.245174299585145,
              32.23836689932168
            ],
            [
              29.245174299585145,
              32.23827706779327
            ],
            [
              29.245084468056735,
              32.23827706779327
            ],
            [
              29.245084468056735,
              32.23800757320804
            ],
            [
              29.24499463652832,
              32.23800757320804
            ],
            [
              29.24499463652832,
              32.237738078622804
            ],
            [
              29.24490480499991,
              32.237738078622804
            ],
            [
              29.24490480499991,
              32.237468584037565
            ],
            [
              29.2448149734715,
              32.237468584037565
            ],
            [
              29.2448149734715,
              32.23719908945233
            ],
            [
              29.244725141943086,
              32.23719908945233
            ],
            [
              29.244725141943086,
              32.23710925792392
            ],
            [
              29.244635310414672,
              32.23710925792392
            ],
            [
              29.244635310414672,
              32.23666010028186
            ],
            [
              29.244545478886263,
              32.23666010028186
            ],
            [
              29.244545478886263,
              32.2362109426398
            ],
            [
              29.24445564735785,
              32.2362109426398
            ],
            [
              29.24445564735785,
              32.23612111111139
            ],
            [
              29.244545478886263,
              32.23612111111139
            ],
            [
              29.244545478886263,
              32.236031279582974
            ],
            [
              29.244635310414672,
              32.236031279582974
            ],
            [
              29.244635310414672,
              32.23594144805456
            ],
            [
              29.244545478886263,
              32.23594144805456
            ],
            [
              29.244545478886263,
              32.23567195346933
            ],
            [
              29.244635310414672,
              32.23567195346933
            ],
            [
              29.244635310414672,
              32.235582121940915
            ],
            [
              29.244545478886263,
              32.235582121940915
            ],
            [
              29.244545478886263,
              32.2354922904125
            ],
            [
              29.244635310414672,
              32.2354922904125
            ],
            [
              29.244635310414672,
              32.23540245888409
            ],
            [
              29.244725141943086,
              32.23540245888409
            ],
            [
              29.244725141943086,
              32.23522279582727
            ],
            [
              29.2448149734715,
              32.23522279582727
            ],
            [
              29.2448149734715,
              32.23504313277044
            ],
            [
              29.244725141943086,
              32.23504313277044
            ],
            [
              29.244725141943086,
              32.23495330124203
            ],
            [
              29.24499463652832,
              32.23495330124203
            ],
            [
              29.24499463652832,
              32.23504313277044
            ],
            [
              29.24490480499991,
              32.23504313277044
            ],
            [
              29.24490480499991,
              32.235132964298856
            ],
            [
              29.24499463652832,
              32.235132964298856
            ],
            [
              29.24499463652832,
              32.23522279582727
            ],
            [
              29.245084468056735,
              32.23522279582727
            ],
            [
              29.245084468056735,
              32.235312627355675
            ],
            [
              29.245174299585145,
              32.235312627355675
            ],
            [
              29.245174299585145,
              32.2354922904125
            ],
            [
              29.24535396264197,
              32.2354922904125
            ],
            [
              29.24535396264197,
              32.235582121940915
            ],
            [
              29.24544379417038,
              32.235582121940915
            ],
            [
              29.24544379417038,
              32.236031279582974
            ],
            [
              29.245533625698794,
              32.236031279582974
            ],
            [
              29.245533625698794,
              32.2362109426398
            ],
            [
              29.245623457227204,
              32.2362109426398
            ],
            [
              29.245623457227204,
              32.23630077416821
            ],
            [
              29.245533625698794,
              32.23630077416821
            ],
            [
              29.245533625698794,
              32.23639060569662
            ],
            [
              29.245623457227204,
              32.23639060569662
            ],
            [
              29.245623457227204,
              32.23657026875345
            ],
            [
              29.245713288755617,
              32.23657026875345
            ],
            [
              29.245713288755617,
              32.23666010028186
            ],
            [
              29.24580312028403,
              32.23666010028186
            ],
            [
              29.24580312028403,
              32.23674993181027
            ],
            [
              29.24589295181244,
              32.23674993181027
            ],
            [
              29.24589295181244,
              32.23692959486709
            ],
            [
              29.246072614869266,
              32.23692959486709
            ],
            [
              29.246072614869266,
              32.23710925792392
            ],
            [
              29.246162446397676,
              32.23710925792392
            ],
            [
              29.246162446397676,
              32.237468584037565
            ],
            [
              29.24625227792609,
              32.237468584037565
            ],
            [
              29.24625227792609,
              32.23755841556598
            ],
            [
              29.246162446397676,
              32.23755841556598
            ],
            [
              29.246162446397676,
              32.23782791015121
            ],
            [
              29.24625227792609,
              32.23782791015121
            ],
            [
              29.24625227792609,
              32.237917741679624
            ],
            [
              29.246342109454503,
              32.237917741679624
            ],
            [
              29.246342109454503,
              32.23800757320804
            ],
            [
              29.246521772511326,
              32.23800757320804
            ],
            [
              29.246521772511326,
              32.238187236264864
            ],
            [
              29.246611604039735,
              32.238187236264864
            ],
            [
              29.246611604039735,
              32.23836689932168
            ],
            [
              29.24679126709656,
              32.23836689932168
            ],
            [
              29.24679126709656,
              32.23863639390692
            ],
            [
              29.24688109862497,
              32.23863639390692
            ],
            [
              29.24688109862497,
              32.238905888492155
            ],
            [
              29.246970930153385,
              32.238905888492155
            ],
            [
              29.246970930153385,
              32.23899572002057
            ],
            [
              29.24679126709656,
              32.23899572002057
            ],
            [
              29.24679126709656,
              32.239355046134214
            ],
            [
              29.24688109862497,
              32.239355046134214
            ],
            [
              29.24688109862497,
              32.23944487766263
            ],
            [
              29.247060761681798,
              32.23944487766263
            ],
            [
              29.247060761681798,
              32.23953470919104
            ],
            [
              29.247150593210208,
              32.23953470919104
            ],
            [
              29.247150593210208,
              32.239624540719454
            ],
            [
              29.24724042473862,
              32.239624540719454
            ],
            [
              29.24724042473862,
              32.23971437224787
            ],
            [
              29.247330256267034,
              32.23971437224787
            ],
            [
              29.247330256267034,
              32.23980420377627
            ],
            [
              29.24724042473862,
              32.23980420377627
            ],
            [
              29.24724042473862,
              32.23989403530469
            ],
            [
              29.247330256267034,
              32.23989403530469
            ],
            [
              29.247330256267034,
              32.2399838668331
            ],
            [
              29.247420087795444,
              32.2399838668331
            ],
            [
              29.247420087795444,
              32.24016352988993
            ],
            [
              29.247509919323857,
              32.24016352988993
            ],
            [
              29.247509919323857,
              32.240343192946746
            ],
            [
              29.247599750852267,
              32.240343192946746
            ],
            [
              29.247599750852267,
              32.2407025190604
            ],
            [
              29.24768958238068,
              32.2407025190604
            ],
            [
              29.24768958238068,
              32.240792350588805
            ],
            [
              29.247779413909093,
              32.240792350588805
            ],
            [
              29.247779413909093,
              32.24088218211722
            ],
            [
              29.247869245437503,
              32.24088218211722
            ],
            [
              29.247869245437503,
              32.24097201364563
            ],
            [
              29.247959076965916,
              32.24097201364563
            ],
            [
              29.247959076965916,
              32.241061845174045
            ],
            [
              29.24804890849433,
              32.241061845174045
            ],
            [
              29.24804890849433,
              32.241241508230864
            ],
            [
              29.248228571551152,
              32.241241508230864
            ],
            [
              29.248228571551152,
              32.241511002816104
            ],
            [
              29.248318403079566,
              32.241511002816104
            ],
            [
              29.248318403079566,
              32.241780497401336
            ],
            [
              29.248408234607975,
              32.241780497401336
            ],
            [
              29.248408234607975,
              32.24187032892975
            ],
            [
              29.248318403079566,
              32.24187032892975
            ],
            [
              29.248318403079566,
              32.24213982351499
            ],
            [
              29.248408234607975,
              32.24213982351499
            ],
            [
              29.248408234607975,
              32.24231948657181
            ],
            [
              29.24849806613639,
              32.24231948657181
            ],
            [
              29.24849806613639,
              32.24240931810022
            ],
            [
              29.248587897664798,
              32.24240931810022
            ],
            [
              29.248587897664798,
              32.242499149628635
            ],
            [
              29.24867772919321,
              32.242499149628635
            ],
            [
              29.24867772919321,
              32.24285847574228
            ],
            [
              29.248857392250034,
              32.24285847574228
            ],
            [
              29.248857392250034,
              32.242948307270694
            ],
            [
              29.24903705530686,
              32.242948307270694
            ],
            [
              29.24903705530686,
              32.24312797032752
            ],
            [
              29.24912688683527,
              32.24312797032752
            ],
            [
              29.24912688683527,
              32.24321780185593
            ],
            [
              29.249216718363684,
              32.24321780185593
            ],
            [
              29.249216718363684,
              32.24348729644117
            ],
            [
              29.249396381420507,
              32.24348729644117
            ],
            [
              29.249396381420507,
              32.24357712796958
            ],
            [
              29.24957604447733,
              32.24357712796958
            ],
            [
              29.24957604447733,
              32.24348729644117
            ],
            [
              29.249665876005743,
              32.24348729644117
            ],
            [
              29.249665876005743,
              32.24339746491275
            ],
            [
              29.249755707534156,
              32.24339746491275
            ],
            [
              29.249755707534156,
              32.24348729644117
            ],
            [
              29.249845539062566,
              32.24348729644117
            ],
            [
              29.249845539062566,
              32.24330763338434
            ],
            [
              29.249755707534156,
              32.24330763338434
            ],
            [
              29.249755707534156,
              32.24321780185593
            ],
            [
              29.250115033647802,
              32.24321780185593
            ],
            [
              29.250115033647802,
              32.24303813879911
            ],
            [
              29.250204865176215,
              32.24303813879911
            ],
            [
              29.250204865176215,
              32.242948307270694
            ],
            [
              29.250115033647802,
              32.242948307270694
            ],
            [
              29.250115033647802,
              32.24276864421387
            ],
            [
              29.250204865176215,
              32.24276864421387
            ],
            [
              29.250204865176215,
              32.24258898115705
            ],
            [
              29.250115033647802,
              32.24258898115705
            ],
            [
              29.250115033647802,
              32.242499149628635
            ],
            [
              29.25029469670463,
              32.242499149628635
            ],
            [
              29.25029469670463,
              32.24240931810022
            ],
            [
              29.250204865176215,
              32.24240931810022
            ],
            [
              29.250204865176215,
              32.242229655043396
            ],
            [
              29.250115033647802,
              32.242229655043396
            ],
            [
              29.250115033647802,
              32.24187032892975
            ],
            [
              29.24993537059098,
              32.24187032892975
            ],
            [
              29.24993537059098,
              32.241780497401336
            ],
            [
              29.249845539062566,
              32.241780497401336
            ],
            [
              29.249845539062566,
              32.24160083434452
            ],
            [
              29.249755707534156,
              32.24160083434452
            ],
            [
              29.249755707534156,
              32.24142117128769
            ],
            [
              29.249665876005743,
              32.24142117128769
            ],
            [
              29.249665876005743,
              32.24133133975928
            ],
            [
              29.24957604447733,
              32.24133133975928
            ],
            [
              29.24957604447733,
              32.241241508230864
            ],
            [
              29.24948621294892,
              32.241241508230864
            ],
            [
              29.24948621294892,
              32.24115167670246
            ],
            [
              29.249396381420507,
              32.24115167670246
            ],
            [
              29.249396381420507,
              32.24088218211722
            ],
            [
              29.249306549892097,
              32.24088218211722
            ],
            [
              29.249306549892097,
              32.2407025190604
            ],
            [
              29.249216718363684,
              32.2407025190604
            ],
            [
              29.249216718363684,
              32.24043302447516
            ],
            [
              29.24912688683527,
              32.24043302447516
            ],
            [
              29.24912688683527,
              32.240343192946746
            ],
            [
              29.24903705530686,
              32.240343192946746
            ],
            [
              29.24903705530686,
              32.2399838668331
            ],
            [
              29.248947223778448,
              32.2399838668331
            ],
            [
              29.248947223778448,
              32.23989403530469
            ],
            [
              29.248857392250034,
              32.23989403530469
            ],
            [
              29.248857392250034,
              32.23980420377627
            ],
            [
              29.248767560721625,
              32.23980420377627
            ],
            [
              29.248767560721625,
              32.23971437224787
            ],
            [
              29.24867772919321,
              32.23971437224787
            ],
            [
              29.24867772919321,
              32.23944487766263
            ],
            [
              29.248587897664798,
              32.23944487766263
            ],
            [
              29.248587897664798,
              32.23908555154898
            ],
            [
              29.24849806613639,
              32.23908555154898
            ],
            [
              29.24849806613639,
              32.238905888492155
            ],
            [
              29.248318403079566,
              32.238905888492155
            ],
            [
              29.248318403079566,
              32.23854656237851
            ],
            [
              29.248228571551152,
              32.23854656237851
            ],
            [
              29.248228571551152,
              32.23836689932168
            ],
            [
              29.24813874002274,
              32.23836689932168
            ],
            [
              29.24813874002274,
              32.23800757320804
            ],
            [
              29.24804890849433,
              32.23800757320804
            ],
            [
              29.24804890849433,
              32.237917741679624
            ],
            [
              29.247959076965916,
              32.237917741679624
            ],
            [
              29.247959076965916,
              32.237468584037565
            ],
            [
              29.247869245437503,
              32.237468584037565
            ],
            [
              29.247869245437503,
              32.23728892098074
            ],
            [
              29.247779413909093,
              32.23728892098074
            ],
            [
              29.247779413909093,
              32.237019426395506
            ],
            [
              29.24768958238068,
              32.237019426395506
            ],
            [
              29.24768958238068,
              32.23683976333868
            ],
            [
              29.247599750852267,
              32.23683976333868
            ],
            [
              29.247599750852267,
              32.23630077416821
            ],
            [
              29.24768958238068,
              32.23630077416821
            ],
            [
              29.24768958238068,
              32.236031279582974
            ],
            [
              29.247599750852267,
              32.236031279582974
            ],
            [
              29.247599750852267,
              32.23585161652615
            ],
            [
              29.247509919323857,
              32.23585161652615
            ],
            [
              29.247509919323857,
              32.23576178499774
            ],
            [
              29.247420087795444,
              32.23576178499774
            ],
            [
              29.247420087795444,
              32.235582121940915
            ],
            [
              29.247330256267034,
              32.235582121940915
            ],
            [
              29.247330256267034,
              32.2354922904125
            ],
            [
              29.24724042473862,
              32.2354922904125
            ],
            [
              29.24724042473862,
              32.23522279582727
            ],
            [
              29.247150593210208,
              32.23522279582727
            ],
            [
              29.247150593210208,
              32.23504313277044
            ],
            [
              29.247060761681798,
              32.23504313277044
            ],
            [
              29.247060761681798,
              32.23477363818521
            ],
            [
              29.246970930153385,
              32.23477363818521
            ],
            [
              29.246970930153385,
              32.234593975128384
            ],
            [
              29.24688109862497,
              32.234593975128384
            ],
            [
              29.24688109862497,
              32.23441431207156
            ],
            [
              29.24679126709656,
              32.23441431207156
            ],
            [
              29.24679126709656,
              32.234144817486325
            ],
            [
              29.24670143556815,
              32.234144817486325
            ],
            [
              29.24670143556815,
              32.2339651544295
            ],
            [
              29.246611604039735,
              32.2339651544295
            ],
            [
              29.246611604039735,
              32.23360582831585
            ],
            [
              29.246521772511326,
              32.23360582831585
            ],
            [
              29.246521772511326,
              32.233426165259026
            ],
            [
              29.246431940982912,
              32.233426165259026
            ],
            [
              29.246431940982912,
              32.233246502202206
            ],
            [
              29.246342109454503,
              32.233246502202206
            ],
            [
              29.246342109454503,
              32.23306683914538
            ],
            [
              29.24625227792609,
              32.23306683914538
            ],
            [
              29.24625227792609,
              32.23288717608855
            ],
            [
              29.246162446397676,
              32.23288717608855
            ],
            [
              29.246162446397676,
              32.232707513031734
            ],
            [
              29.246072614869266,
              32.232707513031734
            ],
            [
              29.246072614869266,
              32.23261768150332
            ],
            [
              29.246162446397676,
              32.23261768150332
            ],
            [
              29.246162446397676,
              32.23252784997491
            ],
            [
              29.245982783340853,
              32.23252784997491
            ],
            [
              29.245982783340853,
              32.232438018446494
            ],
            [
              29.24589295181244,
              32.232438018446494
            ],
            [
              29.24589295181244,
              32.23234818691808
            ],
            [
              29.24580312028403,
              32.23234818691808
            ],
            [
              29.24580312028403,
              32.23207869233285
            ],
            [
              29.245713288755617,
              32.23207869233285
            ],
            [
              29.245713288755617,
              32.23189902927602
            ],
            [
              29.245623457227204,
              32.23189902927602
            ],
            [
              29.245623457227204,
              32.2317193662192
            ],
            [
              29.24544379417038,
              32.2317193662192
            ],
            [
              29.24544379417038,
              32.231539703162376
            ],
            [
              29.24535396264197,
              32.231539703162376
            ],
            [
              29.24535396264197,
              32.23144987163396
            ],
            [
              29.245264131113558,
              32.23144987163396
            ],
            [
              29.245264131113558,
              32.23127020857714
            ],
            [
              29.245174299585145,
              32.23127020857714
            ],
            [
              29.245174299585145,
              32.23109054552032
            ],
            [
              29.245084468056735,
              32.23109054552032
            ],
            [
              29.245084468056735,
              32.230821050935084
            ],
            [
              29.24499463652832,
              32.230821050935084
            ],
            [
              29.24499463652832,
              32.23046172482143
            ],
            [
              29.24490480499991,
              32.23046172482143
            ],
            [
              29.24490480499991,
              32.23028206176461
            ],
            [
              29.2448149734715,
              32.23028206176461
            ],
            [
              29.2448149734715,
              32.2301922302362
            ],
            [
              29.244725141943086,
              32.2301922302362
            ],
            [
              29.244725141943086,
              32.22983290412255
            ],
            [
              29.244635310414672,
              32.22983290412255
            ],
            [
              29.244635310414672,
              32.22974307259414
            ],
            [
              29.244725141943086,
              32.22974307259414
            ],
            [
              29.244725141943086,
              32.229653241065726
            ],
            [
              29.244635310414672,
              32.229653241065726
            ],
            [
              29.244635310414672,
              32.22956340953731
            ],
            [
              29.244545478886263,
              32.22956340953731
            ],
            [
              29.244545478886263,
              32.22938374648049
            ],
            [
              29.24445564735785,
              32.22938374648049
            ],
            [
              29.24445564735785,
              32.22929391495208
            ],
            [
              29.24436581582944,
              32.22929391495208
            ],
            [
              29.24436581582944,
              32.229114251895254
            ],
            [
              29.244275984301026,
              32.229114251895254
            ],
            [
              29.244275984301026,
              32.22902442036684
            ],
            [
              29.244186152772613,
              32.22902442036684
            ],
            [
              29.244186152772613,
              32.22875492578161
            ],
            [
              29.244096321244204,
              32.22875492578161
            ],
            [
              29.244096321244204,
              32.22857526272478
            ],
            [
              29.24400648971579,
              32.22857526272478
            ],
            [
              29.24400648971579,
              32.228395599667955
            ],
            [
              29.244096321244204,
              32.228395599667955
            ],
            [
              29.244096321244204,
              32.22830576813955
            ],
            [
              29.24400648971579,
              32.22830576813955
            ],
            [
              29.24400648971579,
              32.22767694744066
            ],
            [
              29.243916658187377,
              32.22767694744066
            ],
            [
              29.243916658187377,
              32.22758711591225
            ],
            [
              29.24400648971579,
              32.22758711591225
            ],
            [
              29.24400648971579,
              32.22731762132702
            ],
            [
              29.243916658187377,
              32.22731762132702
            ],
            [
              29.243916658187377,
              32.22686846368496
            ],
            [
              29.243826826658967,
              32.22686846368496
            ],
            [
              29.243826826658967,
              32.226509137571306
            ],
            [
              29.243736995130554,
              32.226509137571306
            ],
            [
              29.243736995130554,
              32.22641930604289
            ],
            [
              29.24364716360214,
              32.22641930604289
            ],
            [
              29.24364716360214,
              32.22597014840083
            ],
            [
              29.24355733207373,
              32.22597014840083
            ],
            [
              29.24355733207373,
              32.2257006538156
            ],
            [
              29.243467500545318,
              32.2257006538156
            ],
            [
              29.243467500545318,
              32.22561082228719
            ],
            [
              29.24337766901691,
              32.22561082228719
            ],
            [
              29.24337766901691,
              32.225341327701955
            ],
            [
              29.243287837488495,
              32.225341327701955
            ],
            [
              29.243287837488495,
              32.22516166464513
            ],
            [
              29.243198005960082,
              32.22516166464513
            ],
            [
              29.243198005960082,
              32.22471250700307
            ],
            [
              29.243108174431672,
              32.22471250700307
            ],
            [
              29.243108174431672,
              32.22444301241783
            ],
            [
              29.24301834290326,
              32.22444301241783
            ],
            [
              29.24301834290326,
              32.22426334936101
            ],
            [
              29.242928511374846,
              32.22426334936101
            ],
            [
              29.242928511374846,
              32.223904023247364
            ],
            [
              29.242838679846436,
              32.223904023247364
            ],
            [
              29.242838679846436,
              32.22381419171895
            ],
            [
              29.242748848318023,
              32.22381419171895
            ],
            [
              29.242748848318023,
              32.22336503407689
            ],
            [
              29.24265901678961,
              32.22336503407689
            ],
            [
              29.24265901678961,
              32.22237688726436
            ],
            [
              29.2425691852612,
              32.22237688726436
            ],
            [
              29.2425691852612,
              32.22228705573595
            ],
            [
              29.24265901678961,
              32.22228705573595
            ],
            [
              29.24265901678961,
              32.22210739267912
            ],
            [
              29.2425691852612,
              32.22210739267912
            ],
            [
              29.2425691852612,
              32.2219277296223
            ],
            [
              29.24265901678961,
              32.2219277296223
            ],
            [
              29.24265901678961,
              32.221748066565475
            ],
            [
              29.2425691852612,
              32.221748066565475
            ],
            [
              29.2425691852612,
              32.221478571980235
            ],
            [
              29.24265901678961,
              32.221478571980235
            ],
            [
              29.24265901678961,
              32.22138874045183
            ],
            [
              29.2425691852612,
              32.22138874045183
            ],
            [
              29.2425691852612,
              32.221298908923416
            ],
            [
              29.24265901678961,
              32.221298908923416
            ],
            [
              29.24265901678961,
              32.220310762110884
            ],
            [
              29.2425691852612,
              32.220310762110884
            ],
            [
              29.2425691852612,
              32.21977177294041
            ],
            [
              29.242479353732787,
              32.21977177294041
            ],
            [
              29.242479353732787,
              32.21932261529835
            ],
            [
              29.242389522204377,
              32.21932261529835
            ],
            [
              29.242389522204377,
              32.21869379459947
            ],
            [
              29.242299690675964,
              32.21869379459947
            ],
            [
              29.242299690675964,
              32.218424300014235
            ],
            [
              29.24220985914755,
              32.218424300014235
            ],
            [
              29.24220985914755,
              32.21833446848582
            ],
            [
              29.242299690675964,
              32.21833446848582
            ],
            [
              29.242299690675964,
              32.21824463695741
            ],
            [
              29.24220985914755,
              32.21824463695741
            ],
            [
              29.24220985914755,
              32.21761581625852
            ],
            [
              29.24212002761914,
              32.21761581625852
            ],
            [
              29.24212002761914,
              32.21752598473011
            ],
            [
              29.24220985914755,
              32.21752598473011
            ],
            [
              29.24220985914755,
              32.2174361532017
            ],
            [
              29.24212002761914,
              32.2174361532017
            ],
            [
              29.24212002761914,
              32.216986995559644
            ],
            [
              29.242030196090727,
              32.216986995559644
            ],
            [
              29.242030196090727,
              32.21689716403123
            ],
            [
              29.24212002761914,
              32.21689716403123
            ],
            [
              29.24212002761914,
              32.21635817486076
            ],
            [
              29.24220985914755,
              32.21635817486076
            ],
            [
              29.24220985914755,
              32.21617851180393
            ],
            [
              29.242389522204377,
              32.21617851180393
            ],
            [
              29.242389522204377,
              32.21608868027552
            ],
            [
              29.2425691852612,
              32.21608868027552
            ],
            [
              29.2425691852612,
              32.21617851180393
            ],
            [
              29.242838679846436,
              32.21617851180393
            ],
            [
              29.242838679846436,
              32.21608868027552
            ],
            [
              29.242928511374846,
              32.21608868027552
            ],
            [
              29.242928511374846,
              32.21617851180393
            ],
            [
              29.24301834290326,
              32.21617851180393
            ],
            [
              29.24301834290326,
              32.21608868027552
            ],
            [
              29.243287837488495,
              32.21608868027552
            ],
            [
              29.243287837488495,
              32.21617851180393
            ],
            [
              29.24355733207373,
              32.21617851180393
            ],
            [
              29.24355733207373,
              32.216268343332345
            ],
            [
              29.24364716360214,
              32.216268343332345
            ],
            [
              29.24364716360214,
              32.21644800638917
            ],
            [
              29.243826826658967,
              32.21644800638917
            ],
            [
              29.243826826658967,
              32.21653783791758
            ],
            [
              29.243736995130554,
              32.21653783791758
            ],
            [
              29.243736995130554,
              32.21662766944599
            ],
            [
              29.243826826658967,
              32.21662766944599
            ],
            [
              29.243826826658967,
              32.21680733250282
            ],
            [
              29.243916658187377,
              32.21680733250282
            ],
            [
              29.243916658187377,
              32.21707682708805
            ],
            [
              29.24400648971579,
              32.21707682708805
            ],
            [
              29.24400648971579,
              32.21734632167329
            ],
            [
              29.244096321244204,
              32.21734632167329
            ],
            [
              29.244096321244204,
              32.2174361532017
            ],
            [
              29.24400648971579,
              32.2174361532017
            ],
            [
              29.24400648971579,
              32.217705647786936
            ],
            [
              29.244096321244204,
              32.217705647786936
            ],
            [
              29.244096321244204,
              32.21779547931535
            ],
            [
              29.244186152772613,
              32.21779547931535
            ],
            [
              29.244186152772613,
              32.21788531084376
            ],
            [
              29.24436581582944,
              32.21788531084376
            ],
            [
              29.24436581582944,
              32.21806497390058
            ],
            [
              29.24445564735785,
              32.21806497390058
            ],
            [
              29.24445564735785,
              32.218154805428995
            ],
            [
              29.244545478886263,
              32.218154805428995
            ],
            [
              29.244545478886263,
              32.21833446848582
            ],
            [
              29.244635310414672,
              32.21833446848582
            ],
            [
              29.244635310414672,
              32.21851413154264
            ],
            [
              29.244725141943086,
              32.21851413154264
            ],
            [
              29.244725141943086,
              32.21869379459947
            ],
            [
              29.2448149734715,
              32.21869379459947
            ],
            [
              29.2448149734715,
              32.21878362612788
            ],
            [
              29.24499463652832,
              32.21878362612788
            ],
            [
              29.24499463652832,
              32.218873457656294
            ],
            [
              29.245084468056735,
              32.218873457656294
            ],
            [
              29.245084468056735,
              32.219142952241526
            ],
            [
              29.245174299585145,
              32.219142952241526
            ],
            [
              29.245174299585145,
              32.21923278376994
            ],
            [
              29.245264131113558,
              32.21923278376994
            ],
            [
              29.245264131113558,
              32.21932261529835
            ],
            [
              29.24535396264197,
              32.21932261529835
            ],
            [
              29.24535396264197,
              32.219592109883585
            ],
            [
              29.24544379417038,
              32.219592109883585
            ],
            [
              29.24544379417038,
              32.219861604468825
            ],
            [
              29.245533625698794,
              32.219861604468825
            ],
            [
              29.245533625698794,
              32.21995143599724
            ],
            [
              29.245623457227204,
              32.21995143599724
            ],
            [
              29.245623457227204,
              32.220041267525644
            ],
            [
              29.245713288755617,
              32.220041267525644
            ],
            [
              29.245713288755617,
              32.2204005936393
            ],
            [
              29.24580312028403,
              32.2204005936393
            ],
            [
              29.24580312028403,
              32.22084975128136
            ],
            [
              29.24589295181244,
              32.22084975128136
            ],
            [
              29.24589295181244,
              32.22111924586659
            ],
            [
              29.245982783340853,
              32.22111924586659
            ],
            [
              29.245982783340853,
              32.221298908923416
            ],
            [
              29.246072614869266,
              32.221298908923416
            ],
            [
              29.246072614869266,
              32.221478571980235
            ],
            [
              29.246162446397676,
              32.221478571980235
            ],
            [
              29.246162446397676,
              32.22165823503706
            ],
            [
              29.24625227792609,
              32.22165823503706
            ],
            [
              29.24625227792609,
              32.22183789809389
            ],
            [
              29.246342109454503,
              32.22183789809389
            ],
            [
              29.246342109454503,
              32.22201756115071
            ],
            [
              29.246431940982912,
              32.22201756115071
            ],
            [
              29.246431940982912,
              32.22228705573595
            ],
            [
              29.246521772511326,
              32.22228705573595
            ],
            [
              29.246521772511326,
              32.22291587643483
            ],
            [
              29.24670143556815,
              32.22291587643483
            ],
            [
              29.24670143556815,
              32.223185371020065
            ],
            [
              29.24679126709656,
              32.223185371020065
            ],
            [
              29.24679126709656,
              32.22327520254848
            ],
            [
              29.24688109862497,
              32.22327520254848
            ],
            [
              29.24688109862497,
              32.2234548656053
            ],
            [
              29.246970930153385,
              32.2234548656053
            ],
            [
              29.246970930153385,
              32.223634528662124
            ],
            [
              29.247060761681798,
              32.223634528662124
            ],
            [
              29.247060761681798,
              32.22372436019054
            ],
            [
              29.247150593210208,
              32.22372436019054
            ],
            [
              29.247150593210208,
              32.22399385477577
            ],
            [
              29.24724042473862,
              32.22399385477577
            ],
            [
              29.24724042473862,
              32.2241735178326
            ],
            [
              29.247330256267034,
              32.2241735178326
            ],
            [
              29.247330256267034,
              32.22426334936101
            ],
            [
              29.247509919323857,
              32.22426334936101
            ],
            [
              29.247509919323857,
              32.22435318088942
            ],
            [
              29.247599750852267,
              32.22435318088942
            ],
            [
              29.247599750852267,
              32.22444301241783
            ],
            [
              29.24768958238068,
              32.22444301241783
            ],
            [
              29.24768958238068,
              32.22435318088942
            ],
            [
              29.247779413909093,
              32.22435318088942
            ],
            [
              29.247779413909093,
              32.22444301241783
            ],
            [
              29.247869245437503,
              32.22444301241783
            ],
            [
              29.247869245437503,
              32.22453284394624
            ],
            [
              29.247779413909093,
              32.22453284394624
            ],
            [
              29.247779413909093,
              32.224622675474656
            ],
            [
              29.24768958238068,
              32.224622675474656
            ],
            [
              29.24768958238068,
              32.22471250700307
            ],
            [
              29.247779413909093,
              32.22471250700307
            ],
            [
              29.247779413909093,
              32.22480233853148
            ],
            [
              29.247869245437503,
              32.22480233853148
            ],
            [
              29.247869245437503,
              32.2249820015883
            ],
            [
              29.247779413909093,
              32.2249820015883
            ],
            [
              29.247779413909093,
              32.22516166464513
            ],
            [
              29.247869245437503,
              32.22516166464513
            ],
            [
              29.247869245437503,
              32.22525149617354
            ],
            [
              29.247779413909093,
              32.22525149617354
            ],
            [
              29.247779413909093,
              32.225520990758774
            ],
            [
              29.24768958238068,
              32.225520990758774
            ],
            [
              29.24768958238068,
              32.2257006538156
            ],
            [
              29.247599750852267,
              32.2257006538156
            ],
            [
              29.247599750852267,
              32.226059979929246
            ],
            [
              29.247509919323857,
              32.226059979929246
            ],
            [
              29.247509919323857,
              32.22614981145766
            ],
            [
              29.247420087795444,
              32.22614981145766
            ],
            [
              29.247420087795444,
              32.22623964298607
            ],
            [
              29.247330256267034,
              32.22623964298607
            ],
            [
              29.247330256267034,
              32.22641930604289
            ],
            [
              29.24724042473862,
              32.22641930604289
            ],
            [
              29.24724042473862,
              32.22668880062813
            ],
            [
              29.247330256267034,
              32.22668880062813
            ],
            [
              29.247330256267034,
              32.226778632156545
            ],
            [
              29.24724042473862,
              32.226778632156545
            ],
            [
              29.24724042473862,
              32.227407452855424
            ],
            [
              29.247330256267034,
              32.227407452855424
            ],
            [
              29.247330256267034,
              32.22758711591225
            ],
            [
              29.24724042473862,
              32.22758711591225
            ],
            [
              29.24724042473862,
              32.22776677896908
            ],
            [
              29.247330256267034,
              32.22776677896908
            ],
            [
              29.247330256267034,
              32.227946442025896
            ],
            [
              29.247420087795444,
              32.227946442025896
            ],
            [
              29.247420087795444,
              32.22803627355431
            ],
            [
              29.247330256267034,
              32.22803627355431
            ],
            [
              29.247330256267034,
              32.22812610508272
            ],
            [
              29.247420087795444,
              32.22812610508272
            ],
            [
              29.247420087795444,
              32.228395599667955
            ],
            [
              29.247509919323857,
              32.228395599667955
            ],
            [
              29.247509919323857,
              32.22902442036684
            ],
            [
              29.247599750852267,
              32.22902442036684
            ],
            [
              29.247599750852267,
              32.22929391495208
            ],
            [
              29.24768958238068,
              32.22929391495208
            ],
            [
              29.24768958238068,
              32.22938374648049
            ],
            [
              29.247779413909093,
              32.22938374648049
            ],
            [
              29.247779413909093,
              32.22956340953731
            ],
            [
              29.247869245437503,
              32.22956340953731
            ],
            [
              29.247869245437503,
              32.22974307259414
            ],
            [
              29.247959076965916,
              32.22974307259414
            ],
            [
              29.247959076965916,
              32.22992273565096
            ],
            [
              29.24804890849433,
              32.22992273565096
            ],
            [
              29.24804890849433,
              32.230102398707785
            ],
            [
              29.248228571551152,
              32.230102398707785
            ],
            [
              29.248228571551152,
              32.23028206176461
            ],
            [
              29.248318403079566,
              32.23028206176461
            ],
            [
              29.248318403079566,
              32.23037189329302
            ],
            [
              29.248408234607975,
              32.23037189329302
            ],
            [
              29.248408234607975,
              32.23046172482143
            ],
            [
              29.24849806613639,
              32.23046172482143
            ],
            [
              29.24849806613639,
              32.230551556349845
            ],
            [
              29.24867772919321,
              32.230551556349845
            ],
            [
              29.24867772919321,
              32.23064138787826
            ],
            [
              29.248947223778448,
              32.23064138787826
            ],
            [
              29.248947223778448,
              32.23073121940667
            ],
            [
              29.24903705530686,
              32.23073121940667
            ],
            [
              29.24903705530686,
              32.23064138787826
            ],
            [
              29.24912688683527,
              32.23064138787826
            ],
            [
              29.24912688683527,
              32.23073121940667
            ],
            [
              29.249216718363684,
              32.23073121940667
            ],
            [
              29.249216718363684,
              32.23064138787826
            ],
            [
              29.24948621294892,
              32.23064138787826
            ],
            [
              29.24948621294892,
              32.230551556349845
            ],
            [
              29.249665876005743,
              32.230551556349845
            ],
            [
              29.249665876005743,
              32.23046172482143
            ],
            [
              29.249755707534156,
              32.23046172482143
            ],
            [
              29.249755707534156,
              32.22983290412255
            ],
            [
              29.249665876005743,
              32.22983290412255
            ],
            [
              29.249665876005743,
              32.22974307259414
            ],
            [
              29.249755707534156,
              32.22974307259414
            ],
            [
              29.249755707534156,
              32.229653241065726
            ],
            [
              29.249665876005743,
              32.229653241065726
            ],
            [
              29.249665876005743,
              32.22956340953731
            ],
            [
              29.24957604447733,
              32.22956340953731
            ],
            [
              29.24957604447733,
              32.22929391495208
            ],
            [
              29.24948621294892,
              32.22929391495208
            ],
            [
              29.24948621294892,
              32.22893458883843
            ],
            [
              29.249396381420507,
              32.22893458883843
            ],
            [
              29.249396381420507,
              32.228665094253195
            ],
            [
              29.249306549892097,
              32.228665094253195
            ],
            [
              29.249306549892097,
              32.22857526272478
            ],
            [
              29.249216718363684,
              32.22857526272478
            ],
            [
              29.249216718363684,
              32.22830576813955
            ],
            [
              29.24912688683527,
              32.22830576813955
            ],
            [
              29.24912688683527,
              32.22812610508272
            ],
            [
              29.24903705530686,
              32.22812610508272
            ],
            [
              29.24903705530686,
              32.22767694744066
            ],
            [
              29.248947223778448,
              32.22767694744066
            ],
            [
              29.248947223778448,
              32.22758711591225
            ],
            [
              29.24903705530686,
              32.22758711591225
            ],
            [
              29.24903705530686,
              32.227407452855424
            ],
            [
              29.248947223778448,
              32.227407452855424
            ],
            [
              29.248947223778448,
              32.22713795827019
            ],
            [
              29.248857392250034,
              32.22713795827019
            ],
            [
              29.248857392250034,
              32.22704812674178
            ],
            [
              29.248947223778448,
              32.22704812674178
            ],
            [
              29.248947223778448,
              32.226958295213365
            ],
            [
              29.248857392250034,
              32.226958295213365
            ],
            [
              29.248857392250034,
              32.22686846368496
            ],
            [
              29.24903705530686,
              32.22686846368496
            ],
            [
              29.24903705530686,
              32.22659896909972
            ],
            [
              29.248947223778448,
              32.22659896909972
            ],
            [
              29.248947223778448,
              32.226509137571306
            ],
            [
              29.24903705530686,
              32.226509137571306
            ],
            [
              29.24903705530686,
              32.22623964298607
            ],
            [
              29.24912688683527,
              32.22623964298607
            ],
            [
              29.24912688683527,
              32.226059979929246
            ],
            [
              29.24903705530686,
              32.226059979929246
            ],
            [
              29.24903705530686,
              32.225520990758774
            ],
            [
              29.248947223778448,
              32.225520990758774
            ],
            [
              29.248947223778448,
              32.22543115923036
            ],
            [
              29.24903705530686,
              32.22543115923036
            ],
            [
              29.24903705530686,
              32.225341327701955
            ],
            [
              29.248767560721625,
              32.225341327701955
            ],
            [
              29.248767560721625,
              32.22516166464513
            ],
            [
              29.24867772919321,
              32.22516166464513
            ],
            [
              29.24867772919321,
              32.2249820015883
            ],
            [
              29.24849806613639,
              32.2249820015883
            ],
            [
              29.24849806613639,
              32.22480233853148
            ],
            [
              29.248408234607975,
              32.22480233853148
            ],
            [
              29.248408234607975,
              32.224622675474656
            ],
            [
              29.248318403079566,
              32.224622675474656
            ],
            [
              29.248318403079566,
              32.22444301241783
            ],
            [
              29.248228571551152,
              32.22444301241783
            ],
            [
              29.248228571551152,
              32.22453284394624
            ],
            [
              29.24813874002274,
              32.22453284394624
            ],
            [
              29.24813874002274,
              32.22444301241783
            ],
            [
              29.24804890849433,
              32.22444301241783
            ],
            [
              29.24804890849433,
              32.22426334936101
            ],
            [
              29.247959076965916,
              32.22426334936101
            ],
            [
              29.247959076965916,
              32.22408368630418
            ],
            [
              29.24804890849433,
              32.22408368630418
            ],
            [
              29.24804890849433,
              32.22381419171895
            ],
            [
              29.24813874002274,
              32.22381419171895
            ],
            [
              29.24813874002274,
              32.22354469713371
            ],
            [
              29.24804890849433,
              32.22354469713371
            ],
            [
              29.24804890849433,
              32.22300570796324
            ],
            [
              29.24813874002274,
              32.22300570796324
            ],
            [
              29.24813874002274,
              32.22291587643483
            ],
            [
              29.24804890849433,
              32.22291587643483
            ],
            [
              29.24804890849433,
              32.222736213378006
            ],
            [
              29.247959076965916,
              32.222736213378006
            ],
            [
              29.247959076965916,
              32.22264638184959
            ],
            [
              29.24804890849433,
              32.22264638184959
            ],
            [
              29.24804890849433,
              32.22246671879277
            ],
            [
              29.247959076965916,
              32.22246671879277
            ],
            [
              29.247959076965916,
              32.22228705573595
            ],
            [
              29.247869245437503,
              32.22228705573595
            ],
            [
              29.247869245437503,
              32.22210739267912
            ],
            [
              29.247779413909093,
              32.22210739267912
            ],
            [
              29.247779413909093,
              32.221748066565475
            ],
            [
              29.24768958238068,
              32.221748066565475
            ],
            [
              29.24768958238068,
              32.22138874045183
            ],
            [
              29.247599750852267,
              32.22138874045183
            ],
            [
              29.247599750852267,
              32.221209077395
            ],
            [
              29.24768958238068,
              32.221209077395
            ],
            [
              29.24768958238068,
              32.22093958280977
            ],
            [
              29.247779413909093,
              32.22093958280977
            ],
            [
              29.247779413909093,
              32.22084975128136
            ],
            [
              29.24768958238068,
              32.22084975128136
            ],
            [
              29.24768958238068,
              32.22075991975294
            ],
            [
              29.247779413909093,
              32.22075991975294
            ],
            [
              29.247779413909093,
              32.220490425167704
            ],
            [
              29.24768958238068,
              32.220490425167704
            ],
            [
              29.24768958238068,
              32.220310762110884
            ],
            [
              29.247599750852267,
              32.220310762110884
            ],
            [
              29.247599750852267,
              32.22013109905406
            ],
            [
              29.247509919323857,
              32.22013109905406
            ],
            [
              29.247509919323857,
              32.21995143599724
            ],
            [
              29.247420087795444,
              32.21995143599724
            ],
            [
              29.247420087795444,
              32.21977177294041
            ],
            [
              29.247330256267034,
              32.21977177294041
            ],
            [
              29.247330256267034,
              32.219592109883585
            ],
            [
              29.24724042473862,
              32.219592109883585
            ],
            [
              29.24724042473862,
              32.21950227835517
            ],
            [
              29.247150593210208,
              32.21950227835517
            ],
            [
              29.247150593210208,
              32.21932261529835
            ],
            [
              29.247060761681798,
              32.21932261529835
            ],
            [
              29.247060761681798,
              32.21923278376994
            ],
            [
              29.246970930153385,
              32.21923278376994
            ],
            [
              29.246970930153385,
              32.21905312071311
            ],
            [
              29.24688109862497,
              32.21905312071311
            ],
            [
              29.24688109862497,
              32.21878362612788
            ],
            [
              29.24679126709656,
              32.21878362612788
            ],
            [
              29.24679126709656,
              32.21869379459947
            ],
            [
              29.24670143556815,
              32.21869379459947
            ],
            [
              29.24670143556815,
              32.21851413154264
            ],
            [
              29.246521772511326,
              32.21851413154264
            ],
            [
              29.246521772511326,
              32.21806497390058
            ],
            [
              29.246431940982912,
              32.21806497390058
            ],
            [
              29.246431940982912,
              32.21788531084376
            ],
            [
              29.246342109454503,
              32.21788531084376
            ],
            [
              29.246342109454503,
              32.21761581625852
            ],
            [
              29.24625227792609,
              32.21761581625852
            ],
            [
              29.24625227792609,
              32.2174361532017
            ],
            [
              29.246162446397676,
              32.2174361532017
            ],
            [
              29.246162446397676,
              32.21725649014488
            ],
            [
              29.246072614869266,
              32.21725649014488
            ],
            [
              29.246072614869266,
              32.21716665861646
            ],
            [
              29.246162446397676,
              32.21716665861646
            ],
            [
              29.246162446397676,
              32.21707682708805
            ],
            [
              29.246072614869266,
              32.21707682708805
            ],
            [
              29.246072614869266,
              32.21680733250282
            ],
            [
              29.245982783340853,
              32.21680733250282
            ],
            [
              29.245982783340853,
              32.21662766944599
            ],
            [
              29.246072614869266,
              32.21662766944599
            ],
            [
              29.246072614869266,
              32.21653783791758
            ],
            [
              29.245982783340853,
              32.21653783791758
            ],
            [
              29.245982783340853,
              32.21617851180393
            ],
            [
              29.24589295181244,
              32.21617851180393
            ],
            [
              29.24589295181244,
              32.21599884874711
            ],
            [
              29.24580312028403,
              32.21599884874711
            ],
            [
              29.24580312028403,
              32.2159090172187
            ],
            [
              29.245713288755617,
              32.2159090172187
            ],
            [
              29.245713288755617,
              32.215819185690286
            ],
            [
              29.24580312028403,
              32.215819185690286
            ],
            [
              29.24580312028403,
              32.21572935416187
            ],
            [
              29.245713288755617,
              32.21572935416187
            ],
            [
              29.245713288755617,
              32.21563952263346
            ],
            [
              29.245623457227204,
              32.21563952263346
            ],
            [
              29.245623457227204,
              32.21545985957664
            ],
            [
              29.24544379417038,
              32.21545985957664
            ],
            [
              29.24544379417038,
              32.215280196519814
            ],
            [
              29.24535396264197,
              32.215280196519814
            ],
            [
              29.24535396264197,
              32.2151903649914
            ],
            [
              29.245264131113558,
              32.2151903649914
            ],
            [
              29.245264131113558,
              32.214831038877755
            ],
            [
              29.24535396264197,
              32.214831038877755
            ],
            [
              29.24535396264197,
              32.21465137582093
            ],
            [
              29.245623457227204,
              32.21465137582093
            ],
            [
              29.245623457227204,
              32.214561544292515
            ],
            [
              29.24580312028403,
              32.214561544292515
            ],
            [
              29.24580312028403,
              32.21447171276411
            ],
            [
              29.245982783340853,
              32.21447171276411
            ],
            [
              29.245982783340853,
              32.214561544292515
            ],
            [
              29.246072614869266,
              32.214561544292515
            ],
            [
              29.246072614869266,
              32.21447171276411
            ],
            [
              29.246342109454503,
              32.21447171276411
            ],
            [
              29.246342109454503,
              32.214381881235695
            ],
            [
              29.24625227792609,
              32.214381881235695
            ],
            [
              29.24625227792609,
              32.21420221817887
            ],
            [
              29.246162446397676,
              32.21420221817887
            ],
            [
              29.246162446397676,
              32.21402255512204
            ],
            [
              29.246072614869266,
              32.21402255512204
            ],
            [
              29.246072614869266,
              32.21384289206522
            ],
            [
              29.24589295181244,
              32.21384289206522
            ],
            [
              29.24589295181244,
              32.21375306053681
            ],
            [
              29.24580312028403,
              32.21375306053681
            ],
            [
              29.24580312028403,
              32.21357339747998
            ],
            [
              29.245713288755617,
              32.21357339747998
            ],
            [
              29.245713288755617,
              32.213393734423164
            ],
            [
              29.245623457227204,
              32.213393734423164
            ],
            [
              29.245623457227204,
              32.21330390289475
            ],
            [
              29.245533625698794,
              32.21330390289475
            ],
            [
              29.245533625698794,
              32.213124239837924
            ],
            [
              29.24544379417038,
              32.213124239837924
            ],
            [
              29.24544379417038,
              32.21303440830951
            ],
            [
              29.24535396264197,
              32.21303440830951
            ],
            [
              29.24535396264197,
              32.21276491372428
            ],
            [
              29.245174299585145,
              32.21276491372428
            ],
            [
              29.245174299585145,
              32.21258525066745
            ],
            [
              29.245084468056735,
              32.21258525066745
            ],
            [
              29.245084468056735,
              32.21240558761063
            ],
            [
              29.24499463652832,
              32.21240558761063
            ],
            [
              29.24499463652832,
              32.21231575608222
            ],
            [
              29.24490480499991,
              32.21231575608222
            ],
            [
              29.24490480499991,
              32.212225924553806
            ],
            [
              29.2448149734715,
              32.212225924553806
            ],
            [
              29.2448149734715,
              32.21204626149698
            ],
            [
              29.244725141943086,
              32.21204626149698
            ],
            [
              29.244725141943086,
              32.21186659844016
            ],
            [
              29.244635310414672,
              32.21186659844016
            ],
            [
              29.244635310414672,
              32.21177676691175
            ],
            [
              29.244186152772613,
              32.21177676691175
            ],
            [
              29.244186152772613,
              32.21186659844016
            ],
            [
              29.24400648971579,
              32.21186659844016
            ],
            [
              29.24400648971579,
              32.21195642996857
            ],
            [
              29.244096321244204,
              32.21195642996857
            ],
            [
              29.244096321244204,
              32.21204626149698
            ],
            [
              29.24400648971579,
              32.21204626149698
            ],
            [
              29.24400648971579,
              32.21231575608222
            ],
            [
              29.244096321244204,
              32.21231575608222
            ],
            [
              29.244096321244204,
              32.21240558761063
            ],
            [
              29.24400648971579,
              32.21240558761063
            ],
            [
              29.24400648971579,
              32.21303440830951
            ],
            [
              29.244096321244204,
              32.21303440830951
            ],
            [
              29.244096321244204,
              32.21321407136634
            ],
            [
              29.24400648971579,
              32.21321407136634
            ],
            [
              29.24400648971579,
              32.21330390289475
            ],
            [
              29.244096321244204,
              32.21330390289475
            ],
            [
              29.244096321244204,
              32.213393734423164
            ],
            [
              29.244186152772613,
              32.213393734423164
            ],
            [
              29.244186152772613,
              32.21357339747998
            ],
            [
              29.244275984301026,
              32.21357339747998
            ],
            [
              29.244275984301026,
              32.2136632290084
            ],
            [
              29.24436581582944,
              32.2136632290084
            ],
            [
              29.24436581582944,
              32.21384289206522
            ],
            [
              29.244275984301026,
              32.21384289206522
            ],
            [
              29.244275984301026,
              32.21420221817887
            ],
            [
              29.24400648971579,
              32.21420221817887
            ],
            [
              29.24400648971579,
              32.21429204970728
            ],
            [
              29.243916658187377,
              32.21429204970728
            ],
            [
              29.243916658187377,
              32.21420221817887
            ],
            [
              29.24364716360214,
              32.21420221817887
            ],
            [
              29.24364716360214,
              32.21429204970728
            ],
            [
              29.24355733207373,
              32.21429204970728
            ],
            [
              29.24355733207373,
              32.21420221817887
            ],
            [
              29.243467500545318,
              32.21420221817887
            ],
            [
              29.243467500545318,
              32.21429204970728
            ],
            [
              29.24337766901691,
              32.21429204970728
            ],
            [
              29.24337766901691,
              32.21420221817887
            ],
            [
              29.243287837488495,
              32.21420221817887
            ],
            [
              29.243287837488495,
              32.21429204970728
            ],
            [
              29.243198005960082,
              32.21429204970728
            ],
            [
              29.243198005960082,
              32.21420221817887
            ],
            [
              29.242928511374846,
              32.21420221817887
            ],
            [
              29.242928511374846,
              32.214112386650456
            ],
            [
              29.242748848318023,
              32.214112386650456
            ],
            [
              29.242748848318023,
              32.21402255512204
            ],
            [
              29.242479353732787,
              32.21402255512204
            ],
            [
              29.242479353732787,
              32.213932723593636
            ],
            [
              29.242389522204377,
              32.213932723593636
            ],
            [
              29.242389522204377,
              32.21384289206522
            ],
            [
              29.242299690675964,
              32.21384289206522
            ],
            [
              29.242299690675964,
              32.21375306053681
            ],
            [
              29.24220985914755,
              32.21375306053681
            ],
            [
              29.24220985914755,
              32.21357339747998
            ],
            [
              29.24212002761914,
              32.21357339747998
            ],
            [
              29.24212002761914,
              32.21330390289475
            ],
            [
              29.242030196090727,
              32.21330390289475
            ],
            [
              29.242030196090727,
              32.213124239837924
            ],
            [
              29.241940364562314,
              32.213124239837924
            ],
            [
              29.241940364562314,
              32.212944576781105
            ],
            [
              29.241850533033904,
              32.212944576781105
            ],
            [
              29.241850533033904,
              32.212675082195865
            ],
            [
              29.24176070150549,
              32.212675082195865
            ],
            [
              29.24176070150549,
              32.212495419139046
            ],
            [
              29.241670869977078,
              32.212495419139046
            ],
            [
              29.241670869977078,
              32.21258525066745
            ],
            [
              29.241491206920255,
              32.21258525066745
            ],
            [
              29.241491206920255,
              32.212495419139046
            ],
            [
              29.24158103844867,
              32.212495419139046
            ],
            [
              29.24158103844867,
              32.21240558761063
            ],
            [
              29.241491206920255,
              32.21240558761063
            ],
            [
              29.241491206920255,
              32.21096828315604
            ],
            [
              29.241401375391845,
              32.21096828315604
            ],
            [
              29.241401375391845,
              32.21087845162763
            ],
            [
              29.241491206920255,
              32.21087845162763
            ],
            [
              29.241491206920255,
              32.210788620099216
            ],
            [
              29.24113188080661,
              32.210788620099216
            ],
            [
              29.24113188080661,
              32.2106987885708
            ],
            [
              29.241042049278196,
              32.2106987885708
            ],
            [
              29.241042049278196,
              32.21051912551398
            ],
            [
              29.240952217749783,
              32.21051912551398
            ],
            [
              29.240952217749783,
              32.21042929398557
            ],
            [
              29.240862386221373,
              32.21042929398557
            ],
            [
              29.240862386221373,
              32.21024963092874
            ],
            [
              29.24077255469296,
              32.21024963092874
            ],
            [
              29.24077255469296,
              32.20998013634351
            ],
            [
              29.240682723164547,
              32.20998013634351
            ],
            [
              29.240682723164547,
              32.209800473286684
            ],
            [
              29.240592891636137,
              32.209800473286684
            ],
            [
              29.240592891636137,
              32.20971064175827
            ],
            [
              29.240503060107724,
              32.20971064175827
            ],
            [
              29.240503060107724,
              32.20953097870145
            ],
            [
              29.240413228579314,
              32.20953097870145
            ],
            [
              29.240413228579314,
              32.209351315644625
            ],
            [
              29.2403233970509,
              32.209351315644625
            ],
            [
              29.2403233970509,
              32.2091716525878
            ],
            [
              29.240233565522487,
              32.2091716525878
            ],
            [
              29.240233565522487,
              32.20899198953098
            ],
            [
              29.240143733994078,
              32.20899198953098
            ],
            [
              29.240143733994078,
              32.20881232647415
            ],
            [
              29.240053902465664,
              32.20881232647415
            ],
            [
              29.240053902465664,
              32.208632663417326
            ],
            [
              29.23996407093725,
              32.208632663417326
            ],
            [
              29.23996407093725,
              32.20845300036051
            ],
            [
              29.23987423940884,
              32.20845300036051
            ],
            [
              29.23987423940884,
              32.20827333730368
            ],
            [
              29.23978440788043,
              32.20827333730368
            ],
            [
              29.23978440788043,
              32.208093674246854
            ],
            [
              29.239694576352015,
              32.208093674246854
            ],
            [
              29.239694576352015,
              32.207914011190034
            ],
            [
              29.239604744823605,
              32.207914011190034
            ],
            [
              29.239604744823605,
              32.20773434813321
            ],
            [
              29.239514913295192,
              32.20773434813321
            ],
            [
              29.239514913295192,
              32.20755468507639
            ],
            [
              29.239425081766782,
              32.20755468507639
            ],
            [
              29.239425081766782,
              32.20737502201956
            ],
            [
              29.23933525023837,
              32.20737502201956
            ],
            [
              29.23933525023837,
              32.207195358962736
            ],
            [
              29.239425081766782,
              32.207195358962736
            ],
            [
              29.239425081766782,
              32.207015695905916
            ],
            [
              29.23933525023837,
              32.207015695905916
            ],
            [
              29.23933525023837,
              32.20656653826386
            ],
            [
              29.239245418709956,
              32.20656653826386
            ],
            [
              29.239245418709956,
              32.206476706735444
            ],
            [
              29.239065755653133,
              32.206476706735444
            ],
            [
              29.239065755653133,
              32.20638687520703
            ],
            [
              29.23897592412472,
              32.20638687520703
            ],
            [
              29.23897592412472,
              32.20629704367862
            ],
            [
              29.23888609259631,
              32.20629704367862
            ],
            [
              29.23888609259631,
              32.206207212150204
            ],
            [
              29.238796261067897,
              32.206207212150204
            ],
            [
              29.238796261067897,
              32.20611738062179
            ],
            [
              29.23852676648266,
              32.20611738062179
            ],
            [
              29.23852676648266,
              32.206027549093385
            ],
            [
              29.238347103425838,
              32.206027549093385
            ],
            [
              29.238347103425838,
              32.20593771756497
            ],
            [
              29.2380776088406,
              32.20593771756497
            ],
            [
              29.2380776088406,
              32.206027549093385
            ],
            [
              29.23789794578378,
              32.206027549093385
            ],
            [
              29.23789794578378,
              32.20593771756497
            ],
            [
              29.237808114255365,
              32.20593771756497
            ],
            [
              29.237808114255365,
              32.206027549093385
            ],
            [
              29.23753861967013,
              32.206027549093385
            ],
            [
              29.23753861967013,
              32.20593771756497
            ],
            [
              29.237269125084893,
              32.20593771756497
            ],
            [
              29.237269125084893,
              32.20584788603656
            ],
            [
              29.237179293556483,
              32.20584788603656
            ],
            [
              29.237179293556483,
              32.20566822297973
            ],
            [
              29.23708946202807,
              32.20566822297973
            ],
            [
              29.23708946202807,
              32.205578391451326
            ],
            [
              29.236999630499657,
              32.205578391451326
            ],
            [
              29.236999630499657,
              32.2053987283945
            ],
            [
              29.236909798971247,
              32.2053987283945
            ],
            [
              29.236909798971247,
              32.205308896866086
            ],
            [
              29.236819967442834,
              32.205308896866086
            ],
            [
              29.236819967442834,
              32.20512923380926
            ],
            [
              29.23673013591442,
              32.20512923380926
            ],
            [
              29.23673013591442,
              32.20503940228085
            ],
            [
              29.23664030438601,
              32.20503940228085
            ],
            [
              29.23664030438601,
              32.20485973922403
            ],
            [
              29.236460641329185,
              32.20485973922403
            ],
            [
              29.236460641329185,
              32.20441058158197
            ],
            [
              29.236370809800775,
              32.20441058158197
            ],
            [
              29.236370809800775,
              32.20423091852514
            ],
            [
              29.23628097827236,
              32.20423091852514
            ],
            [
              29.23628097827236,
              32.20396142393991
            ],
            [
              29.236191146743952,
              32.20396142393991
            ],
            [
              29.236191146743952,
              32.20378176088308
            ],
            [
              29.23610131521554,
              32.20378176088308
            ],
            [
              29.23610131521554,
              32.20360209782626
            ],
            [
              29.236191146743952,
              32.20360209782626
            ],
            [
              29.236191146743952,
              32.203422434769436
            ],
            [
              29.236460641329185,
              32.203422434769436
            ],
            [
              29.236460641329185,
              32.20324277171261
            ],
            [
              29.236370809800775,
              32.20324277171261
            ],
            [
              29.236370809800775,
              32.2031529401842
            ],
            [
              29.236460641329185,
              32.2031529401842
            ],
            [
              29.236460641329185,
              32.20297327712738
            ],
            [
              29.236370809800775,
              32.20297327712738
            ],
            [
              29.236370809800775,
              32.20279361407055
            ],
            [
              29.23628097827236,
              32.20279361407055
            ],
            [
              29.23628097827236,
              32.20261395101373
            ],
            [
              29.236191146743952,
              32.20261395101373
            ],
            [
              29.236191146743952,
              32.202434287956905
            ],
            [
              29.23610131521554,
              32.202434287956905
            ],
            [
              29.23610131521554,
              32.202164793371665
            ],
            [
              29.236011483687125,
              32.202164793371665
            ],
            [
              29.236011483687125,
              32.201985130314846
            ],
            [
              29.23610131521554,
              32.201985130314846
            ],
            [
              29.23610131521554,
              32.20189529878643
            ],
            [
              29.236011483687125,
              32.20189529878643
            ],
            [
              29.236011483687125,
              32.201715635729606
            ],
            [
              29.235921652158716,
              32.201715635729606
            ],
            [
              29.235921652158716,
              32.2016258042012
            ],
            [
              29.236011483687125,
              32.2016258042012
            ],
            [
              29.236011483687125,
              32.20153597267279
            ],
            [
              29.235921652158716,
              32.20153597267279
            ],
            [
              29.235921652158716,
              32.20144614114437
            ],
            [
              29.235831820630303,
              32.20144614114437
            ],
            [
              29.235831820630303,
              32.20126647808755
            ],
            [
              29.23574198910189,
              32.20126647808755
            ],
            [
              29.23574198910189,
              32.20108681503073
            ],
            [
              29.23565215757348,
              32.20108681503073
            ],
            [
              29.23565215757348,
              32.2009071519739
            ],
            [
              29.235562326045066,
              32.2009071519739
            ],
            [
              29.235562326045066,
              32.200727488917074
            ],
            [
              29.235382662988243,
              32.200727488917074
            ],
            [
              29.235382662988243,
              32.20045799433184
            ],
            [
              29.23520299993142,
              32.20045799433184
            ],
            [
              29.23520299993142,
              32.200278331275015
            ],
            [
              29.235113168403007,
              32.200278331275015
            ],
            [
              29.235113168403007,
              32.2001884997466
            ],
            [
              29.235023336874594,
              32.2001884997466
            ],
            [
              29.235023336874594,
              32.19991900516137
            ],
            [
              29.234933505346184,
              32.19991900516137
            ],
            [
              29.234933505346184,
              32.19973934210454
            ],
            [
              29.23484367381777,
              32.19973934210454
            ],
            [
              29.23484367381777,
              32.199290184462484
            ],
            [
              29.234753842289358,
              32.199290184462484
            ],
            [
              29.234753842289358,
              32.199110521405665
            ],
            [
              29.234664010760948,
              32.199110521405665
            ],
            [
              29.234664010760948,
              32.198661363763605
            ],
            [
              29.234574179232535,
              32.198661363763605
            ],
            [
              29.234574179232535,
              32.198391869178366
            ],
            [
              29.23448434770412,
              32.198391869178366
            ],
            [
              29.23448434770412,
              32.19776304847948
            ],
            [
              29.234394516175712,
              32.19776304847948
            ],
            [
              29.234394516175712,
              32.197673216951074
            ],
            [
              29.2343046846473,
              32.197673216951074
            ],
            [
              29.2343046846473,
              32.19731389083742
            ],
            [
              29.23421485311889,
              32.19731389083742
            ],
            [
              29.23421485311889,
              32.19722405930901
            ],
            [
              29.234125021590476,
              32.19722405930901
            ],
            [
              29.234125021590476,
              32.19704439625219
            ],
            [
              29.234035190062063,
              32.19704439625219
            ],
            [
              29.234035190062063,
              32.19686473319536
            ],
            [
              29.233945358533653,
              32.19686473319536
            ],
            [
              29.233945358533653,
              32.196505407081716
            ],
            [
              29.23385552700524,
              32.196505407081716
            ],
            [
              29.23385552700524,
              32.19632574402489
            ],
            [
              29.233765695476826,
              32.19632574402489
            ],
            [
              29.233765695476826,
              32.19605624943966
            ],
            [
              29.233675863948417,
              32.19605624943966
            ],
            [
              29.233675863948417,
              32.195517260269185
            ],
            [
              29.233586032420003,
              32.195517260269185
            ],
            [
              29.233586032420003,
              32.19533759721236
            ],
            [
              29.233675863948417,
              32.19533759721236
            ],
            [
              29.233675863948417,
              32.195247765683945
            ],
            [
              29.233586032420003,
              32.195247765683945
            ],
            [
              29.233586032420003,
              32.19497827109871
            ],
            [
              29.233675863948417,
              32.19497827109871
            ],
            [
              29.233675863948417,
              32.19470877651348
            ],
            [
              29.233765695476826,
              32.19470877651348
            ],
            [
              29.233765695476826,
              32.194618944985066
            ],
            [
              29.233675863948417,
              32.194618944985066
            ],
            [
              29.233675863948417,
              32.19452911345665
            ],
            [
              29.233765695476826,
              32.19452911345665
            ],
            [
              29.233765695476826,
              32.19416978734301
            ],
            [
              29.23385552700524,
              32.19416978734301
            ],
            [
              29.23385552700524,
              32.193810461229354
            ],
            [
              29.233945358533653,
              32.193810461229354
            ],
            [
              29.233945358533653,
              32.193630798172535
            ],
            [
              29.23385552700524,
              32.193630798172535
            ],
            [
              29.23385552700524,
              32.19345113511571
            ],
            [
              29.233765695476826,
              32.19345113511571
            ],
            [
              29.233765695476826,
              32.19264265136
            ],
            [
              29.233675863948417,
              32.19264265136
            ],
            [
              29.233675863948417,
              32.192373156774764
            ],
            [
              29.233586032420003,
              32.192373156774764
            ],
            [
              29.233586032420003,
              32.191744336075885
            ],
            [
              29.23349620089159,
              32.191744336075885
            ],
            [
              29.23349620089159,
              32.19165450454747
            ],
            [
              29.233586032420003,
              32.19165450454747
            ],
            [
              29.233586032420003,
              32.191474841490646
            ],
            [
              29.23349620089159,
              32.191474841490646
            ],
            [
              29.23349620089159,
              32.19120534690541
            ],
            [
              29.233586032420003,
              32.19120534690541
            ],
            [
              29.233586032420003,
              32.190037537036055
            ],
            [
              29.23349620089159,
              32.190037537036055
            ],
            [
              29.23349620089159,
              32.18877989563829
            ],
            [
              29.233586032420003,
              32.18877989563829
            ],
            [
              29.233586032420003,
              32.188151074939405
            ],
            [
              29.233675863948417,
              32.188151074939405
            ],
            [
              29.233675863948417,
              32.18806124341099
            ],
            [
              29.233586032420003,
              32.18806124341099
            ],
            [
              29.233586032420003,
              32.187881580354166
            ],
            [
              29.233675863948417,
              32.187881580354166
            ],
            [
              29.233675863948417,
              32.18752225424052
            ],
            [
              29.233765695476826,
              32.18752225424052
            ],
            [
              29.233765695476826,
              32.18743242271211
            ],
            [
              29.233675863948417,
              32.18743242271211
            ],
            [
              29.233675863948417,
              32.18734259118369
            ],
            [
              29.233765695476826,
              32.18734259118369
            ],
            [
              29.233765695476826,
              32.186713770484815
            ],
            [
              29.23385552700524,
              32.186713770484815
            ],
            [
              29.23385552700524,
              32.1866239389564
            ],
            [
              29.233765695476826,
              32.1866239389564
            ],
            [
              29.233765695476826,
              32.18653410742799
            ],
            [
              29.23385552700524,
              32.18653410742799
            ],
            [
              29.23385552700524,
              32.18617478131434
            ],
            [
              29.233945358533653,
              32.18617478131434
            ],
            [
              29.233945358533653,
              32.185995118257516
            ],
            [
              29.234035190062063,
              32.185995118257516
            ],
            [
              29.234035190062063,
              32.1858154552007
            ],
            [
              29.234125021590476,
              32.1858154552007
            ],
            [
              29.234125021590476,
              32.18572562367228
            ],
            [
              29.23421485311889,
              32.18572562367228
            ],
            [
              29.23421485311889,
              32.18554596061546
            ],
            [
              29.234394516175712,
              32.18554596061546
            ],
            [
              29.234394516175712,
              32.185456129087044
            ],
            [
              29.23448434770412,
              32.185456129087044
            ],
            [
              29.23448434770412,
              32.185276466030224
            ],
            [
              29.234574179232535,
              32.185276466030224
            ],
            [
              29.234574179232535,
              32.18518663450181
            ],
            [
              29.234664010760948,
              32.18518663450181
            ],
            [
              29.234664010760948,
              32.185006971444984
            ],
            [
              29.234753842289358,
              32.185006971444984
            ],
            [
              29.234753842289358,
              32.18491713991657
            ],
            [
              29.23484367381777,
              32.18491713991657
            ],
            [
              29.23484367381777,
              32.18473747685975
            ],
            [
              29.234933505346184,
              32.18473747685975
            ],
            [
              29.234933505346184,
              32.1843781507461
            ],
            [
              29.235023336874594,
              32.1843781507461
            ],
            [
              29.235023336874594,
              32.18428831921769
            ],
            [
              29.234933505346184,
              32.18428831921769
            ],
            [
              29.234933505346184,
              32.18321034087675
            ],
            [
              29.23484367381777,
              32.18321034087675
            ],
            [
              29.23484367381777,
              32.183120509348335
            ],
            [
              29.234933505346184,
              32.183120509348335
            ],
            [
              29.234933505346184,
              32.182671351706276
            ],
            [
              29.23484367381777,
              32.182671351706276
            ],
            [
              29.23484367381777,
              32.18222219406422
            ],
            [
              29.234933505346184,
              32.18222219406422
            ],
            [
              29.234933505346184,
              32.18150354183692
            ],
            [
              29.235023336874594,
              32.18150354183692
            ],
            [
              29.235023336874594,
              32.181413710308505
            ],
            [
              29.234933505346184,
              32.181413710308505
            ],
            [
              29.234933505346184,
              32.18042556349597
            ],
            [
              29.235023336874594,
              32.18042556349597
            ],
            [
              29.235023336874594,
              32.180245900439154
            ],
            [
              29.23520299993142,
              32.180245900439154
            ],
            [
              29.23520299993142,
              32.18015606891074
            ],
            [
              29.23565215757348,
              32.18015606891074
            ],
            [
              29.23565215757348,
              32.18006623738233
            ],
            [
              29.235831820630303,
              32.18006623738233
            ],
            [
              29.235831820630303,
              32.179976405853914
            ],
            [
              29.236011483687125,
              32.179976405853914
            ],
            [
              29.236011483687125,
              32.1798865743255
            ],
            [
              29.23610131521554,
              32.1798865743255
            ],
            [
              29.23610131521554,
              32.17970691126868
            ],
            [
              29.236191146743952,
              32.17970691126868
            ],
            [
              29.236191146743952,
              32.17961707974027
            ],
            [
              29.23628097827236,
              32.17961707974027
            ],
            [
              29.23628097827236,
              32.17898825904138
            ],
            [
              29.236191146743952,
              32.17898825904138
            ],
            [
              29.236191146743952,
              32.17853910139932
            ],
            [
              29.23610131521554,
              32.17853910139932
            ],
            [
              29.23610131521554,
              32.178089943757264
            ],
            [
              29.236011483687125,
              32.178089943757264
            ],
            [
              29.236011483687125,
              32.17800011222885
            ],
            [
              29.23610131521554,
              32.17800011222885
            ],
            [
              29.23610131521554,
              32.17791028070044
            ],
            [
              29.236011483687125,
              32.17791028070044
            ],
            [
              29.236011483687125,
              32.17782044917203
            ],
            [
              29.235921652158716,
              32.17782044917203
            ],
            [
              29.235921652158716,
              32.17755095458679
            ],
            [
              29.235831820630303,
              32.17755095458679
            ],
            [
              29.235831820630303,
              32.17746112305838
            ],
            [
              29.235921652158716,
              32.17746112305838
            ],
            [
              29.235921652158716,
              32.17737129152997
            ],
            [
              29.235831820630303,
              32.17737129152997
            ],
            [
              29.235831820630303,
              32.177191628473146
            ],
            [
              29.23574198910189,
              32.177191628473146
            ],
            [
              29.23574198910189,
              32.17638314471744
            ],
            [
              29.23565215757348,
              32.17638314471744
            ],
            [
              29.23565215757348,
              32.1761136501322
            ],
            [
              29.235562326045066,
              32.1761136501322
            ],
            [
              29.235562326045066,
              32.175933987075375
            ],
            [
              29.23565215757348,
              32.175933987075375
            ],
            [
              29.23565215757348,
              32.17584415554697
            ],
            [
              29.235562326045066,
              32.17584415554697
            ],
            [
              29.235562326045066,
              32.17557466096173
            ],
            [
              29.235472494516653,
              32.17557466096173
            ],
            [
              29.235472494516653,
              32.175484829433316
            ],
            [
              29.235562326045066,
              32.175484829433316
            ],
            [
              29.235562326045066,
              32.17521533484808
            ],
            [
              29.235472494516653,
              32.17521533484808
            ],
            [
              29.235472494516653,
              32.17494584026284
            ],
            [
              29.235562326045066,
              32.17494584026284
            ],
            [
              29.235562326045066,
              32.17485600873444
            ],
            [
              29.235472494516653,
              32.17485600873444
            ],
            [
              29.235472494516653,
              32.174766177206024
            ],
            [
              29.235562326045066,
              32.174766177206024
            ],
            [
              29.235562326045066,
              32.1745865141492
            ],
            [
              29.23565215757348,
              32.1745865141492
            ],
            [
              29.23565215757348,
              32.17440685109238
            ],
            [
              29.23574198910189,
              32.17440685109238
            ],
            [
              29.23574198910189,
              32.174047524978725
            ],
            [
              29.235831820630303,
              32.174047524978725
            ],
            [
              29.235831820630303,
              32.17395769345031
            ],
            [
              29.23574198910189,
              32.17395769345031
            ],
            [
              29.23574198910189,
              32.17350853580825
            ],
            [
              29.23565215757348,
              32.17350853580825
            ],
            [
              29.23565215757348,
              32.17332887275143
            ],
            [
              29.235562326045066,
              32.17332887275143
            ],
            [
              29.235562326045066,
              32.173059378166194
            ],
            [
              29.235472494516653,
              32.173059378166194
            ],
            [
              29.235472494516653,
              32.172879715109374
            ],
            [
              29.23529283145983,
              32.172879715109374
            ],
            [
              29.23529283145983,
              32.17278988358096
            ],
            [
              29.23520299993142,
              32.17278988358096
            ],
            [
              29.23520299993142,
              32.172879715109374
            ],
            [
              29.235113168403007,
              32.172879715109374
            ],
            [
              29.235113168403007,
              32.17278988358096
            ],
            [
              29.234933505346184,
              32.17278988358096
            ],
            [
              29.234933505346184,
              32.17270005205255
            ],
            [
              29.234753842289358,
              32.17270005205255
            ],
            [
              29.234753842289358,
              32.172610220524135
            ],
            [
              29.234574179232535,
              32.172610220524135
            ],
            [
              29.234574179232535,
              32.17252038899572
            ],
            [
              29.234394516175712,
              32.17252038899572
            ],
            [
              29.234394516175712,
              32.172430557467315
            ],
            [
              29.2343046846473,
              32.172430557467315
            ],
            [
              29.2343046846473,
              32.17207123135366
            ],
            [
              29.23421485311889,
              32.17207123135366
            ],
            [
              29.23421485311889,
              32.17198139982525
            ],
            [
              29.234125021590476,
              32.17198139982525
            ],
            [
              29.234125021590476,
              32.17180173676843
            ],
            [
              29.234035190062063,
              32.17180173676843
            ],
            [
              29.234035190062063,
              32.17153224218319
            ],
            [
              29.233945358533653,
              32.17153224218319
            ],
            [
              29.233945358533653,
              32.17135257912637
            ],
            [
              29.23385552700524,
              32.17135257912637
            ],
            [
              29.23385552700524,
              32.171172916069544
            ],
            [
              29.233765695476826,
              32.171172916069544
            ],
            [
              29.233765695476826,
              32.17108308454113
            ],
            [
              29.233675863948417,
              32.17108308454113
            ],
            [
              29.233675863948417,
              32.17090342148431
            ],
            [
              29.233586032420003,
              32.17090342148431
            ],
            [
              29.233586032420003,
              32.17063392689907
            ],
            [
              29.23349620089159,
              32.17063392689907
            ],
            [
              29.23349620089159,
              32.17045426384225
            ],
            [
              29.23340636936318,
              32.17045426384225
            ],
            [
              29.23340636936318,
              32.16991527467178
            ],
            [
              29.23349620089159,
              32.16991527467178
            ],
            [
              29.23349620089159,
              32.16964578008654
            ],
            [
              29.23340636936318,
              32.16964578008654
            ],
            [
              29.23340636936318,
              32.16946611702972
            ],
            [
              29.233316537834767,
              32.16946611702972
            ],
            [
              29.233316537834767,
              32.169286453972894
            ],
            [
              29.233226706306358,
              32.169286453972894
            ],
            [
              29.233226706306358,
              32.16910679091607
            ],
            [
              29.233136874777944,
              32.16910679091607
            ],
            [
              29.233136874777944,
              32.16892712785925
            ],
            [
              29.23295721172112,
              32.16892712785925
            ],
            [
              29.23295721172112,
              32.16874746480242
            ],
            [
              29.232867380192708,
              32.16874746480242
            ],
            [
              29.232867380192708,
              32.168567801745596
            ],
            [
              29.232777548664295,
              32.168567801745596
            ],
            [
              29.232777548664295,
              32.16847797021719
            ],
            [
              29.232687717135885,
              32.16847797021719
            ],
            [
              29.232687717135885,
              32.168388138688776
            ],
            [
              29.232597885607472,
              32.168388138688776
            ],
            [
              29.232597885607472,
              32.16829830716036
            ],
            [
              29.23250805407906,
              32.16829830716036
            ],
            [
              29.23250805407906,
              32.16811864410354
            ],
            [
              29.23241822255065,
              32.16811864410354
            ],
            [
              29.23241822255065,
              32.16793898104672
            ],
            [
              29.232328391022236,
              32.16793898104672
            ],
            [
              29.232328391022236,
              32.167849149518304
            ],
            [
              29.23241822255065,
              32.167849149518304
            ],
            [
              29.23241822255065,
              32.16775931798989
            ],
            [
              29.232328391022236,
              32.16775931798989
            ],
            [
              29.232328391022236,
              32.167130497291005
            ],
            [
              29.23241822255065,
              32.167130497291005
            ],
            [
              29.23241822255065,
              32.16686100270577
            ],
            [
              29.23250805407906,
              32.16686100270577
            ],
            [
              29.23250805407906,
              32.166681339648946
            ],
            [
              29.232597885607472,
              32.166681339648946
            ],
            [
              29.232597885607472,
              32.16650167659213
            ],
            [
              29.232687717135885,
              32.16650167659213
            ],
            [
              29.232687717135885,
              32.16587285589324
            ],
            [
              29.232597885607472,
              32.16587285589324
            ],
            [
              29.232597885607472,
              32.165603361308
            ],
            [
              29.23250805407906,
              32.165603361308
            ],
            [
              29.23250805407906,
              32.165513529779595
            ],
            [
              29.23241822255065,
              32.165513529779595
            ],
            [
              29.23241822255065,
              32.16533386672277
            ],
            [
              29.232328391022236,
              32.16533386672277
            ],
            [
              29.232328391022236,
              32.16515420366594
            ],
            [
              29.232238559493826,
              32.16515420366594
            ],
            [
              29.232238559493826,
              32.16506437213753
            ],
            [
              29.232148727965413,
              32.16506437213753
            ],
            [
              29.232148727965413,
              32.16488470908071
            ],
            [
              29.232058896437,
              32.16488470908071
            ],
            [
              29.232058896437,
              32.16461521449547
            ],
            [
              29.23196906490859,
              32.16461521449547
            ],
            [
              29.23196906490859,
              32.164076225325
            ],
            [
              29.231879233380177,
              32.164076225325
            ],
            [
              29.231879233380177,
              32.16398639379659
            ],
            [
              29.23196906490859,
              32.16398639379659
            ],
            [
              29.23196906490859,
              32.163806730739765
            ],
            [
              29.232058896437,
              32.163806730739765
            ],
            [
              29.232058896437,
              32.16362706768294
            ],
            [
              29.232148727965413,
              32.16362706768294
            ],
            [
              29.232148727965413,
              32.16326774156929
            ],
            [
              29.232238559493826,
              32.16326774156929
            ],
            [
              29.232238559493826,
              32.163088078512466
            ],
            [
              29.232328391022236,
              32.163088078512466
            ],
            [
              29.232328391022236,
              32.16281858392723
            ],
            [
              29.23241822255065,
              32.16281858392723
            ],
            [
              29.23241822255065,
              32.162549089342
            ],
            [
              29.23250805407906,
              32.162549089342
            ],
            [
              29.23250805407906,
              32.16218976322835
            ],
            [
              29.232597885607472,
              32.16218976322835
            ],
            [
              29.232597885607472,
              32.16201010017153
            ],
            [
              29.232687717135885,
              32.16201010017153
            ],
            [
              29.232687717135885,
              32.161920268643115
            ],
            [
              29.232597885607472,
              32.161920268643115
            ],
            [
              29.232597885607472,
              32.1618304371147
            ],
            [
              29.232687717135885,
              32.1618304371147
            ],
            [
              29.232687717135885,
              32.16156094252947
            ],
            [
              29.232777548664295,
              32.16156094252947
            ],
            [
              29.232777548664295,
              32.161471111001056
            ],
            [
              29.232687717135885,
              32.161471111001056
            ],
            [
              29.232687717135885,
              32.16138127947264
            ],
            [
              29.232777548664295,
              32.16138127947264
            ],
            [
              29.232777548664295,
              32.160662627245344
            ],
            [
              29.232867380192708,
              32.160662627245344
            ],
            [
              29.232867380192708,
              32.16057279571694
            ],
            [
              29.232777548664295,
              32.16057279571694
            ],
            [
              29.232777548664295,
              32.160033806546465
            ],
            [
              29.232867380192708,
              32.160033806546465
            ],
            [
              29.232867380192708,
              32.15985414348964
            ],
            [
              29.232777548664295,
              32.15985414348964
            ],
            [
              29.232777548664295,
              32.15886599667711
            ],
            [
              29.232867380192708,
              32.15886599667711
            ],
            [
              29.232867380192708,
              32.15841683903505
            ],
            [
              29.23295721172112,
              32.15841683903505
            ],
            [
              29.23295721172112,
              32.15778801833616
            ],
            [
              29.232867380192708,
              32.15778801833616
            ],
            [
              29.232867380192708,
              32.15769818680775
            ],
            [
              29.23295721172112,
              32.15769818680775
            ],
            [
              29.23295721172112,
              32.15751852375093
            ],
            [
              29.23304704324953,
              32.15751852375093
            ],
            [
              29.23304704324953,
              32.15742869222252
            ],
            [
              29.232867380192708,
              32.15742869222252
            ],
            [
              29.232867380192708,
              32.15724902916569
            ],
            [
              29.232777548664295,
              32.15724902916569
            ],
            [
              29.232777548664295,
              32.15715919763728
            ],
            [
              29.232867380192708,
              32.15715919763728
            ],
            [
              29.232867380192708,
              32.15697953458046
            ],
            [
              29.232777548664295,
              32.15697953458046
            ],
            [
              29.232777548664295,
              32.15635071388157
            ],
            [
              29.232867380192708,
              32.15635071388157
            ],
            [
              29.232867380192708,
              32.15554223012587
            ],
            [
              29.23295721172112,
              32.15554223012587
            ],
            [
              29.23295721172112,
              32.155452398597454
            ],
            [
              29.23304704324953,
              32.155452398597454
            ],
            [
              29.23304704324953,
              32.15527273554063
            ],
            [
              29.23295721172112,
              32.15527273554063
            ],
            [
              29.23295721172112,
              32.155182904012214
            ],
            [
              29.23304704324953,
              32.155182904012214
            ],
            [
              29.23304704324953,
              32.15509307248381
            ],
            [
              29.23295721172112,
              32.15509307248381
            ],
            [
              29.23295721172112,
              32.154554083313336
            ],
            [
              29.232867380192708,
              32.154554083313336
            ],
            [
              29.232867380192708,
              32.15437442025651
            ],
            [
              29.232777548664295,
              32.15437442025651
            ],
            [
              29.232777548664295,
              32.15419475719968
            ],
            [
              29.232687717135885,
              32.15419475719968
            ],
            [
              29.232687717135885,
              32.15401509414286
            ],
            [
              29.232597885607472,
              32.15401509414286
            ],
            [
              29.232597885607472,
              32.15392526261445
            ],
            [
              29.23250805407906,
              32.15392526261445
            ],
            [
              29.23250805407906,
              32.153745599557624
            ],
            [
              29.23241822255065,
              32.153745599557624
            ],
            [
              29.23241822255065,
              32.153565936500804
            ],
            [
              29.232328391022236,
              32.153565936500804
            ],
            [
              29.232328391022236,
              32.15320661038715
            ],
            [
              29.232238559493826,
              32.15320661038715
            ],
            [
              29.232238559493826,
              32.15302694733033
            ],
            [
              29.232328391022236,
              32.15302694733033
            ],
            [
              29.232328391022236,
              32.15194896898939
            ],
            [
              29.23241822255065,
              32.15194896898939
            ],
            [
              29.23241822255065,
              32.151859137460974
            ],
            [
              29.232328391022236,
              32.151859137460974
            ],
            [
              29.232328391022236,
              32.151679474404155
            ],
            [
              29.23241822255065,
              32.151679474404155
            ],
            [
              29.23241822255065,
              32.15176930593256
            ],
            [
              29.23250805407906,
              32.15176930593256
            ],
            [
              29.23250805407906,
              32.15149981134733
            ],
            [
              29.232597885607472,
              32.15149981134733
            ],
            [
              29.232597885607472,
              32.1513201482905
            ],
            [
              29.232687717135885,
              32.1513201482905
            ],
            [
              29.232687717135885,
              32.15123031676209
            ],
            [
              29.232777548664295,
              32.15123031676209
            ],
            [
              29.232777548664295,
              32.15105065370527
            ],
            [
              29.232867380192708,
              32.15105065370527
            ],
            [
              29.232867380192708,
              32.15078115912003
            ],
            [
              29.23295721172112,
              32.15078115912003
            ],
            [
              29.23295721172112,
              32.1505116645348
            ],
            [
              29.23304704324953,
              32.1505116645348
            ],
            [
              29.23304704324953,
              32.15024216994956
            ],
            [
              29.23295721172112,
              32.15024216994956
            ],
            [
              29.23295721172112,
              32.15015233842115
            ],
            [
              29.23304704324953,
              32.15015233842115
            ],
            [
              29.23304704324953,
              32.14916419160862
            ],
            [
              29.23295721172112,
              32.14916419160862
            ],
            [
              29.23295721172112,
              32.149074360080206
            ],
            [
              29.23304704324953,
              32.149074360080206
            ],
            [
              29.23304704324953,
              32.14889469702338
            ],
            [
              29.23295721172112,
              32.14889469702338
            ],
            [
              29.23295721172112,
              32.14871503396655
            ],
            [
              29.23304704324953,
              32.14871503396655
            ],
            [
              29.23304704324953,
              32.14862520243815
            ],
            [
              29.23295721172112,
              32.14862520243815
            ],
            [
              29.23295721172112,
              32.14835570785291
            ],
            [
              29.23304704324953,
              32.14835570785291
            ],
            [
              29.23304704324953,
              32.14817604479609
            ],
            [
              29.23295721172112,
              32.14817604479609
            ],
            [
              29.23295721172112,
              32.14772688715402
            ],
            [
              29.232867380192708,
              32.14772688715402
            ],
            [
              29.232867380192708,
              32.147637055625616
            ],
            [
              29.23295721172112,
              32.147637055625616
            ],
            [
              29.23295721172112,
              32.147367561040376
            ],
            [
              29.232867380192708,
              32.147367561040376
            ],
            [
              29.232867380192708,
              32.14727772951196
            ],
            [
              29.23295721172112,
              32.14727772951196
            ],
            [
              29.23295721172112,
              32.14700823492673
            ],
            [
              29.232867380192708,
              32.14700823492673
            ],
            [
              29.232867380192708,
              32.14691840339832
            ],
            [
              29.23250805407906,
              32.14691840339832
            ],
            [
              29.23250805407906,
              32.146828571869904
            ],
            [
              29.23241822255065,
              32.146828571869904
            ],
            [
              29.23241822255065,
              32.14673874034149
            ],
            [
              29.232238559493826,
              32.14673874034149
            ],
            [
              29.232238559493826,
              32.146648908813084
            ],
            [
              29.232148727965413,
              32.146648908813084
            ],
            [
              29.232148727965413,
              32.14655907728467
            ],
            [
              29.232058896437,
              32.14655907728467
            ],
            [
              29.232058896437,
              32.146379414227845
            ],
            [
              29.23196906490859,
              32.146379414227845
            ],
            [
              29.23196906490859,
              32.14575059352896
            ],
            [
              29.231879233380177,
              32.14575059352896
            ],
            [
              29.231879233380177,
              32.14557093047214
            ],
            [
              29.23196906490859,
              32.14557093047214
            ],
            [
              29.23196906490859,
              32.145481098943726
            ],
            [
              29.231879233380177,
              32.145481098943726
            ],
            [
              29.231879233380177,
              32.145211604358494
            ],
            [
              29.23196906490859,
              32.145211604358494
            ],
            [
              29.23196906490859,
              32.14503194130167
            ],
            [
              29.231879233380177,
              32.14503194130167
            ],
            [
              29.231879233380177,
              32.14485227824484
            ],
            [
              29.23196906490859,
              32.14485227824484
            ],
            [
              29.23196906490859,
              32.14467261518802
            ],
            [
              29.231879233380177,
              32.14467261518802
            ],
            [
              29.231879233380177,
              32.14413362601755
            ],
            [
              29.231789401851763,
              32.14413362601755
            ],
            [
              29.231789401851763,
              32.14368446837549
            ],
            [
              29.231699570323354,
              32.14368446837549
            ],
            [
              29.231699570323354,
              32.14350480531866
            ],
            [
              29.23160973879494,
              32.14350480531866
            ],
            [
              29.23160973879494,
              32.14341497379025
            ],
            [
              29.231699570323354,
              32.14341497379025
            ],
            [
              29.231699570323354,
              32.14314547920502
            ],
            [
              29.23160973879494,
              32.14314547920502
            ],
            [
              29.23160973879494,
              32.14269632156296
            ],
            [
              29.231789401851763,
              32.14269632156296
            ],
            [
              29.231789401851763,
              32.142606490034545
            ],
            [
              29.231699570323354,
              32.142606490034545
            ],
            [
              29.231699570323354,
              32.14242682697772
            ],
            [
              29.231789401851763,
              32.14242682697772
            ],
            [
              29.231789401851763,
              32.1422471639209
            ],
            [
              29.23196906490859,
              32.1422471639209
            ],
            [
              29.23196906490859,
              32.142157332392486
            ],
            [
              29.232058896437,
              32.142157332392486
            ],
            [
              29.232058896437,
              32.14206750086407
            ],
            [
              29.232148727965413,
              32.14206750086407
            ],
            [
              29.232148727965413,
              32.14179800627883
            ],
            [
              29.232238559493826,
              32.14179800627883
            ],
            [
              29.232238559493826,
              32.14170817475043
            ],
            [
              29.232328391022236,
              32.14170817475043
            ],
            [
              29.232328391022236,
              32.1415285116936
            ],
            [
              29.23241822255065,
              32.1415285116936
            ],
            [
              29.23241822255065,
              32.141348848636774
            ],
            [
              29.232687717135885,
              32.141348848636774
            ],
            [
              29.232687717135885,
              32.141169185579955
            ],
            [
              29.232777548664295,
              32.141169185579955
            ],
            [
              29.232777548664295,
              32.14107935405154
            ],
            [
              29.233226706306358,
              32.14107935405154
            ],
            [
              29.233226706306358,
              32.141169185579955
            ],
            [
              29.23349620089159,
              32.141169185579955
            ],
            [
              29.23349620089159,
              32.14125901710837
            ],
            [
              29.233586032420003,
              32.14125901710837
            ],
            [
              29.233586032420003,
              32.1415285116936
            ],
            [
              29.233675863948417,
              32.1415285116936
            ],
            [
              29.233675863948417,
              32.14170817475043
            ],
            [
              29.233765695476826,
              32.14170817475043
            ],
            [
              29.233765695476826,
              32.14179800627883
            ],
            [
              29.233675863948417,
              32.14179800627883
            ],
            [
              29.233675863948417,
              32.14206750086407
            ],
            [
              29.233586032420003,
              32.14206750086407
            ],
            [
              29.233586032420003,
              32.1422471639209
            ],
            [
              29.233675863948417,
              32.1422471639209
            ],
            [
              29.233675863948417,
              32.142336995449305
            ],
            [
              29.233586032420003,
              32.142336995449305
            ],
            [
              29.233586032420003,
              32.14269632156296
            ],
            [
              29.23349620089159,
              32.14269632156296
            ],
            [
              29.23349620089159,
              32.142786153091365
            ],
            [
              29.23340636936318,
              32.142786153091365
            ],
            [
              29.23340636936318,
              32.14287598461978
            ],
            [
              29.23349620089159,
              32.14287598461978
            ],
            [
              29.23349620089159,
              32.143055647676604
            ],
            [
              29.23340636936318,
              32.143055647676604
            ],
            [
              29.23340636936318,
              32.14323531073343
            ],
            [
              29.233316537834767,
              32.14323531073343
            ],
            [
              29.233316537834767,
              32.14332514226184
            ],
            [
              29.23340636936318,
              32.14332514226184
            ],
            [
              29.23340636936318,
              32.14341497379025
            ],
            [
              29.233316537834767,
              32.14341497379025
            ],
            [
              29.233316537834767,
              32.14350480531866
            ],
            [
              29.23340636936318,
              32.14350480531866
            ],
            [
              29.23340636936318,
              32.14359463684708
            ],
            [
              29.233316537834767,
              32.14359463684708
            ],
            [
              29.233316537834767,
              32.143774299903896
            ],
            [
              29.233226706306358,
              32.143774299903896
            ],
            [
              29.233226706306358,
              32.14413362601755
            ],
            [
              29.233136874777944,
              32.14413362601755
            ],
            [
              29.233136874777944,
              32.144492952131195
            ],
            [
              29.23304704324953,
              32.144492952131195
            ],
            [
              29.23304704324953,
              32.14467261518802
            ],
            [
              29.233136874777944,
              32.14467261518802
            ],
            [
              29.233136874777944,
              32.144942109773254
            ],
            [
              29.233226706306358,
              32.144942109773254
            ],
            [
              29.233226706306358,
              32.14503194130167
            ],
            [
              29.233136874777944,
              32.14503194130167
            ],
            [
              29.233136874777944,
              32.14512177283008
            ],
            [
              29.233226706306358,
              32.14512177283008
            ],
            [
              29.233226706306358,
              32.145481098943726
            ],
            [
              29.233316537834767,
              32.145481098943726
            ],
            [
              29.233316537834767,
              32.14557093047214
            ],
            [
              29.233226706306358,
              32.14557093047214
            ],
            [
              29.233226706306358,
              32.14584042505737
            ],
            [
              29.23340636936318,
              32.14584042505737
            ],
            [
              29.23340636936318,
              32.145930256585785
            ],
            [
              29.23349620089159,
              32.145930256585785
            ],
            [
              29.23349620089159,
              32.1460200881142
            ],
            [
              29.233675863948417,
              32.1460200881142
            ],
            [
              29.233675863948417,
              32.145930256585785
            ],
            [
              29.233765695476826,
              32.145930256585785
            ],
            [
              29.233765695476826,
              32.14584042505737
            ],
            [
              29.23385552700524,
              32.14584042505737
            ],
            [
              29.23385552700524,
              32.14566076200055
            ],
            [
              29.233945358533653,
              32.14566076200055
            ],
            [
              29.233945358533653,
              32.14557093047214
            ],
            [
              29.234035190062063,
              32.14557093047214
            ],
            [
              29.234035190062063,
              32.1453014358869
            ],
            [
              29.234125021590476,
              32.1453014358869
            ],
            [
              29.234125021590476,
              32.145211604358494
            ],
            [
              29.2343046846473,
              32.145211604358494
            ],
            [
              29.2343046846473,
              32.14503194130167
            ],
            [
              29.234394516175712,
              32.14503194130167
            ],
            [
              29.234394516175712,
              32.14485227824484
            ],
            [
              29.23448434770412,
              32.14485227824484
            ],
            [
              29.23448434770412,
              32.14476244671643
            ],
            [
              29.234574179232535,
              32.14476244671643
            ],
            [
              29.234574179232535,
              32.144492952131195
            ],
            [
              29.234664010760948,
              32.144492952131195
            ],
            [
              29.234664010760948,
              32.14386413143231
            ],
            [
              29.234753842289358,
              32.14386413143231
            ],
            [
              29.234753842289358,
              32.143774299903896
            ],
            [
              29.234664010760948,
              32.143774299903896
            ],
            [
              29.234664010760948,
              32.14368446837549
            ],
            [
              29.234753842289358,
              32.14368446837549
            ],
            [
              29.234753842289358,
              32.14332514226184
            ],
            [
              29.23484367381777,
              32.14332514226184
            ],
            [
              29.23484367381777,
              32.14314547920502
            ],
            [
              29.234933505346184,
              32.14314547920502
            ],
            [
              29.234933505346184,
              32.143055647676604
            ],
            [
              29.235023336874594,
              32.143055647676604
            ],
            [
              29.235023336874594,
              32.14269632156296
            ],
            [
              29.235113168403007,
              32.14269632156296
            ],
            [
              29.235113168403007,
              32.142606490034545
            ],
            [
              29.23520299993142,
              32.142606490034545
            ],
            [
              29.23520299993142,
              32.1422471639209
            ],
            [
              29.23529283145983,
              32.1422471639209
            ],
            [
              29.23529283145983,
              32.14206750086407
            ],
            [
              29.235382662988243,
              32.14206750086407
            ],
            [
              29.235382662988243,
              32.14179800627883
            ],
            [
              29.23529283145983,
              32.14179800627883
            ],
            [
              29.23529283145983,
              32.14170817475043
            ],
            [
              29.235382662988243,
              32.14170817475043
            ],
            [
              29.235382662988243,
              32.14143868016519
            ],
            [
              29.235472494516653,
              32.14143868016519
            ],
            [
              29.235472494516653,
              32.141169185579955
            ],
            [
              29.235382662988243,
              32.141169185579955
            ],
            [
              29.235382662988243,
              32.14107935405154
            ],
            [
              29.235472494516653,
              32.14107935405154
            ],
            [
              29.235472494516653,
              32.1408098594663
            ],
            [
              29.235562326045066,
              32.1408098594663
            ],
            [
              29.235562326045066,
              32.140450533352656
            ],
            [
              29.23565215757348,
              32.140450533352656
            ],
            [
              29.23565215757348,
              32.140270870295836
            ],
            [
              29.23574198910189,
              32.140270870295836
            ],
            [
              29.23574198910189,
              32.1400013757106
            ],
            [
              29.235831820630303,
              32.1400013757106
            ],
            [
              29.235831820630303,
              32.13982171265377
            ],
            [
              29.235921652158716,
              32.13982171265377
            ],
            [
              29.235921652158716,
              32.139462386540124
            ],
            [
              29.236011483687125,
              32.139462386540124
            ],
            [
              29.236011483687125,
              32.13919289195489
            ],
            [
              29.23610131521554,
              32.13919289195489
            ],
            [
              29.23610131521554,
              32.139013228898065
            ],
            [
              29.236191146743952,
              32.139013228898065
            ],
            [
              29.236191146743952,
              32.13883356584124
            ],
            [
              29.23628097827236,
              32.13883356584124
            ],
            [
              29.23628097827236,
              32.13865390278442
            ],
            [
              29.236370809800775,
              32.13865390278442
            ],
            [
              29.236370809800775,
              32.138564071256006
            ],
            [
              29.236550472857598,
              32.138564071256006
            ],
            [
              29.236550472857598,
              32.13847423972759
            ],
            [
              29.23664030438601,
              32.13847423972759
            ],
            [
              29.23664030438601,
              32.13838440819918
            ],
            [
              29.236819967442834,
              32.13838440819918
            ],
            [
              29.236819967442834,
              32.13820474514236
            ],
            [
              29.236909798971247,
              32.13820474514236
            ],
            [
              29.236909798971247,
              32.13811491361395
            ],
            [
              29.236999630499657,
              32.13811491361395
            ],
            [
              29.236999630499657,
              32.138025082085534
            ],
            [
              29.237179293556483,
              32.138025082085534
            ],
            [
              29.237179293556483,
              32.13784541902871
            ],
            [
              29.237269125084893,
              32.13784541902871
            ],
            [
              29.237269125084893,
              32.13766575597189
            ],
            [
              29.237358956613306,
              32.13766575597189
            ],
            [
              29.237358956613306,
              32.137575924443475
            ],
            [
              29.237448788141716,
              32.137575924443475
            ],
            [
              29.237448788141716,
              32.13739626138665
            ],
            [
              29.23753861967013,
              32.13739626138665
            ],
            [
              29.23753861967013,
              32.13721659832983
            ],
            [
              29.237718282726952,
              32.13721659832983
            ],
            [
              29.237718282726952,
              32.137126766801416
            ],
            [
              29.237808114255365,
              32.137126766801416
            ],
            [
              29.237808114255365,
              32.137036935273
            ],
            [
              29.23789794578378,
              32.137036935273
            ],
            [
              29.23789794578378,
              32.136857272216176
            ],
            [
              29.2380776088406,
              32.136857272216176
            ],
            [
              29.2380776088406,
              32.13658777763094
            ],
            [
              29.238257271897425,
              32.13658777763094
            ],
            [
              29.238257271897425,
              32.13640811457412
            ],
            [
              29.238347103425838,
              32.13640811457412
            ],
            [
              29.238347103425838,
              32.13595895693206
            ],
            [
              29.238436934954247,
              32.13595895693206
            ],
            [
              29.238436934954247,
              32.135689462346825
            ],
            [
              29.23852676648266,
              32.135689462346825
            ],
            [
              29.23852676648266,
              32.13559963081841
            ],
            [
              29.238436934954247,
              32.13559963081841
            ],
            [
              29.238436934954247,
              32.13550979929
            ],
            [
              29.23852676648266,
              32.13550979929
            ],
            [
              29.23852676648266,
              32.13506064164794
            ],
            [
              29.238436934954247,
              32.13506064164794
            ],
            [
              29.238436934954247,
              32.13461148400588
            ],
            [
              29.238347103425838,
              32.13461148400588
            ],
            [
              29.238347103425838,
              32.13416232636382
            ],
            [
              29.238436934954247,
              32.13416232636382
            ],
            [
              29.238436934954247,
              32.13389283177858
            ],
            [
              29.23852676648266,
              32.13389283177858
            ],
            [
              29.23852676648266,
              32.13371316872176
            ],
            [
              29.238616598011074,
              32.13371316872176
            ],
            [
              29.238616598011074,
              32.1332640110797
            ],
            [
              29.238706429539484,
              32.1332640110797
            ],
            [
              29.238706429539484,
              32.13308434802288
            ],
            [
              29.238796261067897,
              32.13308434802288
            ],
            [
              29.238796261067897,
              32.13263519038082
            ],
            [
              29.23888609259631,
              32.13263519038082
            ],
            [
              29.23888609259631,
              32.13245552732399
            ],
            [
              29.238796261067897,
              32.13245552732399
            ],
            [
              29.238796261067897,
              32.132365695795585
            ],
            [
              29.23888609259631,
              32.132365695795585
            ],
            [
              29.23888609259631,
              32.13227586426717
            ],
            [
              29.238796261067897,
              32.13227586426717
            ],
            [
              29.238796261067897,
              32.13200636968193
            ],
            [
              29.238706429539484,
              32.13200636968193
            ],
            [
              29.238706429539484,
              32.13191653815352
            ],
            [
              29.238616598011074,
              32.13191653815352
            ],
            [
              29.238616598011074,
              32.13146738051146
            ],
            [
              29.23852676648266,
              32.13146738051146
            ],
            [
              29.23852676648266,
              32.13119788592623
            ],
            [
              29.238616598011074,
              32.13119788592623
            ],
            [
              29.238616598011074,
              32.131108054397814
            ],
            [
              29.23852676648266,
              32.131108054397814
            ],
            [
              29.23852676648266,
              32.1310182228694
            ],
            [
              29.238616598011074,
              32.1310182228694
            ],
            [
              29.238616598011074,
              32.13074872828417
            ],
            [
              29.238706429539484,
              32.13074872828417
            ],
            [
              29.238706429539484,
              32.13056906522734
            ],
            [
              29.238796261067897,
              32.13056906522734
            ],
            [
              29.238796261067897,
              32.13038940217052
            ],
            [
              29.23888609259631,
              32.13038940217052
            ],
            [
              29.23888609259631,
              32.130209739113695
            ],
            [
              29.239155587181546,
              32.130209739113695
            ],
            [
              29.239155587181546,
              32.13003007605687
            ],
            [
              29.23933525023837,
              32.13003007605687
            ],
            [
              29.23933525023837,
              32.129940244528456
            ],
            [
              29.239425081766782,
              32.129940244528456
            ],
            [
              29.239425081766782,
              32.12985041300005
            ],
            [
              29.239604744823605,
              32.12985041300005
            ],
            [
              29.239604744823605,
              32.129760581471636
            ],
            [
              29.23978440788043,
              32.129760581471636
            ],
            [
              29.23978440788043,
              32.12967074994322
            ],
            [
              29.23996407093725,
              32.12967074994322
            ],
            [
              29.23996407093725,
              32.12958091841481
            ],
            [
              29.240053902465664,
              32.12958091841481
            ],
            [
              29.240053902465664,
              32.1294910868864
            ],
            [
              29.240143733994078,
              32.1294910868864
            ],
            [
              29.240143733994078,
              32.12940125535799
            ],
            [
              29.240233565522487,
              32.12940125535799
            ],
            [
              29.240233565522487,
              32.12931142382958
            ],
            [
              29.2403233970509,
              32.12931142382958
            ],
            [
              29.2403233970509,
              32.129221592301164
            ],
            [
              29.240503060107724,
              32.129221592301164
            ],
            [
              29.240503060107724,
              32.12904192924434
            ],
            [
              29.240592891636137,
              32.12904192924434
            ],
            [
              29.240592891636137,
              32.128952097715924
            ],
            [
              29.240682723164547,
              32.128952097715924
            ],
            [
              29.240682723164547,
              32.128772434659105
            ],
            [
              29.24077255469296,
              32.128772434659105
            ],
            [
              29.24077255469296,
              32.12823344548863
            ],
            [
              29.240682723164547,
              32.12823344548863
            ],
            [
              29.240682723164547,
              32.128053782431806
            ],
            [
              29.240592891636137,
              32.128053782431806
            ],
            [
              29.240592891636137,
              32.12796395090339
            ],
            [
              29.240682723164547,
              32.12796395090339
            ],
            [
              29.240682723164547,
              32.12760462478975
            ],
            [
              29.24077255469296,
              32.12760462478975
            ],
            [
              29.24077255469296,
              32.127335130204514
            ],
            [
              29.240862386221373,
              32.127335130204514
            ],
            [
              29.240862386221373,
              32.1272452986761
            ],
            [
              29.24077255469296,
              32.1272452986761
            ],
            [
              29.24077255469296,
              32.12715546714769
            ],
            [
              29.240862386221373,
              32.12715546714769
            ],
            [
              29.240862386221373,
              32.12697580409086
            ],
            [
              29.240952217749783,
              32.12697580409086
            ],
            [
              29.240952217749783,
              32.125448668107865
            ],
            [
              29.241042049278196,
              32.125448668107865
            ],
            [
              29.241042049278196,
              32.12535883657945
            ],
            [
              29.240952217749783,
              32.12535883657945
            ],
            [
              29.240952217749783,
              32.12526900505104
            ],
            [
              29.241042049278196,
              32.12526900505104
            ],
            [
              29.241042049278196,
              32.12508934199421
            ],
            [
              29.24113188080661,
              32.12508934199421
            ],
            [
              29.24113188080661,
              32.1249995104658
            ],
            [
              29.241042049278196,
              32.1249995104658
            ],
            [
              29.241042049278196,
              32.12481984740898
            ],
            [
              29.24113188080661,
              32.12481984740898
            ],
            [
              29.24113188080661,
              32.12464018435215
            ],
            [
              29.241042049278196,
              32.12464018435215
            ],
            [
              29.241042049278196,
              32.12437068976692
            ],
            [
              29.24113188080661,
              32.12437068976692
            ],
            [
              29.24113188080661,
              32.12428085823851
            ],
            [
              29.241042049278196,
              32.12428085823851
            ],
            [
              29.241042049278196,
              32.12392153212486
            ],
            [
              29.240952217749783,
              32.12392153212486
            ],
            [
              29.240952217749783,
              32.123292711425975
            ],
            [
              29.241042049278196,
              32.123292711425975
            ],
            [
              29.241042049278196,
              32.123023216840735
            ],
            [
              29.24113188080661,
              32.123023216840735
            ],
            [
              29.24113188080661,
              32.12293338531233
            ],
            [
              29.24122171233502,
              32.12293338531233
            ],
            [
              29.24122171233502,
              32.123023216840735
            ],
            [
              29.241311543863432,
              32.123023216840735
            ],
            [
              29.241311543863432,
              32.12293338531233
            ],
            [
              29.241401375391845,
              32.12293338531233
            ],
            [
              29.241401375391845,
              32.122843553783916
            ],
            [
              29.241491206920255,
              32.122843553783916
            ],
            [
              29.241491206920255,
              32.11691467290873
            ],
            [
              29.241670869977078,
              32.11691467290873
            ],
            [
              29.241670869977078,
              32.116824841380314
            ],
            [
              29.24176070150549,
              32.116824841380314
            ],
            [
              29.24176070150549,
              32.11655534679508
            ],
            [
              29.241850533033904,
              32.11655534679508
            ],
            [
              29.241850533033904,
              32.116375683738255
            ],
            [
              29.241940364562314,
              32.116375683738255
            ],
            [
              29.241940364562314,
              32.11619602068143
            ],
            [
              29.242030196090727,
              32.11619602068143
            ],
            [
              29.242030196090727,
              32.115926526096196
            ],
            [
              29.24212002761914,
              32.115926526096196
            ],
            [
              29.24212002761914,
              32.11574686303937
            ],
            [
              29.24220985914755,
              32.11574686303937
            ],
            [
              29.24220985914755,
              32.1152078738689
            ],
            [
              29.242299690675964,
              32.1152078738689
            ],
            [
              29.242299690675964,
              32.114938379283664
            ],
            [
              29.242389522204377,
              32.114938379283664
            ],
            [
              29.242389522204377,
              32.114668884698425
            ],
            [
              29.2425691852612,
              32.114668884698425
            ],
            [
              29.2425691852612,
              32.11412989552795
            ],
            [
              29.24265901678961,
              32.11412989552795
            ],
            [
              29.24265901678961,
              32.11386040094272
            ],
            [
              29.242748848318023,
              32.11386040094272
            ],
            [
              29.242748848318023,
              32.11359090635748
            ],
            [
              29.242838679846436,
              32.11359090635748
            ],
            [
              29.242838679846436,
              32.11332141177225
            ],
            [
              29.242928511374846,
              32.11332141177225
            ],
            [
              29.242928511374846,
              32.1129620856586
            ],
            [
              29.24301834290326,
              32.1129620856586
            ],
            [
              29.24301834290326,
              32.112782422601775
            ],
            [
              29.243108174431672,
              32.112782422601775
            ],
            [
              29.243108174431672,
              32.11251292801654
            ],
            [
              29.243198005960082,
              32.11251292801654
            ],
            [
              29.243198005960082,
              32.11215360190289
            ],
            [
              29.243287837488495,
              32.11215360190289
            ],
            [
              29.243287837488495,
              32.11206377037448
            ],
            [
              29.243198005960082,
              32.11206377037448
            ],
            [
              29.243198005960082,
              32.11188410731766
            ],
            [
              29.243287837488495,
              32.11188410731766
            ],
            [
              29.243287837488495,
              32.11170444426083
            ],
            [
              29.24337766901691,
              32.11170444426083
            ],
            [
              29.24337766901691,
              32.1114349496756
            ],
            [
              29.241491206920255,
              32.1114349496756
            ],
            [
              29.241491206920255,
              32.11206377037448
            ],
            [
              29.24122171233502,
              32.11206377037448
            ],
            [
              29.24122171233502,
              32.11215360190289
            ],
            [
              29.24113188080661,
              32.11215360190289
            ],
            [
              29.24113188080661,
              32.1122434334313
            ],
            [
              29.241042049278196,
              32.1122434334313
            ],
            [
              29.241042049278196,
              32.112333264959716
            ],
            [
              29.240952217749783,
              32.112333264959716
            ],
            [
              29.240952217749783,
              32.11251292801654
            ],
            [
              29.240862386221373,
              32.11251292801654
            ],
            [
              29.240862386221373,
              32.11269259107336
            ],
            [
              29.24077255469296,
              32.11269259107336
            ],
            [
              29.24077255469296,
              32.113501074829074
            ],
            [
              29.240682723164547,
              32.113501074829074
            ],
            [
              29.240682723164547,
              32.11359090635748
            ],
            [
              29.24077255469296,
              32.11359090635748
            ],
            [
              29.24077255469296,
              32.11368073788589
            ],
            [
              29.240682723164547,
              32.11368073788589
            ],
            [
              29.240682723164547,
              32.11377056941431
            ],
            [
              29.24077255469296,
              32.11377056941431
            ],
            [
              29.24077255469296,
              32.11386040094272
            ],
            [
              29.240682723164547,
              32.11386040094272
            ],
            [
              29.240682723164547,
              32.115387536925724
            ],
            [
              29.240592891636137,
              32.115387536925724
            ],
            [
              29.240592891636137,
              32.11556719998255
            ],
            [
              29.240503060107724,
              32.11556719998255
            ],
            [
              29.240503060107724,
              32.11574686303937
            ],
            [
              29.240413228579314,
              32.11574686303937
            ],
            [
              29.240413228579314,
              32.116375683738255
            ],
            [
              29.2403233970509,
              32.116375683738255
            ],
            [
              29.2403233970509,
              32.11646551526667
            ],
            [
              29.240413228579314,
              32.11646551526667
            ],
            [
              29.240413228579314,
              32.11655534679508
            ],
            [
              29.2403233970509,
              32.11655534679508
            ],
            [
              29.2403233970509,
              32.1167350098519
            ],
            [
              29.240233565522487,
              32.1167350098519
            ],
            [
              29.240233565522487,
              32.11691467290873
            ],
            [
              29.240143733994078,
              32.11691467290873
            ],
            [
              29.240143733994078,
              32.11700450443714
            ],
            [
              29.240053902465664,
              32.11700450443714
            ],
            [
              29.240053902465664,
              32.11727399902237
            ],
            [
              29.23996407093725,
              32.11727399902237
            ],
            [
              29.23996407093725,
              32.11772315666443
            ],
            [
              29.23987423940884,
              32.11772315666443
            ],
            [
              29.23987423940884,
              32.11799265124967
            ],
            [
              29.23978440788043,
              32.11799265124967
            ],
            [
              29.23978440788043,
              32.118262145834905
            ],
            [
              29.239694576352015,
              32.118262145834905
            ],
            [
              29.239694576352015,
              32.118531640420144
            ],
            [
              29.239604744823605,
              32.118531640420144
            ],
            [
              29.239604744823605,
              32.11862147194855
            ],
            [
              29.239514913295192,
              32.11862147194855
            ],
            [
              29.239514913295192,
              32.11880113500538
            ],
            [
              29.239425081766782,
              32.11880113500538
            ],
            [
              29.239425081766782,
              32.1189807980622
            ],
            [
              29.23933525023837,
              32.1189807980622
            ],
            [
              29.23933525023837,
              32.11907062959061
            ],
            [
              29.239245418709956,
              32.11907062959061
            ],
            [
              29.239245418709956,
              32.11916046111902
            ],
            [
              29.239155587181546,
              32.11916046111902
            ],
            [
              29.239155587181546,
              32.11934012417585
            ],
            [
              29.239065755653133,
              32.11934012417585
            ],
            [
              29.239065755653133,
              32.11942995570426
            ],
            [
              29.23897592412472,
              32.11942995570426
            ],
            [
              29.23897592412472,
              32.11960961876108
            ],
            [
              29.23888609259631,
              32.11960961876108
            ],
            [
              29.23888609259631,
              32.11987911334632
            ],
            [
              29.238796261067897,
              32.11987911334632
            ],
            [
              29.238796261067897,
              32.119968944874735
            ],
            [
              29.238706429539484,
              32.119968944874735
            ],
            [
              29.238706429539484,
              32.12005877640314
            ],
            [
              29.238616598011074,
              32.12005877640314
            ],
            [
              29.238616598011074,
              32.120148607931554
            ],
            [
              29.23852676648266,
              32.120148607931554
            ],
            [
              29.23852676648266,
              32.12032827098838
            ],
            [
              29.238347103425838,
              32.12032827098838
            ],
            [
              29.238347103425838,
              32.120418102516794
            ],
            [
              29.238257271897425,
              32.120418102516794
            ],
            [
              29.238257271897425,
              32.12050793404521
            ],
            [
              29.238167440369015,
              32.12050793404521
            ],
            [
              29.238167440369015,
              32.12059776557361
            ],
            [
              29.2380776088406,
              32.12059776557361
            ],
            [
              29.2380776088406,
              32.12068759710203
            ],
            [
              29.23798777731219,
              32.12068759710203
            ],
            [
              29.23798777731219,
              32.12077742863044
            ],
            [
              29.23789794578378,
              32.12077742863044
            ],
            [
              29.23789794578378,
              32.12104692321567
            ],
            [
              29.237808114255365,
              32.12104692321567
            ],
            [
              29.237808114255365,
              32.121136754744086
            ],
            [
              29.237718282726952,
              32.121136754744086
            ],
            [
              29.237718282726952,
              32.1212265862725
            ],
            [
              29.23753861967013,
              32.1212265862725
            ],
            [
              29.23753861967013,
              32.12176557544297
            ],
            [
              29.237448788141716,
              32.12176557544297
            ],
            [
              29.237448788141716,
              32.1219452384998
            ],
            [
              29.237358956613306,
              32.1219452384998
            ],
            [
              29.237358956613306,
              32.122035070028204
            ],
            [
              29.237269125084893,
              32.122035070028204
            ],
            [
              29.237269125084893,
              32.12221473308503
            ],
            [
              29.237179293556483,
              32.12221473308503
            ],
            [
              29.237179293556483,
              32.12248422767027
            ],
            [
              29.23708946202807,
              32.12248422767027
            ],
            [
              29.23708946202807,
              32.1227537222555
            ],
            [
              29.236999630499657,
              32.1227537222555
            ],
            [
              29.236999630499657,
              32.12293338531233
            ],
            [
              29.236909798971247,
              32.12293338531233
            ],
            [
              29.236909798971247,
              32.123023216840735
            ],
            [
              29.236819967442834,
              32.123023216840735
            ],
            [
              29.236819967442834,
              32.123292711425975
            ],
            [
              29.23673013591442,
              32.123292711425975
            ],
            [
              29.23673013591442,
              32.12356220601121
            ],
            [
              29.23664030438601,
              32.12356220601121
            ],
            [
              29.23664030438601,
              32.123741869068034
            ],
            [
              29.236550472857598,
              32.123741869068034
            ],
            [
              29.236550472857598,
              32.124730015880566
            ],
            [
              29.236460641329185,
              32.124730015880566
            ],
            [
              29.236460641329185,
              32.12553849963627
            ],
            [
              29.236370809800775,
              32.12553849963627
            ],
            [
              29.236370809800775,
              32.125628331164684
            ],
            [
              29.236460641329185,
              32.125628331164684
            ],
            [
              29.236460641329185,
              32.1257181626931
            ],
            [
              29.236370809800775,
              32.1257181626931
            ],
            [
              29.236370809800775,
              32.12598765727833
            ],
            [
              29.23628097827236,
              32.12598765727833
            ],
            [
              29.23628097827236,
              32.126167320335156
            ],
            [
              29.236191146743952,
              32.126167320335156
            ],
            [
              29.236191146743952,
              32.1265266464488
            ],
            [
              29.23610131521554,
              32.1265266464488
            ],
            [
              29.23610131521554,
              32.126616477977215
            ],
            [
              29.236011483687125,
              32.126616477977215
            ],
            [
              29.236011483687125,
              32.12670630950563
            ],
            [
              29.23610131521554,
              32.12670630950563
            ],
            [
              29.23610131521554,
              32.12679614103404
            ],
            [
              29.236011483687125,
              32.12679614103404
            ],
            [
              29.236011483687125,
              32.1272452986761
            ],
            [
              29.235921652158716,
              32.1272452986761
            ],
            [
              29.235921652158716,
              32.127335130204514
            ],
            [
              29.236011483687125,
              32.127335130204514
            ],
            [
              29.236011483687125,
              32.12760462478975
            ],
            [
              29.235921652158716,
              32.12760462478975
            ],
            [
              29.235921652158716,
              32.12769445631816
            ],
            [
              29.236011483687125,
              32.12769445631816
            ],
            [
              29.236011483687125,
              32.12796395090339
            ],
            [
              29.235921652158716,
              32.12796395090339
            ],
            [
              29.235921652158716,
              32.12841310854546
            ],
            [
              29.235831820630303,
              32.12841310854546
            ],
            [
              29.235831820630303,
              32.12868260313069
            ],
            [
              29.23574198910189,
              32.12868260313069
            ],
            [
              29.23574198910189,
              32.128952097715924
            ],
            [
              29.23565215757348,
              32.128952097715924
            ],
            [
              29.23565215757348,
              32.129221592301164
            ],
            [
              29.235562326045066,
              32.129221592301164
            ],
            [
              29.235562326045066,
              32.12931142382958
            ],
            [
              29.23565215757348,
              32.12931142382958
            ],
            [
              29.23565215757348,
              32.12940125535799
            ],
            [
              29.235562326045066,
              32.12940125535799
            ],
            [
              29.235562326045066,
              32.12958091841481
            ],
            [
              29.235472494516653,
              32.12958091841481
            ],
            [
              29.235472494516653,
              32.12985041300005
            ],
            [
              29.235382662988243,
              32.12985041300005
            ],
            [
              29.235382662988243,
              32.130209739113695
            ],
            [
              29.23529283145983,
              32.130209739113695
            ],
            [
              29.23529283145983,
              32.13047923369893
            ],
            [
              29.23520299993142,
              32.13047923369893
            ],
            [
              29.23520299993142,
              32.130658896755754
            ],
            [
              29.235113168403007,
              32.130658896755754
            ],
            [
              29.235113168403007,
              32.13119788592623
            ],
            [
              29.235023336874594,
              32.13119788592623
            ],
            [
              29.235023336874594,
              32.13146738051146
            ],
            [
              29.234933505346184,
              32.13146738051146
            ],
            [
              29.234933505346184,
              32.13155721203987
            ],
            [
              29.23484367381777,
              32.13155721203987
            ],
            [
              29.23484367381777,
              32.1317368750967
            ],
            [
              29.234664010760948,
              32.1317368750967
            ],
            [
              29.234664010760948,
              32.13182670662511
            ],
            [
              29.234753842289358,
              32.13182670662511
            ],
            [
              29.234753842289358,
              32.13191653815352
            ],
            [
              29.234664010760948,
              32.13191653815352
            ],
            [
              29.234664010760948,
              32.13200636968193
            ],
            [
              29.234574179232535,
              32.13200636968193
            ],
            [
              29.234574179232535,
              32.13227586426717
            ],
            [
              29.23448434770412,
              32.13227586426717
            ],
            [
              29.23448434770412,
              32.13245552732399
            ],
            [
              29.234394516175712,
              32.13245552732399
            ],
            [
              29.234394516175712,
              32.13272502190923
            ],
            [
              29.2343046846473,
              32.13272502190923
            ],
            [
              29.2343046846473,
              32.13290468496605
            ],
            [
              29.23421485311889,
              32.13290468496605
            ],
            [
              29.23421485311889,
              32.13299451649446
            ],
            [
              29.234125021590476,
              32.13299451649446
            ],
            [
              29.234125021590476,
              32.13317417955129
            ],
            [
              29.233945358533653,
              32.13317417955129
            ],
            [
              29.233945358533653,
              32.1332640110797
            ],
            [
              29.23385552700524,
              32.1332640110797
            ],
            [
              29.23385552700524,
              32.133353842608116
            ],
            [
              29.233675863948417,
              32.133353842608116
            ],
            [
              29.233675863948417,
              32.13344367413652
            ],
            [
              29.23349620089159,
              32.13344367413652
            ],
            [
              29.23349620089159,
              32.133533505664936
            ],
            [
              29.23340636936318,
              32.133533505664936
            ],
            [
              29.23340636936318,
              32.13362333719335
            ],
            [
              29.233316537834767,
              32.13362333719335
            ],
            [
              29.233316537834767,
              32.13371316872176
            ],
            [
              29.233226706306358,
              32.13371316872176
            ],
            [
              29.233226706306358,
              32.133803000250175
            ],
            [
              29.233136874777944,
              32.133803000250175
            ],
            [
              29.233136874777944,
              32.133982663306995
            ],
            [
              29.23304704324953,
              32.133982663306995
            ],
            [
              29.23304704324953,
              32.13407249483541
            ],
            [
              29.23295721172112,
              32.13407249483541
            ],
            [
              29.23295721172112,
              32.13416232636382
            ],
            [
              29.232867380192708,
              32.13416232636382
            ],
            [
              29.232867380192708,
              32.13434198942065
            ],
            [
              29.232777548664295,
              32.13434198942065
            ],
            [
              29.232777548664295,
              32.134431820949054
            ],
            [
              29.232687717135885,
              32.134431820949054
            ],
            [
              29.232687717135885,
              32.13461148400588
            ],
            [
              29.232597885607472,
              32.13461148400588
            ],
            [
              29.232597885607472,
              32.13479114706271
            ],
            [
              29.23241822255065,
              32.13479114706271
            ],
            [
              29.23241822255065,
              32.134970810119526
            ],
            [
              29.232328391022236,
              32.134970810119526
            ],
            [
              29.232328391022236,
              32.13515047317635
            ],
            [
              29.232148727965413,
              32.13515047317635
            ],
            [
              29.232148727965413,
              32.135419967761585
            ],
            [
              29.232058896437,
              32.135419967761585
            ],
            [
              29.232058896437,
              32.13550979929
            ],
            [
              29.23196906490859,
              32.13550979929
            ],
            [
              29.23196906490859,
              32.13559963081841
            ],
            [
              29.231879233380177,
              32.13559963081841
            ],
            [
              29.231879233380177,
              32.135689462346825
            ],
            [
              29.231789401851763,
              32.135689462346825
            ],
            [
              29.231789401851763,
              32.13595895693206
            ],
            [
              29.231699570323354,
              32.13595895693206
            ],
            [
              29.231699570323354,
              32.13658777763094
            ],
            [
              29.23160973879494,
              32.13658777763094
            ],
            [
              29.23160973879494,
              32.13694710374459
            ],
            [
              29.231519907266527,
              32.13694710374459
            ],
            [
              29.231519907266527,
              32.137036935273
            ],
            [
              29.231430075738118,
              32.137036935273
            ],
            [
              29.231430075738118,
              32.13721659832983
            ],
            [
              29.231340244209704,
              32.13721659832983
            ],
            [
              29.231340244209704,
              32.13730642985824
            ],
            [
              29.231250412681295,
              32.13730642985824
            ],
            [
              29.231250412681295,
              32.13739626138665
            ],
            [
              29.231070749624468,
              32.13739626138665
            ],
            [
              29.231070749624468,
              32.137575924443475
            ],
            [
              29.23098091809606,
              32.137575924443475
            ],
            [
              29.23098091809606,
              32.13766575597189
            ],
            [
              29.230891086567645,
              32.13766575597189
            ],
            [
              29.230891086567645,
              32.1377555875003
            ],
            [
              29.230711423510822,
              32.1377555875003
            ],
            [
              29.230711423510822,
              32.13793525055712
            ],
            [
              29.23062159198241,
              32.13793525055712
            ],
            [
              29.23062159198241,
              32.138025082085534
            ],
            [
              29.230711423510822,
              32.138025082085534
            ],
            [
              29.230711423510822,
              32.13811491361395
            ],
            [
              29.230531760453996,
              32.13811491361395
            ],
            [
              29.230531760453996,
              32.13820474514236
            ],
            [
              29.230441928925586,
              32.13820474514236
            ],
            [
              29.230441928925586,
              32.13838440819918
            ],
            [
              29.230262265868763,
              32.13838440819918
            ],
            [
              29.230262265868763,
              32.13865390278442
            ],
            [
              29.23017243434035,
              32.13865390278442
            ],
            [
              29.23017243434035,
              32.13883356584124
            ],
            [
              29.230082602811937,
              32.13883356584124
            ],
            [
              29.230082602811937,
              32.13910306042648
            ],
            [
              29.229992771283527,
              32.13910306042648
            ],
            [
              29.229992771283527,
              32.13919289195489
            ],
            [
              29.229902939755114,
              32.13919289195489
            ],
            [
              29.229902939755114,
              32.139282723483305
            ],
            [
              29.2298131082267,
              32.139282723483305
            ],
            [
              29.2298131082267,
              32.139462386540124
            ],
            [
              29.22972327669829,
              32.139462386540124
            ],
            [
              29.22972327669829,
              32.13955221806854
            ],
            [
              29.229633445169878,
              32.13955221806854
            ],
            [
              29.229633445169878,
              32.13982171265377
            ],
            [
              29.229543613641464,
              32.13982171265377
            ],
            [
              29.229543613641464,
              32.1400013757106
            ],
            [
              29.229453782113055,
              32.1400013757106
            ],
            [
              29.229453782113055,
              32.14009120723901
            ],
            [
              29.22936395058464,
              32.14009120723901
            ],
            [
              29.22936395058464,
              32.14018103876742
            ],
            [
              29.22927411905623,
              32.14018103876742
            ],
            [
              29.22927411905623,
              32.140450533352656
            ],
            [
              29.22918428752782,
              32.140450533352656
            ],
            [
              29.22918428752782,
              32.140720027937896
            ],
            [
              29.229094455999405,
              32.140720027937896
            ],
            [
              29.229094455999405,
              32.14098952252313
            ],
            [
              29.229004624470996,
              32.14098952252313
            ],
            [
              29.229004624470996,
              32.14125901710837
            ],
            [
              29.228914792942582,
              32.14125901710837
            ],
            [
              29.228914792942582,
              32.141348848636774
            ],
            [
              29.22882496141417,
              32.141348848636774
            ],
            [
              29.22882496141417,
              32.1415285116936
            ],
            [
              29.22873512988576,
              32.1415285116936
            ],
            [
              29.22873512988576,
              32.14170817475043
            ],
            [
              29.228645298357346,
              32.14170817475043
            ],
            [
              29.228645298357346,
              32.14206750086407
            ],
            [
              29.228555466828933,
              32.14206750086407
            ],
            [
              29.228555466828933,
              32.142606490034545
            ],
            [
              29.228465635300523,
              32.142606490034545
            ],
            [
              29.228465635300523,
              32.14287598461978
            ],
            [
              29.22837580377211,
              32.14287598461978
            ],
            [
              29.22837580377211,
              32.143055647676604
            ],
            [
              29.2282859722437,
              32.143055647676604
            ],
            [
              29.2282859722437,
              32.14314547920502
            ],
            [
              29.228196140715287,
              32.14314547920502
            ],
            [
              29.228196140715287,
              32.14350480531866
            ],
            [
              29.228106309186874,
              32.14350480531866
            ],
            [
              29.228106309186874,
              32.144492952131195
            ],
            [
              29.228016477658464,
              32.144492952131195
            ],
            [
              29.228016477658464,
              32.14503194130167
            ],
            [
              29.22792664613005,
              32.14503194130167
            ],
            [
              29.22792664613005,
              32.146379414227845
            ],
            [
              29.228016477658464,
              32.146379414227845
            ],
            [
              29.228016477658464,
              32.14646924575626
            ],
            [
              29.22792664613005,
              32.14646924575626
            ],
            [
              29.22792664613005,
              32.14655907728467
            ],
            [
              29.228016477658464,
              32.14655907728467
            ],
            [
              29.228016477658464,
              32.14673874034149
            ],
            [
              29.22792664613005,
              32.14673874034149
            ],
            [
              29.22792664613005,
              32.14709806645514
            ],
            [
              29.227836814601638,
              32.14709806645514
            ],
            [
              29.227836814601638,
              32.14727772951196
            ],
            [
              29.227746983073228,
              32.14727772951196
            ],
            [
              29.227746983073228,
              32.147367561040376
            ],
            [
              29.227836814601638,
              32.147367561040376
            ],
            [
              29.227836814601638,
              32.14745739256879
            ],
            [
              29.227746983073228,
              32.14745739256879
            ],
            [
              29.227746983073228,
              32.147637055625616
            ],
            [
              29.227657151544815,
              32.147637055625616
            ],
            [
              29.227657151544815,
              32.14772688715402
            ],
            [
              29.2275673200164,
              32.14772688715402
            ],
            [
              29.2275673200164,
              32.147816718682435
            ],
            [
              29.22747748848799,
              32.147816718682435
            ],
            [
              29.22747748848799,
              32.14799638173926
            ],
            [
              29.2275673200164,
              32.14799638173926
            ],
            [
              29.2275673200164,
              32.148086213267675
            ],
            [
              29.22747748848799,
              32.148086213267675
            ],
            [
              29.22747748848799,
              32.149074360080206
            ],
            [
              29.22738765695958,
              32.149074360080206
            ],
            [
              29.22738765695958,
              32.14934385466544
            ],
            [
              29.22729782543117,
              32.14934385466544
            ],
            [
              29.22729782543117,
              32.149523517722265
            ],
            [
              29.227207993902756,
              32.149523517722265
            ],
            [
              29.227207993902756,
              32.149972675364324
            ],
            [
              29.227118162374342,
              32.149972675364324
            ],
            [
              29.227118162374342,
              32.15015233842115
            ],
            [
              29.227207993902756,
              32.15015233842115
            ],
            [
              29.227207993902756,
              32.15024216994956
            ],
            [
              29.227118162374342,
              32.15024216994956
            ],
            [
              29.227118162374342,
              32.150421833006384
            ],
            [
              29.227207993902756,
              32.150421833006384
            ],
            [
              29.227207993902756,
              32.150960822176856
            ],
            [
              29.22729782543117,
              32.150960822176856
            ],
            [
              29.22729782543117,
              32.15123031676209
            ],
            [
              29.22738765695958,
              32.15123031676209
            ],
            [
              29.22738765695958,
              32.1513201482905
            ],
            [
              29.22729782543117,
              32.1513201482905
            ],
            [
              29.22729782543117,
              32.151409979818915
            ],
            [
              29.22738765695958,
              32.151409979818915
            ],
            [
              29.22738765695958,
              32.151679474404155
            ],
            [
              29.22747748848799,
              32.151679474404155
            ],
            [
              29.22747748848799,
              32.151859137460974
            ],
            [
              29.2275673200164,
              32.151859137460974
            ],
            [
              29.2275673200164,
              32.15221846357462
            ],
            [
              29.227657151544815,
              32.15221846357462
            ],
            [
              29.227657151544815,
              32.15230829510303
            ],
            [
              29.227746983073228,
              32.15230829510303
            ],
            [
              29.227746983073228,
              32.15248795815986
            ],
            [
              29.227836814601638,
              32.15248795815986
            ],
            [
              29.227836814601638,
              32.15257778968827
            ],
            [
              29.22792664613005,
              32.15257778968827
            ],
            [
              29.22792664613005,
              32.152667621216686
            ],
            [
              29.228016477658464,
              32.152667621216686
            ],
            [
              29.228016477658464,
              32.15275745274509
            ],
            [
              29.228106309186874,
              32.15275745274509
            ],
            [
              29.228106309186874,
              32.15293711580192
            ],
            [
              29.228196140715287,
              32.15293711580192
            ],
            [
              29.228196140715287,
              32.15302694733033
            ],
            [
              29.2282859722437,
              32.15302694733033
            ],
            [
              29.2282859722437,
              32.153116778858745
            ],
            [
              29.228196140715287,
              32.153116778858745
            ],
            [
              29.228196140715287,
              32.15320661038715
            ],
            [
              29.2282859722437,
              32.15320661038715
            ],
            [
              29.2282859722437,
              32.153565936500804
            ],
            [
              29.228196140715287,
              32.153565936500804
            ],
            [
              29.228196140715287,
              32.15365576802922
            ],
            [
              29.2282859722437,
              32.15365576802922
            ],
            [
              29.2282859722437,
              32.15419475719968
            ],
            [
              29.22837580377211,
              32.15419475719968
            ],
            [
              29.22837580377211,
              32.154284588728096
            ],
            [
              29.228465635300523,
              32.154284588728096
            ],
            [
              29.228465635300523,
              32.154554083313336
            ],
            [
              29.228555466828933,
              32.154554083313336
            ],
            [
              29.228555466828933,
              32.15482357789857
            ],
            [
              29.228645298357346,
              32.15482357789857
            ],
            [
              29.228645298357346,
              32.15509307248381
            ],
            [
              29.22873512988576,
              32.15509307248381
            ],
            [
              29.22873512988576,
              32.15536256706904
            ],
            [
              29.22882496141417,
              32.15536256706904
            ],
            [
              29.22882496141417,
              32.155991387767926
            ],
            [
              29.228914792942582,
              32.155991387767926
            ],
            [
              29.228914792942582,
              32.15608121929634
            ],
            [
              29.22882496141417,
              32.15608121929634
            ],
            [
              29.22882496141417,
              32.156171050824746
            ],
            [
              29.228914792942582,
              32.156171050824746
            ],
            [
              29.228914792942582,
              32.156889703052045
            ],
            [
              29.229004624470996,
              32.156889703052045
            ],
            [
              29.229004624470996,
              32.15715919763728
            ],
            [
              29.228914792942582,
              32.15715919763728
            ],
            [
              29.228914792942582,
              32.15724902916569
            ],
            [
              29.229004624470996,
              32.15724902916569
            ],
            [
              29.229004624470996,
              32.15742869222252
            ],
            [
              29.22927411905623,
              32.15742869222252
            ],
            [
              29.22927411905623,
              32.15760835527934
            ],
            [
              29.22936395058464,
              32.15760835527934
            ],
            [
              29.22936395058464,
              32.15769818680775
            ],
            [
              29.229453782113055,
              32.15769818680775
            ],
            [
              29.229453782113055,
              32.15778801833616
            ],
            [
              29.22936395058464,
              32.15778801833616
            ],
            [
              29.22936395058464,
              32.15814734444981
            ],
            [
              29.22927411905623,
              32.15814734444981
            ],
            [
              29.22927411905623,
              32.15823717597822
            ],
            [
              29.22918428752782,
              32.15823717597822
            ],
            [
              29.22918428752782,
              32.158327007506635
            ],
            [
              29.22927411905623,
              32.158327007506635
            ],
            [
              29.22927411905623,
              32.15841683903505
            ],
            [
              29.22918428752782,
              32.15841683903505
            ],
            [
              29.22918428752782,
              32.158596502091875
            ],
            [
              29.229094455999405,
              32.158596502091875
            ],
            [
              29.229094455999405,
              32.15886599667711
            ],
            [
              29.228914792942582,
              32.15886599667711
            ],
            [
              29.228914792942582,
              32.15913549126234
            ],
            [
              29.22882496141417,
              32.15913549126234
            ],
            [
              29.22882496141417,
              32.15940498584758
            ],
            [
              29.22873512988576,
              32.15940498584758
            ],
            [
              29.22873512988576,
              32.15967448043281
            ],
            [
              29.228645298357346,
              32.15967448043281
            ],
            [
              29.228645298357346,
              32.1603033011317
            ],
            [
              29.228555466828933,
              32.1603033011317
            ],
            [
              29.228555466828933,
              32.16057279571694
            ],
            [
              29.228465635300523,
              32.16057279571694
            ],
            [
              29.228465635300523,
              32.16138127947264
            ],
            [
              29.22837580377211,
              32.16138127947264
            ],
            [
              29.22837580377211,
              32.161471111001056
            ],
            [
              29.228465635300523,
              32.161471111001056
            ],
            [
              29.228465635300523,
              32.16156094252947
            ],
            [
              29.22837580377211,
              32.16156094252947
            ],
            [
              29.22837580377211,
              32.161650774057875
            ],
            [
              29.228465635300523,
              32.161650774057875
            ],
            [
              29.228465635300523,
              32.16174060558629
            ],
            [
              29.22837580377211,
              32.16174060558629
            ],
            [
              29.22837580377211,
              32.1618304371147
            ],
            [
              29.228465635300523,
              32.1618304371147
            ],
            [
              29.228465635300523,
              32.162099931699935
            ],
            [
              29.22837580377211,
              32.162099931699935
            ],
            [
              29.22837580377211,
              32.16299824698406
            ],
            [
              29.2282859722437,
              32.16299824698406
            ],
            [
              29.2282859722437,
              32.16389656226818
            ],
            [
              29.228196140715287,
              32.16389656226818
            ],
            [
              29.228196140715287,
              32.16434571991024
            ],
            [
              29.228106309186874,
              32.16434571991024
            ],
            [
              29.228106309186874,
              32.16461521449547
            ],
            [
              29.228016477658464,
              32.16461521449547
            ],
            [
              29.228016477658464,
              32.16470504602388
            ],
            [
              29.228106309186874,
              32.16470504602388
            ],
            [
              29.228106309186874,
              32.166142350478474
            ],
            [
              29.228196140715287,
              32.166142350478474
            ],
            [
              29.228196140715287,
              32.1663220135353
            ],
            [
              29.2282859722437,
              32.1663220135353
            ],
            [
              29.2282859722437,
              32.16650167659213
            ],
            [
              29.228196140715287,
              32.16650167659213
            ],
            [
              29.228196140715287,
              32.16659150812053
            ],
            [
              29.2282859722437,
              32.16659150812053
            ],
            [
              29.2282859722437,
              32.16677117117736
            ],
            [
              29.22837580377211,
              32.16677117117736
            ],
            [
              29.22837580377211,
              32.16686100270577
            ],
            [
              29.228465635300523,
              32.16686100270577
            ],
            [
              29.228465635300523,
              32.166950834234186
            ],
            [
              29.228555466828933,
              32.166950834234186
            ],
            [
              29.228555466828933,
              32.167130497291005
            ],
            [
              29.228645298357346,
              32.167130497291005
            ],
            [
              29.228645298357346,
              32.16731016034783
            ],
            [
              29.22873512988576,
              32.16731016034783
            ],
            [
              29.22873512988576,
              32.167399991876245
            ],
            [
              29.22882496141417,
              32.167399991876245
            ],
            [
              29.22882496141417,
              32.16748982340466
            ],
            [
              29.228914792942582,
              32.16748982340466
            ],
            [
              29.228914792942582,
              32.16766948646148
            ],
            [
              29.229004624470996,
              32.16766948646148
            ],
            [
              29.229004624470996,
              32.16775931798989
            ],
            [
              29.229094455999405,
              32.16775931798989
            ],
            [
              29.229094455999405,
              32.16802881257512
            ],
            [
              29.22918428752782,
              32.16802881257512
            ],
            [
              29.22918428752782,
              32.168388138688776
            ],
            [
              29.22927411905623,
              32.168388138688776
            ],
            [
              29.22927411905623,
              32.16847797021719
            ],
            [
              29.22918428752782,
              32.16847797021719
            ],
            [
              29.22918428752782,
              32.16865763327401
            ],
            [
              29.229094455999405,
              32.16865763327401
            ],
            [
              29.229094455999405,
              32.16910679091607
            ],
            [
              29.229004624470996,
              32.16910679091607
            ],
            [
              29.229004624470996,
              32.16919662244448
            ],
            [
              29.229094455999405,
              32.16919662244448
            ],
            [
              29.229094455999405,
              32.169286453972894
            ],
            [
              29.228914792942582,
              32.169286453972894
            ],
            [
              29.228914792942582,
              32.17018476925701
            ],
            [
              29.22882496141417,
              32.17018476925701
            ],
            [
              29.22882496141417,
              32.17099325301272
            ],
            [
              29.228914792942582,
              32.17099325301272
            ],
            [
              29.228914792942582,
              32.17126274759796
            ],
            [
              29.229004624470996,
              32.17126274759796
            ],
            [
              29.229004624470996,
              32.171172916069544
            ],
            [
              29.229094455999405,
              32.171172916069544
            ],
            [
              29.229094455999405,
              32.17135257912637
            ],
            [
              29.22918428752782,
              32.17135257912637
            ],
            [
              29.22918428752782,
              32.171442410654784
            ],
            [
              29.22927411905623,
              32.171442410654784
            ],
            [
              29.22927411905623,
              32.17171190524002
            ],
            [
              29.22936395058464,
              32.17171190524002
            ],
            [
              29.22936395058464,
              32.17180173676843
            ],
            [
              29.229453782113055,
              32.17180173676843
            ],
            [
              29.229453782113055,
              32.17189156829684
            ],
            [
              29.229543613641464,
              32.17189156829684
            ],
            [
              29.229543613641464,
              32.17198139982525
            ],
            [
              29.229633445169878,
              32.17198139982525
            ],
            [
              29.229633445169878,
              32.172161062882076
            ],
            [
              29.22972327669829,
              32.172161062882076
            ],
            [
              29.22972327669829,
              32.17225089441049
            ],
            [
              29.229633445169878,
              32.17225089441049
            ],
            [
              29.229633445169878,
              32.1723407259389
            ],
            [
              29.22972327669829,
              32.1723407259389
            ],
            [
              29.22972327669829,
              32.172430557467315
            ],
            [
              29.2298131082267,
              32.172430557467315
            ],
            [
              29.2298131082267,
              32.17252038899572
            ],
            [
              29.229902939755114,
              32.17252038899572
            ],
            [
              29.229902939755114,
              32.17270005205255
            ],
            [
              29.229992771283527,
              32.17270005205255
            ],
            [
              29.229992771283527,
              32.172879715109374
            ],
            [
              29.230082602811937,
              32.172879715109374
            ],
            [
              29.230082602811937,
              32.17296954663778
            ],
            [
              29.229992771283527,
              32.17296954663778
            ],
            [
              29.229992771283527,
              32.173059378166194
            ],
            [
              29.230082602811937,
              32.173059378166194
            ],
            [
              29.230082602811937,
              32.17323904122302
            ],
            [
              29.23017243434035,
              32.17323904122302
            ],
            [
              29.23017243434035,
              32.17332887275143
            ],
            [
              29.230262265868763,
              32.17332887275143
            ],
            [
              29.230262265868763,
              32.17350853580825
            ],
            [
              29.230352097397173,
              32.17350853580825
            ],
            [
              29.230352097397173,
              32.173867861921906
            ],
            [
              29.230441928925586,
              32.173867861921906
            ],
            [
              29.230441928925586,
              32.17422718803555
            ],
            [
              29.230531760453996,
              32.17422718803555
            ],
            [
              29.230531760453996,
              32.1745865141492
            ],
            [
              29.23062159198241,
              32.1745865141492
            ],
            [
              29.23062159198241,
              32.17467634567761
            ],
            [
              29.230531760453996,
              32.17467634567761
            ],
            [
              29.230531760453996,
              32.174766177206024
            ],
            [
              29.23062159198241,
              32.174766177206024
            ],
            [
              29.23062159198241,
              32.17503567179126
            ],
            [
              29.230531760453996,
              32.17503567179126
            ],
            [
              29.230531760453996,
              32.175305166376496
            ],
            [
              29.23062159198241,
              32.175305166376496
            ],
            [
              29.23062159198241,
              32.17539499790491
            ],
            [
              29.230531760453996,
              32.17539499790491
            ],
            [
              29.230531760453996,
              32.17602381860379
            ],
            [
              29.23062159198241,
              32.17602381860379
            ],
            [
              29.23062159198241,
              32.17629331318903
            ],
            [
              29.230711423510822,
              32.17629331318903
            ],
            [
              29.230711423510822,
              32.17638314471744
            ],
            [
              29.230801255039232,
              32.17638314471744
            ],
            [
              29.230801255039232,
              32.17656280777426
            ],
            [
              29.230891086567645,
              32.17656280777426
            ],
            [
              29.230891086567645,
              32.176652639302674
            ],
            [
              29.23098091809606,
              32.176652639302674
            ],
            [
              29.23098091809606,
              32.176922133887906
            ],
            [
              29.231070749624468,
              32.176922133887906
            ],
            [
              29.231070749624468,
              32.17710179694473
            ],
            [
              29.23116058115288,
              32.17710179694473
            ],
            [
              29.23116058115288,
              32.177191628473146
            ],
            [
              29.231070749624468,
              32.177191628473146
            ],
            [
              29.231070749624468,
              32.177640786115205
            ],
            [
              29.231250412681295,
              32.177640786115205
            ],
            [
              29.231250412681295,
              32.17773061764362
            ],
            [
              29.23116058115288,
              32.17773061764362
            ],
            [
              29.23116058115288,
              32.17782044917203
            ],
            [
              29.231250412681295,
              32.17782044917203
            ],
            [
              29.231250412681295,
              32.178089943757264
            ],
            [
              29.231340244209704,
              32.178089943757264
            ],
            [
              29.231340244209704,
              32.17826960681409
            ],
            [
              29.231430075738118,
              32.17826960681409
            ],
            [
              29.231430075738118,
              32.17853910139932
            ],
            [
              29.231519907266527,
              32.17853910139932
            ],
            [
              29.231519907266527,
              32.17871876445615
            ],
            [
              29.231430075738118,
              32.17871876445615
            ],
            [
              29.231430075738118,
              32.17880859598456
            ],
            [
              29.231519907266527,
              32.17880859598456
            ],
            [
              29.231519907266527,
              32.17898825904138
            ],
            [
              29.23160973879494,
              32.17898825904138
            ],
            [
              29.23160973879494,
              32.17916792209821
            ],
            [
              29.231699570323354,
              32.17916792209821
            ],
            [
              29.231699570323354,
              32.179796742797095
            ],
            [
              29.231789401851763,
              32.179796742797095
            ],
            [
              29.231789401851763,
              32.179976405853914
            ],
            [
              29.231879233380177,
              32.179976405853914
            ],
            [
              29.231879233380177,
              32.18015606891074
            ],
            [
              29.23196906490859,
              32.18015606891074
            ],
            [
              29.23196906490859,
              32.180245900439154
            ],
            [
              29.231879233380177,
              32.180245900439154
            ],
            [
              29.231879233380177,
              32.18033573196757
            ],
            [
              29.232058896437,
              32.18033573196757
            ],
            [
              29.232058896437,
              32.18042556349597
            ],
            [
              29.23196906490859,
              32.18042556349597
            ],
            [
              29.23196906490859,
              32.1806052265528
            ],
            [
              29.231879233380177,
              32.1806052265528
            ],
            [
              29.231879233380177,
              32.180784889609626
            ],
            [
              29.23160973879494,
              32.180784889609626
            ],
            [
              29.23160973879494,
              32.18087472113804
            ],
            [
              29.231430075738118,
              32.18087472113804
            ],
            [
              29.231430075738118,
              32.180964552666445
            ],
            [
              29.231340244209704,
              32.180964552666445
            ],
            [
              29.231340244209704,
              32.18105438419486
            ],
            [
              29.23116058115288,
              32.18105438419486
            ],
            [
              29.23116058115288,
              32.18114421572327
            ],
            [
              29.230891086567645,
              32.18114421572327
            ],
            [
              29.230891086567645,
              32.181234047251685
            ],
            [
              29.230801255039232,
              32.181234047251685
            ],
            [
              29.230801255039232,
              32.1813238787801
            ],
            [
              29.230711423510822,
              32.1813238787801
            ],
            [
              29.230711423510822,
              32.18150354183692
            ],
            [
              29.23062159198241,
              32.18150354183692
            ],
            [
              29.23062159198241,
              32.18159337336533
            ],
            [
              29.230531760453996,
              32.18159337336533
            ],
            [
              29.230531760453996,
              32.181683204893744
            ],
            [
              29.230441928925586,
              32.181683204893744
            ],
            [
              29.230441928925586,
              32.18186286795057
            ],
            [
              29.230352097397173,
              32.18186286795057
            ],
            [
              29.230352097397173,
              32.18195269947898
            ],
            [
              29.230441928925586,
              32.18195269947898
            ],
            [
              29.230441928925586,
              32.18231202559263
            ],
            [
              29.230531760453996,
              32.18231202559263
            ],
            [
              29.230531760453996,
              32.182401857121036
            ],
            [
              29.230441928925586,
              32.182401857121036
            ],
            [
              29.230441928925586,
              32.182671351706276
            ],
            [
              29.230531760453996,
              32.182671351706276
            ],
            [
              29.230531760453996,
              32.18276118323469
            ],
            [
              29.230441928925586,
              32.18276118323469
            ],
            [
              29.230441928925586,
              32.1828510147631
            ],
            [
              29.230531760453996,
              32.1828510147631
            ],
            [
              29.230531760453996,
              32.18294084629151
            ],
            [
              29.230352097397173,
              32.18294084629151
            ],
            [
              29.230352097397173,
              32.183120509348335
            ],
            [
              29.230262265868763,
              32.183120509348335
            ],
            [
              29.230262265868763,
              32.18330017240516
            ],
            [
              29.23017243434035,
              32.18330017240516
            ],
            [
              29.23017243434035,
              32.18339000393357
            ],
            [
              29.230082602811937,
              32.18339000393357
            ],
            [
              29.230082602811937,
              32.183569666990394
            ],
            [
              29.229992771283527,
              32.183569666990394
            ],
            [
              29.229992771283527,
              32.18365949851881
            ],
            [
              29.229902939755114,
              32.18365949851881
            ],
            [
              29.229902939755114,
              32.18374933004722
            ],
            [
              29.2298131082267,
              32.18374933004722
            ],
            [
              29.2298131082267,
              32.183839161575634
            ],
            [
              29.22972327669829,
              32.183839161575634
            ],
            [
              29.22972327669829,
              32.18401882463245
            ],
            [
              29.229633445169878,
              32.18401882463245
            ],
            [
              29.229633445169878,
              32.184108656160866
            ],
            [
              29.229543613641464,
              32.184108656160866
            ],
            [
              29.229543613641464,
              32.18419848768928
            ],
            [
              29.229633445169878,
              32.18419848768928
            ],
            [
              29.229633445169878,
              32.18428831921769
            ],
            [
              29.229543613641464,
              32.18428831921769
            ],
            [
              29.229543613641464,
              32.184557813802925
            ],
            [
              29.229453782113055,
              32.184557813802925
            ],
            [
              29.229453782113055,
              32.18518663450181
            ],
            [
              29.229543613641464,
              32.18518663450181
            ],
            [
              29.229543613641464,
              32.18617478131434
            ],
            [
              29.229453782113055,
              32.18617478131434
            ],
            [
              29.229453782113055,
              32.18635444437116
            ],
            [
              29.229543613641464,
              32.18635444437116
            ],
            [
              29.229543613641464,
              32.186444275899575
            ],
            [
              29.229453782113055,
              32.186444275899575
            ],
            [
              29.229453782113055,
              32.186713770484815
            ],
            [
              29.22936395058464,
              32.186713770484815
            ],
            [
              29.22936395058464,
              32.186893433541634
            ],
            [
              29.229453782113055,
              32.186893433541634
            ],
            [
              29.229453782113055,
              32.18761208576893
            ],
            [
              29.22936395058464,
              32.18761208576893
            ],
            [
              29.22936395058464,
              32.18797141188258
            ],
            [
              29.22927411905623,
              32.18797141188258
            ],
            [
              29.22927411905623,
              32.18824090646782
            ],
            [
              29.22918428752782,
              32.18824090646782
            ],
            [
              29.22918428752782,
              32.188330737996225
            ],
            [
              29.229094455999405,
              32.188330737996225
            ],
            [
              29.229094455999405,
              32.18869006410988
            ],
            [
              29.229004624470996,
              32.18869006410988
            ],
            [
              29.229004624470996,
              32.18877989563829
            ],
            [
              29.228914792942582,
              32.18877989563829
            ],
            [
              29.228914792942582,
              32.18904939022352
            ],
            [
              29.22873512988576,
              32.18904939022352
            ],
            [
              29.22873512988576,
              32.189318884808756
            ],
            [
              29.228645298357346,
              32.189318884808756
            ],
            [
              29.228645298357346,
              32.18949854786558
            ],
            [
              29.228555466828933,
              32.18949854786558
            ],
            [
              29.228555466828933,
              32.190037537036055
            ],
            [
              29.228645298357346,
              32.190037537036055
            ],
            [
              29.228645298357346,
              32.19012736856447
            ],
            [
              29.228555466828933,
              32.19012736856447
            ],
            [
              29.228555466828933,
              32.19066635773494
            ],
            [
              29.228645298357346,
              32.19066635773494
            ],
            [
              29.228645298357346,
              32.19093585232017
            ],
            [
              29.22873512988576,
              32.19093585232017
            ],
            [
              29.22873512988576,
              32.191025683848586
            ],
            [
              29.228645298357346,
              32.191025683848586
            ],
            [
              29.228645298357346,
              32.19129517843382
            ],
            [
              29.22873512988576,
              32.19129517843382
            ],
            [
              29.22873512988576,
              32.19138500996223
            ],
            [
              29.228645298357346,
              32.19138500996223
            ],
            [
              29.228645298357346,
              32.19165450454747
            ],
            [
              29.228555466828933,
              32.19165450454747
            ],
            [
              29.228555466828933,
              32.19183416760429
            ],
            [
              29.228645298357346,
              32.19183416760429
            ],
            [
              29.228645298357346,
              32.19201383066112
            ],
            [
              29.22873512988576,
              32.19201383066112
            ],
            [
              29.22873512988576,
              32.19228332524635
            ],
            [
              29.22882496141417,
              32.19228332524635
            ],
            [
              29.22882496141417,
              32.192373156774764
            ],
            [
              29.228914792942582,
              32.192373156774764
            ],
            [
              29.228914792942582,
              32.19255281983159
            ],
            [
              29.229004624470996,
              32.19255281983159
            ],
            [
              29.229004624470996,
              32.19264265136
            ],
            [
              29.229094455999405,
              32.19264265136
            ],
            [
              29.229094455999405,
              32.19255281983159
            ],
            [
              29.22918428752782,
              32.19255281983159
            ],
            [
              29.22918428752782,
              32.19246298830318
            ],
            [
              29.229633445169878,
              32.19246298830318
            ],
            [
              29.229633445169878,
              32.19255281983159
            ],
            [
              29.22972327669829,
              32.19255281983159
            ],
            [
              29.22972327669829,
              32.19273248288842
            ],
            [
              29.229902939755114,
              32.19273248288842
            ],
            [
              29.229902939755114,
              32.19282231441682
            ],
            [
              29.229992771283527,
              32.19282231441682
            ],
            [
              29.229992771283527,
              32.19300197747365
            ],
            [
              29.230082602811937,
              32.19300197747365
            ],
            [
              29.230082602811937,
              32.19327147205888
            ],
            [
              29.230262265868763,
              32.19327147205888
            ],
            [
              29.230262265868763,
              32.19345113511571
            ],
            [
              29.230352097397173,
              32.19345113511571
            ],
            [
              29.230352097397173,
              32.19354096664412
            ],
            [
              29.230441928925586,
              32.19354096664412
            ],
            [
              29.230441928925586,
              32.193630798172535
            ],
            [
              29.230531760453996,
              32.193630798172535
            ],
            [
              29.230531760453996,
              32.19372062970095
            ],
            [
              29.23062159198241,
              32.19372062970095
            ],
            [
              29.23062159198241,
              32.193810461229354
            ],
            [
              29.230711423510822,
              32.193810461229354
            ],
            [
              29.230711423510822,
              32.19390029275777
            ],
            [
              29.230801255039232,
              32.19390029275777
            ],
            [
              29.230801255039232,
              32.19399012428618
            ],
            [
              29.230891086567645,
              32.19399012428618
            ],
            [
              29.230891086567645,
              32.194079955814594
            ],
            [
              29.23098091809606,
              32.194079955814594
            ],
            [
              29.23098091809606,
              32.19425961887141
            ],
            [
              29.231070749624468,
              32.19425961887141
            ],
            [
              29.231070749624468,
              32.194618944985066
            ],
            [
              29.23116058115288,
              32.194618944985066
            ],
            [
              29.23116058115288,
              32.1948884395703
            ],
            [
              29.231250412681295,
              32.1948884395703
            ],
            [
              29.231250412681295,
              32.195068102627125
            ],
            [
              29.231340244209704,
              32.195068102627125
            ],
            [
              29.231340244209704,
              32.19533759721236
            ],
            [
              29.231430075738118,
              32.19533759721236
            ],
            [
              29.231430075738118,
              32.19542742874077
            ],
            [
              29.231519907266527,
              32.19542742874077
            ],
            [
              29.231519907266527,
              32.195517260269185
            ],
            [
              29.231430075738118,
              32.195517260269185
            ],
            [
              29.231430075738118,
              32.1956070917976
            ],
            [
              29.231519907266527,
              32.1956070917976
            ],
            [
              29.231519907266527,
              32.19578675485442
            ],
            [
              29.23160973879494,
              32.19578675485442
            ],
            [
              29.23160973879494,
              32.195966417911244
            ],
            [
              29.231699570323354,
              32.195966417911244
            ],
            [
              29.231699570323354,
              32.1964155755533
            ],
            [
              29.231789401851763,
              32.1964155755533
            ],
            [
              29.231789401851763,
              32.196505407081716
            ],
            [
              29.231699570323354,
              32.196505407081716
            ],
            [
              29.231699570323354,
              32.19686473319536
            ],
            [
              29.23160973879494,
              32.19686473319536
            ],
            [
              29.23160973879494,
              32.19704439625219
            ],
            [
              29.231519907266527,
              32.19704439625219
            ],
            [
              29.231519907266527,
              32.197403722365834
            ],
            [
              29.231430075738118,
              32.197403722365834
            ],
            [
              29.231430075738118,
              32.19758338542266
            ],
            [
              29.231519907266527,
              32.19758338542266
            ],
            [
              29.231519907266527,
              32.197673216951074
            ],
            [
              29.231430075738118,
              32.197673216951074
            ],
            [
              29.231430075738118,
              32.19785288000789
            ],
            [
              29.231519907266527,
              32.19785288000789
            ],
            [
              29.231519907266527,
              32.19848170070678
            ],
            [
              29.23160973879494,
              32.19848170070678
            ],
            [
              29.23160973879494,
              32.198841026820425
            ],
            [
              29.231699570323354,
              32.198841026820425
            ],
            [
              29.231699570323354,
              32.199290184462484
            ],
            [
              29.231789401851763,
              32.199290184462484
            ],
            [
              29.231789401851763,
              32.1993800159909
            ],
            [
              29.231879233380177,
              32.1993800159909
            ],
            [
              29.231879233380177,
              32.19973934210454
            ],
            [
              29.232058896437,
              32.19973934210454
            ],
            [
              29.232058896437,
              32.20000883668978
            ],
            [
              29.232148727965413,
              32.20000883668978
            ],
            [
              29.232148727965413,
              32.200098668218196
            ],
            [
              29.232058896437,
              32.200098668218196
            ],
            [
              29.232058896437,
              32.2001884997466
            ],
            [
              29.232148727965413,
              32.2001884997466
            ],
            [
              29.232148727965413,
              32.20081732044549
            ],
            [
              29.232238559493826,
              32.20081732044549
            ],
            [
              29.232238559493826,
              32.2009071519739
            ],
            [
              29.232148727965413,
              32.2009071519739
            ],
            [
              29.232148727965413,
              32.201176646559134
            ],
            [
              29.232238559493826,
              32.201176646559134
            ],
            [
              29.232238559493826,
              32.20153597267279
            ],
            [
              29.232328391022236,
              32.20153597267279
            ],
            [
              29.232328391022236,
              32.201715635729606
            ],
            [
              29.23241822255065,
              32.201715635729606
            ],
            [
              29.23241822255065,
              32.201985130314846
            ],
            [
              29.232328391022236,
              32.201985130314846
            ],
            [
              29.232328391022236,
              32.20207496184326
            ],
            [
              29.23241822255065,
              32.20207496184326
            ],
            [
              29.23241822255065,
              32.20234445642849
            ],
            [
              29.232328391022236,
              32.20234445642849
            ],
            [
              29.232328391022236,
              32.202434287956905
            ],
            [
              29.23241822255065,
              32.202434287956905
            ],
            [
              29.23241822255065,
              32.20252411948532
            ],
            [
              29.232328391022236,
              32.20252411948532
            ],
            [
              29.232328391022236,
              32.20279361407055
            ],
            [
              29.23241822255065,
              32.20279361407055
            ],
            [
              29.23241822255065,
              32.2031529401842
            ],
            [
              29.232328391022236,
              32.2031529401842
            ],
            [
              29.232328391022236,
              32.20324277171261
            ],
            [
              29.232238559493826,
              32.20324277171261
            ],
            [
              29.232238559493826,
              32.203422434769436
            ],
            [
              29.232148727965413,
              32.203422434769436
            ],
            [
              29.232148727965413,
              32.20360209782626
            ],
            [
              29.232238559493826,
              32.20360209782626
            ],
            [
              29.232238559493826,
              32.20369192935467
            ],
            [
              29.232328391022236,
              32.20369192935467
            ],
            [
              29.232328391022236,
              32.203871592411495
            ],
            [
              29.23241822255065,
              32.203871592411495
            ],
            [
              29.23241822255065,
              32.204320750053554
            ],
            [
              29.23250805407906,
              32.204320750053554
            ],
            [
              29.23250805407906,
              32.20441058158197
            ],
            [
              29.232597885607472,
              32.20441058158197
            ],
            [
              29.232597885607472,
              32.204590244638794
            ],
            [
              29.232687717135885,
              32.204590244638794
            ],
            [
              29.232687717135885,
              32.20476990769561
            ],
            [
              29.232777548664295,
              32.20476990769561
            ],
            [
              29.232777548664295,
              32.20503940228085
            ],
            [
              29.232867380192708,
              32.20503940228085
            ],
            [
              29.232867380192708,
              32.20512923380926
            ],
            [
              29.23295721172112,
              32.20512923380926
            ],
            [
              29.23295721172112,
              32.20548855992291
            ],
            [
              29.23304704324953,
              32.20548855992291
            ],
            [
              29.23304704324953,
              32.20566822297973
            ],
            [
              29.233136874777944,
              32.20566822297973
            ],
            [
              29.233136874777944,
              32.20629704367862
            ],
            [
              29.23304704324953,
              32.20629704367862
            ],
            [
              29.23304704324953,
              32.206476706735444
            ],
            [
              29.233136874777944,
              32.206476706735444
            ],
            [
              29.233136874777944,
              32.20665636979226
            ],
            [
              29.23304704324953,
              32.20665636979226
            ],
            [
              29.23304704324953,
              32.20674620132068
            ],
            [
              29.233136874777944,
              32.20674620132068
            ],
            [
              29.233136874777944,
              32.207195358962736
            ],
            [
              29.233226706306358,
              32.207195358962736
            ],
            [
              29.233226706306358,
              32.20728519049115
            ],
            [
              29.233316537834767,
              32.20728519049115
            ],
            [
              29.233316537834767,
              32.20737502201956
            ],
            [
              29.233226706306358,
              32.20737502201956
            ],
            [
              29.233226706306358,
              32.20755468507639
            ],
            [
              29.233316537834767,
              32.20755468507639
            ],
            [
              29.233316537834767,
              32.20773434813321
            ],
            [
              29.23340636936318,
              32.20773434813321
            ],
            [
              29.23340636936318,
              32.20800384271845
            ],
            [
              29.23349620089159,
              32.20800384271845
            ],
            [
              29.23349620089159,
              32.208093674246854
            ],
            [
              29.23340636936318,
              32.208093674246854
            ],
            [
              29.23340636936318,
              32.20818350577527
            ],
            [
              29.23349620089159,
              32.20818350577527
            ],
            [
              29.23349620089159,
              32.20881232647415
            ],
            [
              29.23340636936318,
              32.20881232647415
            ],
            [
              29.23340636936318,
              32.20926148411621
            ],
            [
              29.233316537834767,
              32.20926148411621
            ],
            [
              29.233316537834767,
              32.20962081022986
            ],
            [
              29.233226706306358,
              32.20962081022986
            ],
            [
              29.233226706306358,
              32.209800473286684
            ],
            [
              29.233136874777944,
              32.209800473286684
            ],
            [
              29.233136874777944,
              32.2098903048151
            ],
            [
              29.233226706306358,
              32.2098903048151
            ],
            [
              29.233226706306358,
              32.20998013634351
            ],
            [
              29.233136874777944,
              32.20998013634351
            ],
            [
              29.233136874777944,
              32.210788620099216
            ],
            [
              29.233226706306358,
              32.210788620099216
            ],
            [
              29.233226706306358,
              32.21087845162763
            ],
            [
              29.233316537834767,
              32.21087845162763
            ],
            [
              29.233316537834767,
              32.21105811468445
            ],
            [
              29.233226706306358,
              32.21105811468445
            ],
            [
              29.233226706306358,
              32.21114794621286
            ],
            [
              29.233316537834767,
              32.21114794621286
            ],
            [
              29.233316537834767,
              32.21132760926969
            ],
            [
              29.233226706306358,
              32.21132760926969
            ],
            [
              29.233226706306358,
              32.21159710385492
            ],
            [
              29.233316537834767,
              32.21159710385492
            ],
            [
              29.233316537834767,
              32.211686935383334
            ],
            [
              29.233226706306358,
              32.211686935383334
            ],
            [
              29.233226706306358,
              32.21195642996857
            ],
            [
              29.233136874777944,
              32.21195642996857
            ],
            [
              29.233136874777944,
              32.212944576781105
            ],
            [
              29.233226706306358,
              32.212944576781105
            ],
            [
              29.233226706306358,
              32.213393734423164
            ],
            [
              29.233316537834767,
              32.213393734423164
            ],
            [
              29.233316537834767,
              32.21357339747998
            ],
            [
              29.23340636936318,
              32.21357339747998
            ],
            [
              29.23340636936318,
              32.2136632290084
            ],
            [
              29.233316537834767,
              32.2136632290084
            ],
            [
              29.233316537834767,
              32.21375306053681
            ],
            [
              29.23340636936318,
              32.21375306053681
            ],
            [
              29.23340636936318,
              32.213932723593636
            ],
            [
              29.23349620089159,
              32.213932723593636
            ],
            [
              29.23349620089159,
              32.21420221817887
            ],
            [
              29.233586032420003,
              32.21420221817887
            ],
            [
              29.233586032420003,
              32.214381881235695
            ],
            [
              29.233675863948417,
              32.214381881235695
            ],
            [
              29.233675863948417,
              32.21537002804823
            ],
            [
              29.233586032420003,
              32.21537002804823
            ],
            [
              29.233586032420003,
              32.21545985957664
            ],
            [
              29.233675863948417,
              32.21545985957664
            ],
            [
              29.233675863948417,
              32.21563952263346
            ],
            [
              29.233586032420003,
              32.21563952263346
            ],
            [
              29.233586032420003,
              32.215819185690286
            ],
            [
              29.233675863948417,
              32.215819185690286
            ],
            [
              29.233675863948417,
              32.21599884874711
            ],
            [
              29.233586032420003,
              32.21599884874711
            ],
            [
              29.233586032420003,
              32.21662766944599
            ],
            [
              29.233675863948417,
              32.21662766944599
            ],
            [
              29.233675863948417,
              32.216717500974404
            ],
            [
              29.233586032420003,
              32.216717500974404
            ],
            [
              29.233586032420003,
              32.21716665861646
            ],
            [
              29.23349620089159,
              32.21716665861646
            ],
            [
              29.23349620089159,
              32.21725649014488
            ],
            [
              29.233586032420003,
              32.21725649014488
            ],
            [
              29.233586032420003,
              32.21734632167329
            ],
            [
              29.23349620089159,
              32.21734632167329
            ],
            [
              29.23349620089159,
              32.2174361532017
            ],
            [
              29.23340636936318,
              32.2174361532017
            ],
            [
              29.23340636936318,
              32.21752598473011
            ],
            [
              29.23349620089159,
              32.21752598473011
            ],
            [
              29.23349620089159,
              32.218154805428995
            ],
            [
              29.23340636936318,
              32.218154805428995
            ],
            [
              29.23340636936318,
              32.21824463695741
            ],
            [
              29.23349620089159,
              32.21824463695741
            ],
            [
              29.23349620089159,
              32.21869379459947
            ],
            [
              29.233586032420003,
              32.21869379459947
            ],
            [
              29.233586032420003,
              32.218873457656294
            ],
            [
              29.23349620089159,
              32.218873457656294
            ],
            [
              29.23349620089159,
              32.21905312071311
            ],
            [
              29.233586032420003,
              32.21905312071311
            ],
            [
              29.233586032420003,
              32.219142952241526
            ],
            [
              29.23349620089159,
              32.219142952241526
            ],
            [
              29.23349620089159,
              32.21923278376994
            ],
            [
              29.233586032420003,
              32.21923278376994
            ],
            [
              29.233586032420003,
              32.21932261529835
            ],
            [
              29.23349620089159,
              32.21932261529835
            ],
            [
              29.23349620089159,
              32.219412446826766
            ],
            [
              29.233586032420003,
              32.219412446826766
            ],
            [
              29.233586032420003,
              32.219861604468825
            ],
            [
              29.233675863948417,
              32.219861604468825
            ],
            [
              29.233675863948417,
              32.21995143599724
            ],
            [
              29.233765695476826,
              32.21995143599724
            ],
            [
              29.233765695476826,
              32.220041267525644
            ],
            [
              29.23385552700524,
              32.220041267525644
            ],
            [
              29.23385552700524,
              32.22013109905406
            ],
            [
              29.233945358533653,
              32.22013109905406
            ],
            [
              29.233945358533653,
              32.22075991975294
            ],
            [
              29.23385552700524,
              32.22075991975294
            ],
            [
              29.23385552700524,
              32.22084975128136
            ],
            [
              29.233945358533653,
              32.22084975128136
            ],
            [
              29.233945358533653,
              32.22093958280977
            ],
            [
              29.23385552700524,
              32.22093958280977
            ],
            [
              29.23385552700524,
              32.22111924586659
            ],
            [
              29.233765695476826,
              32.22111924586659
            ],
            [
              29.233765695476826,
              32.221298908923416
            ],
            [
              29.233675863948417,
              32.221298908923416
            ],
            [
              29.233675863948417,
              32.22138874045183
            ],
            [
              29.233586032420003,
              32.22138874045183
            ],
            [
              29.233586032420003,
              32.221478571980235
            ],
            [
              29.23349620089159,
              32.221478571980235
            ],
            [
              29.23349620089159,
              32.22156840350865
            ],
            [
              29.233586032420003,
              32.22156840350865
            ],
            [
              29.233586032420003,
              32.22165823503706
            ],
            [
              29.23340636936318,
              32.22165823503706
            ],
            [
              29.23340636936318,
              32.221748066565475
            ],
            [
              29.23304704324953,
              32.221748066565475
            ],
            [
              29.23304704324953,
              32.22183789809389
            ],
            [
              29.23295721172112,
              32.22183789809389
            ],
            [
              29.23295721172112,
              32.221748066565475
            ],
            [
              29.232867380192708,
              32.221748066565475
            ],
            [
              29.232867380192708,
              32.22183789809389
            ],
            [
              29.232777548664295,
              32.22183789809389
            ],
            [
              29.232777548664295,
              32.221748066565475
            ],
            [
              29.232687717135885,
              32.221748066565475
            ],
            [
              29.232687717135885,
              32.2219277296223
            ],
            [
              29.232777548664295,
              32.2219277296223
            ],
            [
              29.232777548664295,
              32.22210739267912
            ],
            [
              29.232687717135885,
              32.22210739267912
            ],
            [
              29.232687717135885,
              32.22228705573595
            ],
            [
              29.232777548664295,
              32.22228705573595
            ],
            [
              29.232777548664295,
              32.22237688726436
            ],
            [
              29.232867380192708,
              32.22237688726436
            ],
            [
              29.232867380192708,
              32.22255655032118
            ],
            [
              29.232777548664295,
              32.22255655032118
            ],
            [
              29.232777548664295,
              32.22246671879277
            ],
            [
              29.232687717135885,
              32.22246671879277
            ],
            [
              29.232687717135885,
              32.22264638184959
            ],
            [
              29.232777548664295,
              32.22264638184959
            ],
            [
              29.232777548664295,
              32.222736213378006
            ],
            [
              29.232867380192708,
              32.222736213378006
            ],
            [
              29.232867380192708,
              32.22291587643483
            ],
            [
              29.232777548664295,
              32.22291587643483
            ],
            [
              29.232777548664295,
              32.22300570796324
            ],
            [
              29.23295721172112,
              32.22300570796324
            ],
            [
              29.23295721172112,
              32.22309553949165
            ],
            [
              29.23304704324953,
              32.22309553949165
            ],
            [
              29.23304704324953,
              32.223185371020065
            ],
            [
              29.233136874777944,
              32.223185371020065
            ],
            [
              29.233136874777944,
              32.22327520254848
            ],
            [
              29.233226706306358,
              32.22327520254848
            ],
            [
              29.233226706306358,
              32.2234548656053
            ],
            [
              29.233316537834767,
              32.2234548656053
            ],
            [
              29.233316537834767,
              32.223634528662124
            ],
            [
              29.23340636936318,
              32.223634528662124
            ],
            [
              29.23340636936318,
              32.22372436019054
            ],
            [
              29.23349620089159,
              32.22372436019054
            ],
            [
              29.23349620089159,
              32.22399385477577
            ],
            [
              29.233586032420003,
              32.22399385477577
            ],
            [
              29.233586032420003,
              32.22435318088942
            ],
            [
              29.233675863948417,
              32.22435318088942
            ],
            [
              29.233675863948417,
              32.22453284394624
            ],
            [
              29.233765695476826,
              32.22453284394624
            ],
            [
              29.233765695476826,
              32.22471250700307
            ],
            [
              29.23385552700524,
              32.22471250700307
            ],
            [
              29.23385552700524,
              32.225071833116715
            ],
            [
              29.233945358533653,
              32.225071833116715
            ],
            [
              29.233945358533653,
              32.22561082228719
            ],
            [
              29.234035190062063,
              32.22561082228719
            ],
            [
              29.234035190062063,
              32.225790485344014
            ],
            [
              29.234125021590476,
              32.225790485344014
            ],
            [
              29.234125021590476,
              32.22588031687243
            ],
            [
              29.234035190062063,
              32.22588031687243
            ],
            [
              29.234035190062063,
              32.22597014840083
            ],
            [
              29.234125021590476,
              32.22597014840083
            ],
            [
              29.234125021590476,
              32.226059979929246
            ],
            [
              29.234035190062063,
              32.226059979929246
            ],
            [
              29.234035190062063,
              32.22614981145766
            ],
            [
              29.234125021590476,
              32.22614981145766
            ],
            [
              29.234125021590476,
              32.226329474514486
            ],
            [
              29.23421485311889,
              32.226329474514486
            ],
            [
              29.23421485311889,
              32.22641930604289
            ],
            [
              29.234125021590476,
              32.22641930604289
            ],
            [
              29.234125021590476,
              32.226509137571306
            ],
            [
              29.23421485311889,
              32.226509137571306
            ],
            [
              29.23421485311889,
              32.226778632156545
            ],
            [
              29.234125021590476,
              32.226778632156545
            ],
            [
              29.234125021590476,
              32.226958295213365
            ],
            [
              29.23421485311889,
              32.226958295213365
            ],
            [
              29.23421485311889,
              32.22731762132702
            ],
            [
              29.2343046846473,
              32.22731762132702
            ],
            [
              29.2343046846473,
              32.22749728438384
            ],
            [
              29.23421485311889,
              32.22749728438384
            ],
            [
              29.23421485311889,
              32.22785661049749
            ],
            [
              29.234125021590476,
              32.22785661049749
            ],
            [
              29.234125021590476,
              32.22803627355431
            ],
            [
              29.23421485311889,
              32.22803627355431
            ],
            [
              29.23421485311889,
              32.22812610508272
            ],
            [
              29.234125021590476,
              32.22812610508272
            ],
            [
              29.234125021590476,
              32.228215936611136
            ],
            [
              29.234035190062063,
              32.228215936611136
            ],
            [
              29.234035190062063,
              32.22830576813955
            ],
            [
              29.234125021590476,
              32.22830576813955
            ],
            [
              29.234125021590476,
              32.228665094253195
            ],
            [
              29.23421485311889,
              32.228665094253195
            ],
            [
              29.23421485311889,
              32.22875492578161
            ],
            [
              29.2343046846473,
              32.22875492578161
            ],
            [
              29.2343046846473,
              32.22956340953731
            ],
            [
              29.234394516175712,
              32.22956340953731
            ],
            [
              29.234394516175712,
              32.22974307259414
            ],
            [
              29.2343046846473,
              32.22974307259414
            ],
            [
              29.2343046846473,
              32.22992273565096
            ],
            [
              29.234394516175712,
              32.22992273565096
            ],
            [
              29.234394516175712,
              32.23028206176461
            ],
            [
              29.23448434770412,
              32.23028206176461
            ],
            [
              29.23448434770412,
              32.23046172482143
            ],
            [
              29.234574179232535,
              32.23046172482143
            ],
            [
              29.234574179232535,
              32.23073121940667
            ],
            [
              29.234664010760948,
              32.23073121940667
            ],
            [
              29.234664010760948,
              32.23091088246349
            ],
            [
              29.234753842289358,
              32.23091088246349
            ],
            [
              29.234753842289358,
              32.231000713991904
            ],
            [
              29.234933505346184,
              32.231000713991904
            ],
            [
              29.234933505346184,
              32.23118037704873
            ],
            [
              29.235023336874594,
              32.23118037704873
            ],
            [
              29.235023336874594,
              32.23136004010555
            ],
            [
              29.23520299993142,
              32.23136004010555
            ],
            [
              29.23520299993142,
              32.23144987163396
            ],
            [
              29.23529283145983,
              32.23144987163396
            ],
            [
              29.23529283145983,
              32.231539703162376
            ],
            [
              29.235382662988243,
              32.231539703162376
            ],
            [
              29.235382662988243,
              32.2317193662192
            ],
            [
              29.235472494516653,
              32.2317193662192
            ],
            [
              29.235472494516653,
              32.23189902927602
            ],
            [
              29.23565215757348,
              32.23189902927602
            ],
            [
              29.23565215757348,
              32.23216852386126
            ],
            [
              29.23574198910189,
              32.23216852386126
            ],
            [
              29.23574198910189,
              32.23234818691808
            ],
            [
              29.235831820630303,
              32.23234818691808
            ],
            [
              29.235831820630303,
              32.232438018446494
            ],
            [
              29.235921652158716,
              32.232438018446494
            ],
            [
              29.235921652158716,
              32.23261768150332
            ],
            [
              29.236011483687125,
              32.23261768150332
            ],
            [
              29.236011483687125,
              32.23306683914538
            ],
            [
              29.23610131521554,
              32.23306683914538
            ],
            [
              29.23610131521554,
              32.23315667067379
            ],
            [
              29.236191146743952,
              32.23315667067379
            ],
            [
              29.236191146743952,
              32.233246502202206
            ],
            [
              29.23610131521554,
              32.233246502202206
            ],
            [
              29.23610131521554,
              32.233875322901085
            ],
            [
              29.236191146743952,
              32.233875322901085
            ],
            [
              29.236191146743952,
              32.2339651544295
            ],
            [
              29.23610131521554,
              32.2339651544295
            ],
            [
              29.23610131521554,
              32.23423464901474
            ],
            [
              29.236191146743952,
              32.23423464901474
            ],
            [
              29.236191146743952,
              32.234324480543144
            ],
            [
              29.23610131521554,
              32.234324480543144
            ],
            [
              29.23610131521554,
              32.234593975128384
            ],
            [
              29.236191146743952,
              32.234593975128384
            ],
            [
              29.236191146743952,
              32.23495330124203
            ],
            [
              29.23628097827236,
              32.23495330124203
            ],
            [
              29.23628097827236,
              32.235132964298856
            ],
            [
              29.236370809800775,
              32.235132964298856
            ],
            [
              29.236370809800775,
              32.23522279582727
            ],
            [
              29.236460641329185,
              32.23522279582727
            ],
            [
              29.236460641329185,
              32.235582121940915
            ],
            [
              29.236550472857598,
              32.235582121940915
            ],
            [
              29.236550472857598,
              32.23576178499774
            ],
            [
              29.23664030438601,
              32.23576178499774
            ],
            [
              29.23664030438601,
              32.23585161652615
            ],
            [
              29.23673013591442,
              32.23585161652615
            ],
            [
              29.23673013591442,
              32.23648043722503
            ],
            [
              29.236819967442834,
              32.23648043722503
            ],
            [
              29.236819967442834,
              32.23674993181027
            ],
            [
              29.236909798971247,
              32.23674993181027
            ],
            [
              29.236909798971247,
              32.23692959486709
            ],
            [
              29.236819967442834,
              32.23692959486709
            ],
            [
              29.236819967442834,
              32.237019426395506
            ],
            [
              29.236909798971247,
              32.237019426395506
            ],
            [
              29.236909798971247,
              32.23719908945233
            ],
            [
              29.236819967442834,
              32.23719908945233
            ],
            [
              29.236819967442834,
              32.23755841556598
            ],
            [
              29.23673013591442,
              32.23755841556598
            ],
            [
              29.23673013591442,
              32.23764824709439
            ],
            [
              29.23664030438601,
              32.23764824709439
            ],
            [
              29.23664030438601,
              32.237917741679624
            ],
            [
              29.236550472857598,
              32.237917741679624
            ],
            [
              29.236550472857598,
              32.23827706779327
            ],
            [
              29.236460641329185,
              32.23827706779327
            ],
            [
              29.236460641329185,
              32.238726225435336
            ],
            [
              29.236370809800775,
              32.238726225435336
            ],
            [
              29.236370809800775,
              32.23881605696374
            ],
            [
              29.236460641329185,
              32.23881605696374
            ],
            [
              29.236460641329185,
              32.238905888492155
            ],
            [
              29.236370809800775,
              32.238905888492155
            ],
            [
              29.236370809800775,
              32.23899572002057
            ],
            [
              29.23628097827236,
              32.23899572002057
            ],
            [
              29.23628097827236,
              32.23908555154898
            ],
            [
              29.236191146743952,
              32.23908555154898
            ],
            [
              29.236191146743952,
              32.239175383077395
            ],
            [
              29.23610131521554,
              32.239175383077395
            ],
            [
              29.23610131521554,
              32.2392652146058
            ],
            [
              29.236191146743952,
              32.2392652146058
            ],
            [
              29.236191146743952,
              32.239355046134214
            ],
            [
              29.23610131521554,
              32.239355046134214
            ],
            [
              29.23610131521554,
              32.23944487766263
            ],
            [
              29.236011483687125,
              32.23944487766263
            ],
            [
              29.236011483687125,
              32.23971437224787
            ],
            [
              29.235921652158716,
              32.23971437224787
            ],
            [
              29.235921652158716,
              32.23980420377627
            ],
            [
              29.236011483687125,
              32.23980420377627
            ],
            [
              29.236011483687125,
              32.24007369836151
            ],
            [
              29.23610131521554,
              32.24007369836151
            ],
            [
              29.23610131521554,
              32.24025336141833
            ],
            [
              29.236191146743952,
              32.24025336141833
            ],
            [
              29.236191146743952,
              32.240343192946746
            ],
            [
              29.23628097827236,
              32.240343192946746
            ],
            [
              29.23628097827236,
              32.24052285600357
            ],
            [
              29.236370809800775,
              32.24052285600357
            ],
            [
              29.236370809800775,
              32.240612687531986
            ],
            [
              29.236460641329185,
              32.240612687531986
            ],
            [
              29.236460641329185,
              32.24097201364563
            ],
            [
              29.236550472857598,
              32.24097201364563
            ],
            [
              29.236550472857598,
              32.241061845174045
            ],
            [
              29.23664030438601,
              32.241061845174045
            ],
            [
              29.23664030438601,
              32.241241508230864
            ],
            [
              29.23673013591442,
              32.241241508230864
            ],
            [
              29.23673013591442,
              32.241511002816104
            ],
            [
              29.236819967442834,
              32.241511002816104
            ],
            [
              29.236819967442834,
              32.24213982351499
            ],
            [
              29.236909798971247,
              32.24213982351499
            ],
            [
              29.236909798971247,
              32.24231948657181
            ],
            [
              29.236999630499657,
              32.24231948657181
            ],
            [
              29.236999630499657,
              32.24240931810022
            ],
            [
              29.236909798971247,
              32.24240931810022
            ],
            [
              29.236909798971247,
              32.242499149628635
            ],
            [
              29.23708946202807,
              32.242499149628635
            ],
            [
              29.23708946202807,
              32.24276864421387
            ],
            [
              29.237179293556483,
              32.24276864421387
            ],
            [
              29.237179293556483,
              32.24312797032752
            ],
            [
              29.237269125084893,
              32.24312797032752
            ],
            [
              29.237269125084893,
              32.24321780185593
            ],
            [
              29.237358956613306,
              32.24321780185593
            ],
            [
              29.237358956613306,
              32.24330763338434
            ],
            [
              29.237269125084893,
              32.24330763338434
            ],
            [
              29.237269125084893,
              32.24339746491275
            ],
            [
              29.237358956613306,
              32.24339746491275
            ],
            [
              29.237358956613306,
              32.24357712796958
            ],
            [
              29.237448788141716,
              32.24357712796958
            ],
            [
              29.237448788141716,
              32.2437567910264
            ],
            [
              29.23753861967013,
              32.2437567910264
            ],
            [
              29.23753861967013,
              32.243936454083226
            ],
            [
              29.237628451198542,
              32.243936454083226
            ],
            [
              29.237628451198542,
              32.24402628561164
            ],
            [
              29.23753861967013,
              32.24402628561164
            ],
            [
              29.23753861967013,
              32.24429578019687
            ],
            [
              29.237628451198542,
              32.24429578019687
            ],
            [
              29.237628451198542,
              32.2444754432537
            ],
            [
              29.237718282726952,
              32.2444754432537
            ],
            [
              29.237718282726952,
              32.24456527478211
            ],
            [
              29.237628451198542,
              32.24456527478211
            ],
            [
              29.237628451198542,
              32.244655106310525
            ],
            [
              29.237718282726952,
              32.244655106310525
            ],
            [
              29.237718282726952,
              32.24474493783893
            ],
            [
              29.237628451198542,
              32.24474493783893
            ],
            [
              29.237628451198542,
              32.244834769367344
            ],
            [
              29.237718282726952,
              32.244834769367344
            ],
            [
              29.237718282726952,
              32.24492460089576
            ],
            [
              29.237628451198542,
              32.24492460089576
            ],
            [
              29.237628451198542,
              32.24501443242417
            ],
            [
              29.237718282726952,
              32.24501443242417
            ],
            [
              29.237718282726952,
              32.245643253123056
            ],
            [
              29.237628451198542,
              32.245643253123056
            ],
            [
              29.237628451198542,
              32.24573308465146
            ],
            [
              29.237718282726952,
              32.24573308465146
            ],
            [
              29.237718282726952,
              32.24645173687876
            ],
            [
              29.237808114255365,
              32.24645173687876
            ],
            [
              29.237808114255365,
              32.246541568407174
            ],
            [
              29.237718282726952,
              32.246541568407174
            ],
            [
              29.237718282726952,
              32.246721231463994
            ],
            [
              29.237628451198542,
              32.246721231463994
            ],
            [
              29.237628451198542,
              32.24681106299241
            ],
            [
              29.237718282726952,
              32.24681106299241
            ],
            [
              29.237718282726952,
              32.24690089452082
            ],
            [
              29.23753861967013,
              32.24690089452082
            ],
            [
              29.23753861967013,
              32.24717038910606
            ],
            [
              29.237628451198542,
              32.24717038910606
            ],
            [
              29.237628451198542,
              32.247260220634466
            ],
            [
              29.23753861967013,
              32.247260220634466
            ],
            [
              29.23753861967013,
              32.24735005216288
            ],
            [
              29.237718282726952,
              32.24735005216288
            ],
            [
              29.237718282726952,
              32.24743988369129
            ],
            [
              29.237628451198542,
              32.24743988369129
            ],
            [
              29.237628451198542,
              32.247529715219706
            ],
            [
              29.237718282726952,
              32.247529715219706
            ],
            [
              29.237718282726952,
              32.24779920980494
            ],
            [
              29.237808114255365,
              32.24779920980494
            ],
            [
              29.237808114255365,
              32.24788904133335
            ],
            [
              29.23789794578378,
              32.24788904133335
            ],
            [
              29.23789794578378,
              32.24815853591859
            ],
            [
              29.23798777731219,
              32.24815853591859
            ],
            [
              29.23798777731219,
              32.24833819897541
            ],
            [
              29.2380776088406,
              32.24833819897541
            ],
            [
              29.2380776088406,
              32.24851786203224
            ],
            [
              29.238167440369015,
              32.24851786203224
            ],
            [
              29.238167440369015,
              32.24914668273112
            ],
            [
              29.2380776088406,
              32.24914668273112
            ],
            [
              29.2380776088406,
              32.24923651425953
            ],
            [
              29.23798777731219,
              32.24923651425953
            ],
            [
              29.23798777731219,
              32.249416177316355
            ],
            [
              29.237718282726952,
              32.249416177316355
            ],
            [
              29.237718282726952,
              32.24950600884477
            ],
            [
              29.237628451198542,
              32.24950600884477
            ],
            [
              29.237628451198542,
              32.24959584037318
            ],
            [
              29.237718282726952,
              32.24959584037318
            ],
            [
              29.237718282726952,
              32.24968567190159
            ],
            [
              29.237808114255365,
              32.24968567190159
            ],
            [
              29.237808114255365,
              32.24977550343
            ],
            [
              29.23789794578378,
              32.24977550343
            ],
            [
              29.23789794578378,
              32.24995516648683
            ],
            [
              29.2380776088406,
              32.24995516648683
            ],
            [
              29.2380776088406,
              32.25004499801524
            ],
            [
              29.238167440369015,
              32.25004499801524
            ],
            [
              29.238167440369015,
              32.250134829543654
            ],
            [
              29.238257271897425,
              32.250134829543654
            ],
            [
              29.238257271897425,
              32.250314492600474
            ],
            [
              29.238436934954247,
              32.250314492600474
            ],
            [
              29.238436934954247,
              32.25040432412889
            ],
            [
              29.23852676648266,
              32.25040432412889
            ],
            [
              29.23852676648266,
              32.2504941556573
            ],
            [
              29.238616598011074,
              32.2504941556573
            ],
            [
              29.238616598011074,
              32.25058398718571
            ],
            [
              29.238706429539484,
              32.25058398718571
            ],
            [
              29.238706429539484,
              32.25067381871412
            ],
            [
              29.238796261067897,
              32.25067381871412
            ],
            [
              29.238796261067897,
              32.25076365024253
            ],
            [
              29.23888609259631,
              32.25076365024253
            ],
            [
              29.23888609259631,
              32.25094331329936
            ],
            [
              29.23897592412472,
              32.25094331329936
            ],
            [
              29.23897592412472,
              32.251122976356186
            ],
            [
              29.239065755653133,
              32.251122976356186
            ],
            [
              29.239065755653133,
              32.25121280788459
            ],
            [
              29.23897592412472,
              32.25121280788459
            ],
            [
              29.23897592412472,
              32.251302639413005
            ],
            [
              29.239065755653133,
              32.251302639413005
            ],
            [
              29.239065755653133,
              32.251572133998245
            ],
            [
              29.239155587181546,
              32.251572133998245
            ],
            [
              29.239155587181546,
              32.251751797055064
            ],
            [
              29.239245418709956,
              32.251751797055064
            ],
            [
              29.239245418709956,
              32.252021291640304
            ],
            [
              29.23933525023837,
              32.252021291640304
            ],
            [
              29.23933525023837,
              32.25220095469712
            ],
            [
              29.239425081766782,
              32.25220095469712
            ],
            [
              29.239425081766782,
              32.25238061775395
            ],
            [
              29.239514913295192,
              32.25238061775395
            ],
            [
              29.239514913295192,
              32.25265011233918
            ],
            [
              29.239604744823605,
              32.25265011233918
            ],
            [
              29.239604744823605,
              32.253009438452835
            ],
            [
              29.239694576352015,
              32.253009438452835
            ],
            [
              29.239694576352015,
              32.25309926998125
            ],
            [
              29.239604744823605,
              32.25309926998125
            ],
            [
              29.239604744823605,
              32.253189101509655
            ],
            [
              29.239694576352015,
              32.253189101509655
            ],
            [
              29.239694576352015,
              32.253638259151714
            ],
            [
              29.23978440788043,
              32.253638259151714
            ],
            [
              29.23978440788043,
              32.25381792220854
            ],
            [
              29.23987423940884,
              32.25381792220854
            ],
            [
              29.23987423940884,
              32.25399758526537
            ],
            [
              29.23996407093725,
              32.25399758526537
            ],
            [
              29.23996407093725,
              32.2542670798506
            ],
            [
              29.240053902465664,
              32.2542670798506
            ],
            [
              29.240053902465664,
              32.25435691137901
            ],
            [
              29.23996407093725,
              32.25435691137901
            ],
            [
              29.23996407093725,
              32.254446742907426
            ],
            [
              29.240053902465664,
              32.254446742907426
            ],
            [
              29.240053902465664,
              32.25471623749266
            ],
            [
              29.240143733994078,
              32.25471623749266
            ],
            [
              29.240143733994078,
              32.254895900549485
            ],
            [
              29.240233565522487,
              32.254895900549485
            ],
            [
              29.240233565522487,
              32.25507556360631
            ],
            [
              29.2403233970509,
              32.25507556360631
            ],
            [
              29.2403233970509,
              32.255345058191544
            ],
            [
              29.240413228579314,
              32.255345058191544
            ],
            [
              29.240413228579314,
              32.25570438430519
            ],
            [
              29.240503060107724,
              32.25570438430519
            ],
            [
              29.240503060107724,
              32.25588404736202
            ],
            [
              29.240592891636137,
              32.25588404736202
            ],
            [
              29.240592891636137,
              32.25606371041884
            ],
            [
              29.240682723164547,
              32.25606371041884
            ],
            [
              29.240682723164547,
              32.25624337347566
            ],
            [
              29.24077255469296,
              32.25624337347566
            ],
            [
              29.24077255469296,
              32.2565128680609
            ],
            [
              29.240862386221373,
              32.2565128680609
            ],
            [
              29.240862386221373,
              32.25660269958931
            ],
            [
              29.241042049278196,
              32.25660269958931
            ],
            [
              29.241042049278196,
              32.25669253111772
            ],
            [
              29.241311543863432,
              32.25669253111772
            ],
            [
              29.241311543863432,
              32.256782362646135
            ],
            [
              29.241491206920255,
              32.256782362646135
            ],
            [
              29.241491206920255,
              32.25795017251549
            ],
            [
              29.241670869977078,
              32.25795017251549
            ],
            [
              29.241670869977078,
              32.258040004043906
            ],
            [
              29.24176070150549,
              32.258040004043906
            ],
            [
              29.24176070150549,
              32.25812983557231
            ],
            [
              29.241850533033904,
              32.25812983557231
            ],
            [
              29.241850533033904,
              32.25830949862914
            ],
            [
              29.241940364562314,
              32.25830949862914
            ],
            [
              29.241940364562314,
              32.258489161685965
            ],
            [
              29.242030196090727,
              32.258489161685965
            ]
          ],
          [
            [
              29.251103180460333,
              32.26971810273746
            ],
            [
              29.251103180460333,
              32.26980793426587
            ],
            [
              29.251013348931924,
              32.26980793426587
            ],
            [
              29.251013348931924,
              32.26971810273746
            ],
            [
              29.251103180460333,
              32.26971810273746
            ]
          ],
          [
            [
              29.251013348931924,
              32.26989776579428
            ],
            [
              29.25092351740351,
              32.26989776579428
            ],
            [
              29.25092351740351,
              32.26980793426587
            ],
            [
              29.251013348931924,
              32.26980793426587
            ],
            [
              29.251013348931924,
              32.26989776579428
            ]
          ],
          [
            [
              29.25029469670463,
              32.25399758526537
            ],
            [
              29.25029469670463,
              32.253907753736954
            ],
            [
              29.250384528233038,
              32.253907753736954
            ],
            [
              29.250384528233038,
              32.25399758526537
            ],
            [
              29.25029469670463,
              32.25399758526537
            ]
          ],
          [
            [
              29.244635310414672,
              32.23522279582727
            ],
            [
              29.244635310414672,
              32.235132964298856
            ],
            [
              29.244725141943086,
              32.235132964298856
            ],
            [
              29.244725141943086,
              32.23522279582727
            ],
            [
              29.244635310414672,
              32.23522279582727
            ]
          ],
          [
            [
              29.24912688683527,
              32.24303813879911
            ],
            [
              29.249216718363684,
              32.24303813879911
            ],
            [
              29.249216718363684,
              32.24312797032752
            ],
            [
              29.24912688683527,
              32.24312797032752
            ],
            [
              29.24912688683527,
              32.24303813879911
            ]
          ],
          [
            [
              29.23241822255065,
              32.15149981134733
            ],
            [
              29.23241822255065,
              32.151409979818915
            ],
            [
              29.23250805407906,
              32.151409979818915
            ],
            [
              29.23250805407906,
              32.15149981134733
            ],
            [
              29.23241822255065,
              32.15149981134733
            ]
          ],
          [
            [
              29.23295721172112,
              32.22291587643483
            ],
            [
              29.23304704324953,
              32.22291587643483
            ],
            [
              29.23304704324953,
              32.22300570796324
            ],
            [
              29.23295721172112,
              32.22300570796324
            ],
            [
              29.23295721172112,
              32.22291587643483
            ]
          ],
          [
            [
              29.248947223778448,
              32.26837062981128
            ],
            [
              29.248857392250034,
              32.26837062981128
            ],
            [
              29.248857392250034,
              32.268280798282866
            ],
            [
              29.248947223778448,
              32.268280798282866
            ],
            [
              29.248947223778448,
              32.26837062981128
            ]
          ],
          [
            [
              29.24122171233502,
              32.253009438452835
            ],
            [
              29.24113188080661,
              32.253009438452835
            ],
            [
              29.24113188080661,
              32.25291960692442
            ],
            [
              29.241042049278196,
              32.25291960692442
            ],
            [
              29.241042049278196,
              32.25282977539601
            ],
            [
              29.240862386221373,
              32.25282977539601
            ],
            [
              29.240862386221373,
              32.25265011233918
            ],
            [
              29.24077255469296,
              32.25265011233918
            ],
            [
              29.24077255469296,
              32.252560280810776
            ],
            [
              29.240682723164547,
              32.252560280810776
            ],
            [
              29.240682723164547,
              32.25247044928236
            ],
            [
              29.240503060107724,
              32.25247044928236
            ],
            [
              29.240503060107724,
              32.25238061775395
            ],
            [
              29.240413228579314,
              32.25238061775395
            ],
            [
              29.240413228579314,
              32.25220095469712
            ],
            [
              29.2403233970509,
              32.25220095469712
            ],
            [
              29.2403233970509,
              32.252021291640304
            ],
            [
              29.240233565522487,
              32.252021291640304
            ],
            [
              29.240233565522487,
              32.25121280788459
            ],
            [
              29.2403233970509,
              32.25121280788459
            ],
            [
              29.2403233970509,
              32.25058398718571
            ],
            [
              29.240413228579314,
              32.25058398718571
            ],
            [
              29.240413228579314,
              32.25040432412889
            ],
            [
              29.2403233970509,
              32.25040432412889
            ],
            [
              29.2403233970509,
              32.24968567190159
            ],
            [
              29.240233565522487,
              32.24968567190159
            ],
            [
              29.240233565522487,
              32.24959584037318
            ],
            [
              29.2403233970509,
              32.24959584037318
            ],
            [
              29.2403233970509,
              32.249416177316355
            ],
            [
              29.240053902465664,
              32.249416177316355
            ],
            [
              29.240053902465664,
              32.24923651425953
            ],
            [
              29.23996407093725,
              32.24923651425953
            ],
            [
              29.23996407093725,
              32.24914668273112
            ],
            [
              29.240053902465664,
              32.24914668273112
            ],
            [
              29.240053902465664,
              32.24887718814588
            ],
            [
              29.240143733994078,
              32.24887718814588
            ],
            [
              29.240143733994078,
              32.24869752508906
            ],
            [
              29.240233565522487,
              32.24869752508906
            ],
            [
              29.240233565522487,
              32.24851786203224
            ],
            [
              29.2403233970509,
              32.24851786203224
            ],
            [
              29.2403233970509,
              32.248428030503824
            ],
            [
              29.240413228579314,
              32.248428030503824
            ],
            [
              29.240413228579314,
              32.24851786203224
            ],
            [
              29.240503060107724,
              32.24851786203224
            ],
            [
              29.240503060107724,
              32.24860769356065
            ],
            [
              29.240682723164547,
              32.24860769356065
            ],
            [
              29.240682723164547,
              32.24878735661747
            ],
            [
              29.24077255469296,
              32.24878735661747
            ],
            [
              29.24077255469296,
              32.24887718814588
            ],
            [
              29.240862386221373,
              32.24887718814588
            ],
            [
              29.240862386221373,
              32.248967019674296
            ],
            [
              29.240952217749783,
              32.248967019674296
            ],
            [
              29.240952217749783,
              32.24905685120271
            ],
            [
              29.241042049278196,
              32.24905685120271
            ],
            [
              29.241042049278196,
              32.24914668273112
            ],
            [
              29.24113188080661,
              32.24914668273112
            ],
            [
              29.24113188080661,
              32.24932634578794
            ],
            [
              29.24122171233502,
              32.24932634578794
            ],
            [
              29.24122171233502,
              32.249416177316355
            ],
            [
              29.241311543863432,
              32.249416177316355
            ],
            [
              29.241311543863432,
              32.24932634578794
            ],
            [
              29.241491206920255,
              32.24932634578794
            ],
            [
              29.241491206920255,
              32.25094331329936
            ],
            [
              29.241670869977078,
              32.25094331329936
            ],
            [
              29.241670869977078,
              32.25103314482777
            ],
            [
              29.241491206920255,
              32.25103314482777
            ],
            [
              29.241491206920255,
              32.251122976356186
            ],
            [
              29.241670869977078,
              32.251122976356186
            ],
            [
              29.241670869977078,
              32.25121280788459
            ],
            [
              29.24158103844867,
              32.25121280788459
            ],
            [
              29.24158103844867,
              32.251302639413005
            ],
            [
              29.24176070150549,
              32.251302639413005
            ],
            [
              29.24176070150549,
              32.25139247094142
            ],
            [
              29.241850533033904,
              32.25139247094142
            ],
            [
              29.241850533033904,
              32.252021291640304
            ],
            [
              29.24176070150549,
              32.252021291640304
            ],
            [
              29.24176070150549,
              32.25211112316872
            ],
            [
              29.241850533033904,
              32.25211112316872
            ],
            [
              29.241850533033904,
              32.25220095469712
            ],
            [
              29.24176070150549,
              32.25220095469712
            ],
            [
              29.24176070150549,
              32.25238061775395
            ],
            [
              29.241850533033904,
              32.25238061775395
            ],
            [
              29.241850533033904,
              32.252560280810776
            ],
            [
              29.24176070150549,
              32.252560280810776
            ],
            [
              29.24176070150549,
              32.25282977539601
            ],
            [
              29.241850533033904,
              32.25282977539601
            ],
            [
              29.241850533033904,
              32.25291960692442
            ],
            [
              29.24176070150549,
              32.25291960692442
            ],
            [
              29.24176070150549,
              32.253189101509655
            ],
            [
              29.241850533033904,
              32.253189101509655
            ],
            [
              29.241850533033904,
              32.25327893303807
            ],
            [
              29.24176070150549,
              32.25327893303807
            ],
            [
              29.24176070150549,
              32.253458596094895
            ],
            [
              29.241850533033904,
              32.253458596094895
            ],
            [
              29.241850533033904,
              32.253638259151714
            ],
            [
              29.24176070150549,
              32.253638259151714
            ],
            [
              29.24176070150549,
              32.25372809068013
            ],
            [
              29.241850533033904,
              32.25372809068013
            ],
            [
              29.241850533033904,
              32.25435691137901
            ],
            [
              29.241940364562314,
              32.25435691137901
            ],
            [
              29.241940364562314,
              32.254446742907426
            ],
            [
              29.241850533033904,
              32.254446742907426
            ],
            [
              29.241850533033904,
              32.25480606902107
            ],
            [
              29.24158103844867,
              32.25480606902107
            ],
            [
              29.24158103844867,
              32.2549857320779
            ],
            [
              29.241491206920255,
              32.2549857320779
            ],
            [
              29.241491206920255,
              32.25327893303807
            ],
            [
              29.24158103844867,
              32.25327893303807
            ],
            [
              29.24158103844867,
              32.253189101509655
            ],
            [
              29.241491206920255,
              32.253189101509655
            ],
            [
              29.241491206920255,
              32.25309926998125
            ],
            [
              29.24122171233502,
              32.25309926998125
            ],
            [
              29.24122171233502,
              32.253009438452835
            ]
          ],
          [
            [
              29.245982783340853,
              32.249865334958415
            ],
            [
              29.24589295181244,
              32.249865334958415
            ],
            [
              29.24589295181244,
              32.24977550343
            ],
            [
              29.24580312028403,
              32.24977550343
            ],
            [
              29.24580312028403,
              32.24959584037318
            ],
            [
              29.24589295181244,
              32.24959584037318
            ],
            [
              29.24589295181244,
              32.249416177316355
            ],
            [
              29.24544379417038,
              32.249416177316355
            ],
            [
              29.24544379417038,
              32.24923651425953
            ],
            [
              29.245533625698794,
              32.24923651425953
            ],
            [
              29.245533625698794,
              32.24914668273112
            ],
            [
              29.24544379417038,
              32.24914668273112
            ],
            [
              29.24544379417038,
              32.248967019674296
            ],
            [
              29.24535396264197,
              32.248967019674296
            ],
            [
              29.24535396264197,
              32.24887718814588
            ],
            [
              29.24544379417038,
              32.24887718814588
            ],
            [
              29.24544379417038,
              32.24878735661747
            ],
            [
              29.245533625698794,
              32.24878735661747
            ],
            [
              29.245533625698794,
              32.24869752508906
            ],
            [
              29.24544379417038,
              32.24869752508906
            ],
            [
              29.24544379417038,
              32.24860769356065
            ],
            [
              29.24535396264197,
              32.24860769356065
            ],
            [
              29.24535396264197,
              32.248428030503824
            ],
            [
              29.245533625698794,
              32.248428030503824
            ],
            [
              29.245533625698794,
              32.24833819897541
            ],
            [
              29.24544379417038,
              32.24833819897541
            ],
            [
              29.24544379417038,
              32.248248367447
            ],
            [
              29.245713288755617,
              32.248248367447
            ],
            [
              29.245713288755617,
              32.24833819897541
            ],
            [
              29.24580312028403,
              32.24833819897541
            ],
            [
              29.24580312028403,
              32.24851786203224
            ],
            [
              29.24589295181244,
              32.24851786203224
            ],
            [
              29.24589295181244,
              32.24869752508906
            ],
            [
              29.24580312028403,
              32.24869752508906
            ],
            [
              29.24580312028403,
              32.24878735661747
            ],
            [
              29.245982783340853,
              32.24878735661747
            ],
            [
              29.245982783340853,
              32.24887718814588
            ],
            [
              29.246162446397676,
              32.24887718814588
            ],
            [
              29.246162446397676,
              32.248967019674296
            ],
            [
              29.24625227792609,
              32.248967019674296
            ],
            [
              29.24625227792609,
              32.24914668273112
            ],
            [
              29.246342109454503,
              32.24914668273112
            ],
            [
              29.246342109454503,
              32.24923651425953
            ],
            [
              29.24625227792609,
              32.24923651425953
            ],
            [
              29.24625227792609,
              32.249416177316355
            ],
            [
              29.246342109454503,
              32.249416177316355
            ],
            [
              29.246342109454503,
              32.24950600884477
            ],
            [
              29.246431940982912,
              32.24950600884477
            ],
            [
              29.246431940982912,
              32.24995516648683
            ],
            [
              29.24625227792609,
              32.24995516648683
            ],
            [
              29.24625227792609,
              32.250134829543654
            ],
            [
              29.246162446397676,
              32.250134829543654
            ],
            [
              29.246162446397676,
              32.25004499801524
            ],
            [
              29.245982783340853,
              32.25004499801524
            ],
            [
              29.245982783340853,
              32.249865334958415
            ]
          ],
          [
            [
              29.246431940982912,
              32.249416177316355
            ],
            [
              29.246521772511326,
              32.249416177316355
            ],
            [
              29.246521772511326,
              32.24950600884477
            ],
            [
              29.246431940982912,
              32.24950600884477
            ],
            [
              29.246431940982912,
              32.249416177316355
            ]
          ],
          [
            [
              29.242748848318023,
              32.23657026875345
            ],
            [
              29.242748848318023,
              32.23666010028186
            ],
            [
              29.242928511374846,
              32.23666010028186
            ],
            [
              29.242928511374846,
              32.23674993181027
            ],
            [
              29.243108174431672,
              32.23674993181027
            ],
            [
              29.243108174431672,
              32.23692959486709
            ],
            [
              29.243287837488495,
              32.23692959486709
            ],
            [
              29.243287837488495,
              32.23710925792392
            ],
            [
              29.24337766901691,
              32.23710925792392
            ],
            [
              29.24337766901691,
              32.23728892098074
            ],
            [
              29.243467500545318,
              32.23728892098074
            ],
            [
              29.243467500545318,
              32.23737875250915
            ],
            [
              29.24337766901691,
              32.23737875250915
            ],
            [
              29.24337766901691,
              32.237468584037565
            ],
            [
              29.243467500545318,
              32.237468584037565
            ],
            [
              29.243467500545318,
              32.23764824709439
            ],
            [
              29.24355733207373,
              32.23764824709439
            ],
            [
              29.24355733207373,
              32.237738078622804
            ],
            [
              29.24364716360214,
              32.237738078622804
            ],
            [
              29.24364716360214,
              32.23809740473645
            ],
            [
              29.243736995130554,
              32.23809740473645
            ],
            [
              29.243736995130554,
              32.23836689932168
            ],
            [
              29.243826826658967,
              32.23836689932168
            ],
            [
              29.243826826658967,
              32.23854656237851
            ],
            [
              29.243916658187377,
              32.23854656237851
            ],
            [
              29.243916658187377,
              32.238905888492155
            ],
            [
              29.24400648971579,
              32.238905888492155
            ],
            [
              29.24400648971579,
              32.23944487766263
            ],
            [
              29.244096321244204,
              32.23944487766263
            ],
            [
              29.244096321244204,
              32.239624540719454
            ],
            [
              29.244186152772613,
              32.239624540719454
            ],
            [
              29.244186152772613,
              32.23980420377627
            ],
            [
              29.244275984301026,
              32.23980420377627
            ],
            [
              29.244275984301026,
              32.23989403530469
            ],
            [
              29.24436581582944,
              32.23989403530469
            ],
            [
              29.24436581582944,
              32.24025336141833
            ],
            [
              29.24445564735785,
              32.24025336141833
            ],
            [
              29.24445564735785,
              32.24052285600357
            ],
            [
              29.24436581582944,
              32.24052285600357
            ],
            [
              29.24436581582944,
              32.2407025190604
            ],
            [
              29.24445564735785,
              32.2407025190604
            ],
            [
              29.24445564735785,
              32.24088218211722
            ],
            [
              29.244545478886263,
              32.24088218211722
            ],
            [
              29.244545478886263,
              32.24097201364563
            ],
            [
              29.244635310414672,
              32.24097201364563
            ],
            [
              29.244635310414672,
              32.241241508230864
            ],
            [
              29.244725141943086,
              32.241241508230864
            ],
            [
              29.244725141943086,
              32.24133133975928
            ],
            [
              29.244635310414672,
              32.24133133975928
            ],
            [
              29.244635310414672,
              32.241511002816104
            ],
            [
              29.244725141943086,
              32.241511002816104
            ],
            [
              29.244725141943086,
              32.241780497401336
            ],
            [
              29.2448149734715,
              32.241780497401336
            ],
            [
              29.2448149734715,
              32.24196016045816
            ],
            [
              29.244725141943086,
              32.24196016045816
            ],
            [
              29.244725141943086,
              32.242049991986576
            ],
            [
              29.2448149734715,
              32.242049991986576
            ],
            [
              29.2448149734715,
              32.24231948657181
            ],
            [
              29.24490480499991,
              32.24231948657181
            ],
            [
              29.24490480499991,
              32.242499149628635
            ],
            [
              29.24499463652832,
              32.242499149628635
            ],
            [
              29.24499463652832,
              32.24267881268546
            ],
            [
              29.245084468056735,
              32.24267881268546
            ],
            [
              29.245084468056735,
              32.24312797032752
            ],
            [
              29.245174299585145,
              32.24312797032752
            ],
            [
              29.245174299585145,
              32.24339746491275
            ],
            [
              29.245084468056735,
              32.24339746491275
            ],
            [
              29.245084468056735,
              32.24384662255481
            ],
            [
              29.245174299585145,
              32.24384662255481
            ],
            [
              29.245174299585145,
              32.24429578019687
            ],
            [
              29.245264131113558,
              32.24429578019687
            ],
            [
              29.245264131113558,
              32.24474493783893
            ],
            [
              29.245174299585145,
              32.24474493783893
            ],
            [
              29.245174299585145,
              32.244834769367344
            ],
            [
              29.245084468056735,
              32.244834769367344
            ],
            [
              29.245084468056735,
              32.24501443242417
            ],
            [
              29.24499463652832,
              32.24501443242417
            ],
            [
              29.24499463652832,
              32.245104263952584
            ],
            [
              29.24490480499991,
              32.245104263952584
            ],
            [
              29.24490480499991,
              32.2452839270094
            ],
            [
              29.24499463652832,
              32.2452839270094
            ],
            [
              29.24499463652832,
              32.245373758537816
            ],
            [
              29.2448149734715,
              32.245373758537816
            ],
            [
              29.2448149734715,
              32.24546359006623
            ],
            [
              29.244635310414672,
              32.24546359006623
            ],
            [
              29.244635310414672,
              32.24555342159464
            ],
            [
              29.24436581582944,
              32.24555342159464
            ],
            [
              29.24436581582944,
              32.245643253123056
            ],
            [
              29.244275984301026,
              32.245643253123056
            ],
            [
              29.244275984301026,
              32.24573308465146
            ],
            [
              29.244186152772613,
              32.24573308465146
            ],
            [
              29.244186152772613,
              32.245822916179876
            ],
            [
              29.24400648971579,
              32.245822916179876
            ],
            [
              29.24400648971579,
              32.24591274770829
            ],
            [
              29.243916658187377,
              32.24591274770829
            ],
            [
              29.243916658187377,
              32.245822916179876
            ],
            [
              29.243826826658967,
              32.245822916179876
            ],
            [
              29.243826826658967,
              32.24591274770829
            ],
            [
              29.243736995130554,
              32.24591274770829
            ],
            [
              29.243736995130554,
              32.245822916179876
            ],
            [
              29.24364716360214,
              32.245822916179876
            ],
            [
              29.24364716360214,
              32.24591274770829
            ],
            [
              29.24355733207373,
              32.24591274770829
            ],
            [
              29.24355733207373,
              32.245822916179876
            ],
            [
              29.243467500545318,
              32.245822916179876
            ],
            [
              29.243467500545318,
              32.245643253123056
            ],
            [
              29.24337766901691,
              32.245643253123056
            ],
            [
              29.24337766901691,
              32.24555342159464
            ],
            [
              29.243287837488495,
              32.24555342159464
            ],
            [
              29.243287837488495,
              32.245373758537816
            ],
            [
              29.243198005960082,
              32.245373758537816
            ],
            [
              29.243198005960082,
              32.2452839270094
            ],
            [
              29.243108174431672,
              32.2452839270094
            ],
            [
              29.243108174431672,
              32.245104263952584
            ],
            [
              29.24301834290326,
              32.245104263952584
            ],
            [
              29.24301834290326,
              32.244834769367344
            ],
            [
              29.242928511374846,
              32.244834769367344
            ],
            [
              29.242928511374846,
              32.24420594866846
            ],
            [
              29.242838679846436,
              32.24420594866846
            ],
            [
              29.242838679846436,
              32.24384662255481
            ],
            [
              29.242748848318023,
              32.24384662255481
            ],
            [
              29.242748848318023,
              32.242948307270694
            ],
            [
              29.24265901678961,
              32.242948307270694
            ],
            [
              29.24265901678961,
              32.24276864421387
            ],
            [
              29.2425691852612,
              32.24276864421387
            ],
            [
              29.2425691852612,
              32.24258898115705
            ],
            [
              29.242479353732787,
              32.24258898115705
            ],
            [
              29.242479353732787,
              32.242499149628635
            ],
            [
              29.242389522204377,
              32.242499149628635
            ],
            [
              29.242389522204377,
              32.24240931810022
            ],
            [
              29.24220985914755,
              32.24240931810022
            ],
            [
              29.24220985914755,
              32.24231948657181
            ],
            [
              29.24212002761914,
              32.24231948657181
            ],
            [
              29.24212002761914,
              32.242229655043396
            ],
            [
              29.242030196090727,
              32.242229655043396
            ],
            [
              29.242030196090727,
              32.242049991986576
            ],
            [
              29.24212002761914,
              32.242049991986576
            ],
            [
              29.24212002761914,
              32.24187032892975
            ],
            [
              29.241940364562314,
              32.24187032892975
            ],
            [
              29.241940364562314,
              32.241780497401336
            ],
            [
              29.242030196090727,
              32.241780497401336
            ],
            [
              29.242030196090727,
              32.24169066587293
            ],
            [
              29.24212002761914,
              32.24169066587293
            ],
            [
              29.24212002761914,
              32.241511002816104
            ],
            [
              29.242030196090727,
              32.241511002816104
            ],
            [
              29.242030196090727,
              32.24133133975928
            ],
            [
              29.241940364562314,
              32.24133133975928
            ],
            [
              29.241940364562314,
              32.24115167670246
            ],
            [
              29.24176070150549,
              32.24115167670246
            ],
            [
              29.24176070150549,
              32.24088218211722
            ],
            [
              29.241670869977078,
              32.24088218211722
            ],
            [
              29.241670869977078,
              32.240792350588805
            ],
            [
              29.241491206920255,
              32.240792350588805
            ],
            [
              29.241491206920255,
              32.23863639390692
            ],
            [
              29.241401375391845,
              32.23863639390692
            ],
            [
              29.241401375391845,
              32.238456730850096
            ],
            [
              29.24122171233502,
              32.238456730850096
            ],
            [
              29.24122171233502,
              32.23836689932168
            ],
            [
              29.24113188080661,
              32.23836689932168
            ],
            [
              29.24113188080661,
              32.238187236264864
            ],
            [
              29.241042049278196,
              32.238187236264864
            ],
            [
              29.241042049278196,
              32.23728892098074
            ],
            [
              29.240952217749783,
              32.23728892098074
            ],
            [
              29.240952217749783,
              32.23683976333868
            ],
            [
              29.240862386221373,
              32.23683976333868
            ],
            [
              29.240862386221373,
              32.23666010028186
            ],
            [
              29.24077255469296,
              32.23666010028186
            ],
            [
              29.24077255469296,
              32.23639060569662
            ],
            [
              29.240682723164547,
              32.23639060569662
            ],
            [
              29.240682723164547,
              32.2362109426398
            ],
            [
              29.240592891636137,
              32.2362109426398
            ],
            [
              29.240592891636137,
              32.23567195346933
            ],
            [
              29.240682723164547,
              32.23567195346933
            ],
            [
              29.240682723164547,
              32.235582121940915
            ],
            [
              29.240862386221373,
              32.235582121940915
            ],
            [
              29.240862386221373,
              32.2354922904125
            ],
            [
              29.241042049278196,
              32.2354922904125
            ],
            [
              29.241042049278196,
              32.235582121940915
            ],
            [
              29.24113188080661,
              32.235582121940915
            ],
            [
              29.24113188080661,
              32.23567195346933
            ],
            [
              29.24122171233502,
              32.23567195346933
            ],
            [
              29.24122171233502,
              32.23576178499774
            ],
            [
              29.241491206920255,
              32.23576178499774
            ],
            [
              29.241491206920255,
              32.23639060569662
            ],
            [
              29.241670869977078,
              32.23639060569662
            ],
            [
              29.241670869977078,
              32.23648043722503
            ],
            [
              29.241850533033904,
              32.23648043722503
            ],
            [
              29.241850533033904,
              32.23639060569662
            ],
            [
              29.241940364562314,
              32.23639060569662
            ],
            [
              29.241940364562314,
              32.23648043722503
            ],
            [
              29.2425691852612,
              32.23648043722503
            ],
            [
              29.2425691852612,
              32.23657026875345
            ],
            [
              29.242748848318023,
              32.23657026875345
            ]
          ],
          [
            [
              29.241940364562314,
              32.24169066587293
            ],
            [
              29.241940364562314,
              32.24160083434452
            ],
            [
              29.242030196090727,
              32.24160083434452
            ],
            [
              29.242030196090727,
              32.24169066587293
            ],
            [
              29.241940364562314,
              32.24169066587293
            ]
          ],
          [
            [
              29.241670869977078,
              32.24097201364563
            ],
            [
              29.241491206920255,
              32.24097201364563
            ],
            [
              29.241491206920255,
              32.24088218211722
            ],
            [
              29.241670869977078,
              32.24088218211722
            ],
            [
              29.241670869977078,
              32.24097201364563
            ]
          ],
          [
            [
              29.249845539062566,
              32.242948307270694
            ],
            [
              29.24993537059098,
              32.242948307270694
            ],
            [
              29.24993537059098,
              32.24312797032752
            ],
            [
              29.249845539062566,
              32.24312797032752
            ],
            [
              29.249845539062566,
              32.242948307270694
            ]
          ],
          [
            [
              29.249755707534156,
              32.242948307270694
            ],
            [
              29.249755707534156,
              32.24285847574228
            ],
            [
              29.249845539062566,
              32.24285847574228
            ],
            [
              29.249845539062566,
              32.242948307270694
            ],
            [
              29.249755707534156,
              32.242948307270694
            ]
          ],
          [
            [
              29.24993537059098,
              32.24276864421387
            ],
            [
              29.250025202119392,
              32.24276864421387
            ],
            [
              29.250025202119392,
              32.242948307270694
            ],
            [
              29.24993537059098,
              32.242948307270694
            ],
            [
              29.24993537059098,
              32.24276864421387
            ]
          ],
          [
            [
              29.241940364562314,
              32.242229655043396
            ],
            [
              29.241850533033904,
              32.242229655043396
            ],
            [
              29.241850533033904,
              32.24213982351499
            ],
            [
              29.241940364562314,
              32.24213982351499
            ],
            [
              29.241940364562314,
              32.242229655043396
            ]
          ],
          [
            [
              29.244635310414672,
              32.23504313277044
            ],
            [
              29.244545478886263,
              32.23504313277044
            ],
            [
              29.244545478886263,
              32.23495330124203
            ],
            [
              29.244635310414672,
              32.23495330124203
            ],
            [
              29.244635310414672,
              32.23504313277044
            ]
          ],
          [
            [
              29.244725141943086,
              32.233875322901085
            ],
            [
              29.2448149734715,
              32.233875322901085
            ],
            [
              29.2448149734715,
              32.23405498595791
            ],
            [
              29.24490480499991,
              32.23405498595791
            ],
            [
              29.24490480499991,
              32.234144817486325
            ],
            [
              29.2448149734715,
              32.234144817486325
            ],
            [
              29.2448149734715,
              32.23423464901474
            ],
            [
              29.24490480499991,
              32.23423464901474
            ],
            [
              29.24490480499991,
              32.23450414359997
            ],
            [
              29.2448149734715,
              32.23450414359997
            ],
            [
              29.2448149734715,
              32.234593975128384
            ],
            [
              29.24490480499991,
              32.234593975128384
            ],
            [
              29.24490480499991,
              32.2346838066568
            ],
            [
              29.244725141943086,
              32.2346838066568
            ],
            [
              29.244725141943086,
              32.234593975128384
            ],
            [
              29.244635310414672,
              32.234593975128384
            ],
            [
              29.244635310414672,
              32.2346838066568
            ],
            [
              29.244545478886263,
              32.2346838066568
            ],
            [
              29.244545478886263,
              32.23441431207156
            ],
            [
              29.24445564735785,
              32.23441431207156
            ],
            [
              29.24445564735785,
              32.234324480543144
            ],
            [
              29.24436581582944,
              32.234324480543144
            ],
            [
              29.24436581582944,
              32.234144817486325
            ],
            [
              29.24445564735785,
              32.234144817486325
            ],
            [
              29.24445564735785,
              32.2339651544295
            ],
            [
              29.24436581582944,
              32.2339651544295
            ],
            [
              29.24436581582944,
              32.233875322901085
            ],
            [
              29.244545478886263,
              32.233875322901085
            ],
            [
              29.244545478886263,
              32.233695659844265
            ],
            [
              29.244725141943086,
              32.233695659844265
            ],
            [
              29.244725141943086,
              32.233875322901085
            ]
          ],
          [
            [
              29.244275984301026,
              32.234144817486325
            ],
            [
              29.244275984301026,
              32.23405498595791
            ],
            [
              29.24436581582944,
              32.23405498595791
            ],
            [
              29.24436581582944,
              32.234144817486325
            ],
            [
              29.244275984301026,
              32.234144817486325
            ]
          ],
          [
            [
              29.242479353732787,
              32.228215936611136
            ],
            [
              29.242389522204377,
              32.228215936611136
            ],
            [
              29.242389522204377,
              32.22785661049749
            ],
            [
              29.242479353732787,
              32.22785661049749
            ],
            [
              29.242479353732787,
              32.227946442025896
            ],
            [
              29.2425691852612,
              32.227946442025896
            ],
            [
              29.2425691852612,
              32.22812610508272
            ],
            [
              29.242479353732787,
              32.22812610508272
            ],
            [
              29.242479353732787,
              32.228215936611136
            ]
          ],
          [
            [
              29.241491206920255,
              32.226509137571306
            ],
            [
              29.241670869977078,
              32.226509137571306
            ],
            [
              29.241670869977078,
              32.22659896909972
            ],
            [
              29.241491206920255,
              32.22659896909972
            ],
            [
              29.241491206920255,
              32.226509137571306
            ]
          ],
          [
            [
              29.241670869977078,
              32.22641930604289
            ],
            [
              29.241491206920255,
              32.22641930604289
            ],
            [
              29.241491206920255,
              32.22561082228719
            ],
            [
              29.24158103844867,
              32.22561082228719
            ],
            [
              29.24158103844867,
              32.225520990758774
            ],
            [
              29.241491206920255,
              32.225520990758774
            ],
            [
              29.241491206920255,
              32.22543115923036
            ],
            [
              29.241670869977078,
              32.22543115923036
            ],
            [
              29.241670869977078,
              32.225520990758774
            ],
            [
              29.241850533033904,
              32.225520990758774
            ],
            [
              29.241850533033904,
              32.2257006538156
            ],
            [
              29.241940364562314,
              32.2257006538156
            ],
            [
              29.241940364562314,
              32.225790485344014
            ],
            [
              29.242030196090727,
              32.225790485344014
            ],
            [
              29.242030196090727,
              32.22588031687243
            ],
            [
              29.241940364562314,
              32.22588031687243
            ],
            [
              29.241940364562314,
              32.22597014840083
            ],
            [
              29.242030196090727,
              32.22597014840083
            ],
            [
              29.242030196090727,
              32.22623964298607
            ],
            [
              29.241940364562314,
              32.22623964298607
            ],
            [
              29.241940364562314,
              32.226329474514486
            ],
            [
              29.24212002761914,
              32.226329474514486
            ],
            [
              29.24212002761914,
              32.22641930604289
            ],
            [
              29.242030196090727,
              32.22641930604289
            ],
            [
              29.242030196090727,
              32.22659896909972
            ],
            [
              29.24176070150549,
              32.22659896909972
            ],
            [
              29.24176070150549,
              32.226509137571306
            ],
            [
              29.241670869977078,
              32.226509137571306
            ],
            [
              29.241670869977078,
              32.22641930604289
            ]
          ],
          [
            [
              29.23628097827236,
              32.22183789809389
            ],
            [
              29.236370809800775,
              32.22183789809389
            ],
            [
              29.236370809800775,
              32.222197224207534
            ],
            [
              29.236460641329185,
              32.222197224207534
            ],
            [
              29.236460641329185,
              32.22237688726436
            ],
            [
              29.236550472857598,
              32.22237688726436
            ],
            [
              29.236550472857598,
              32.22255655032118
            ],
            [
              29.236460641329185,
              32.22255655032118
            ],
            [
              29.236460641329185,
              32.22264638184959
            ],
            [
              29.236550472857598,
              32.22264638184959
            ],
            [
              29.236550472857598,
              32.22291587643483
            ],
            [
              29.23664030438601,
              32.22291587643483
            ],
            [
              29.23664030438601,
              32.22300570796324
            ],
            [
              29.236550472857598,
              32.22300570796324
            ],
            [
              29.236550472857598,
              32.22309553949165
            ],
            [
              29.23664030438601,
              32.22309553949165
            ],
            [
              29.23664030438601,
              32.22336503407689
            ],
            [
              29.23673013591442,
              32.22336503407689
            ],
            [
              29.23673013591442,
              32.22354469713371
            ],
            [
              29.23664030438601,
              32.22354469713371
            ],
            [
              29.23664030438601,
              32.22372436019054
            ],
            [
              29.23673013591442,
              32.22372436019054
            ],
            [
              29.23673013591442,
              32.22381419171895
            ],
            [
              29.23664030438601,
              32.22381419171895
            ],
            [
              29.23664030438601,
              32.22408368630418
            ],
            [
              29.236550472857598,
              32.22408368630418
            ],
            [
              29.236550472857598,
              32.22426334936101
            ],
            [
              29.236460641329185,
              32.22426334936101
            ],
            [
              29.236460641329185,
              32.22453284394624
            ],
            [
              29.236550472857598,
              32.22453284394624
            ],
            [
              29.236550472857598,
              32.224622675474656
            ],
            [
              29.236460641329185,
              32.224622675474656
            ],
            [
              29.236460641329185,
              32.22471250700307
            ],
            [
              29.236370809800775,
              32.22471250700307
            ],
            [
              29.236370809800775,
              32.22480233853148
            ],
            [
              29.236460641329185,
              32.22480233853148
            ],
            [
              29.236460641329185,
              32.22516166464513
            ],
            [
              29.236550472857598,
              32.22516166464513
            ],
            [
              29.236550472857598,
              32.22525149617354
            ],
            [
              29.23664030438601,
              32.22525149617354
            ],
            [
              29.23664030438601,
              32.22516166464513
            ],
            [
              29.23673013591442,
              32.22516166464513
            ],
            [
              29.23673013591442,
              32.22525149617354
            ],
            [
              29.236819967442834,
              32.22525149617354
            ],
            [
              29.236819967442834,
              32.22561082228719
            ],
            [
              29.23673013591442,
              32.22561082228719
            ],
            [
              29.23673013591442,
              32.2257006538156
            ],
            [
              29.23664030438601,
              32.2257006538156
            ],
            [
              29.23664030438601,
              32.225790485344014
            ],
            [
              29.236550472857598,
              32.225790485344014
            ],
            [
              29.236550472857598,
              32.2257006538156
            ],
            [
              29.236460641329185,
              32.2257006538156
            ],
            [
              29.236460641329185,
              32.225790485344014
            ],
            [
              29.236370809800775,
              32.225790485344014
            ],
            [
              29.236370809800775,
              32.2257006538156
            ],
            [
              29.23628097827236,
              32.2257006538156
            ],
            [
              29.23628097827236,
              32.22588031687243
            ],
            [
              29.236191146743952,
              32.22588031687243
            ],
            [
              29.236191146743952,
              32.22597014840083
            ],
            [
              29.235831820630303,
              32.22597014840083
            ],
            [
              29.235831820630303,
              32.226059979929246
            ],
            [
              29.23574198910189,
              32.226059979929246
            ],
            [
              29.23574198910189,
              32.22597014840083
            ],
            [
              29.235562326045066,
              32.22597014840083
            ],
            [
              29.235562326045066,
              32.22588031687243
            ],
            [
              29.23574198910189,
              32.22588031687243
            ],
            [
              29.23574198910189,
              32.2257006538156
            ],
            [
              29.235562326045066,
              32.2257006538156
            ],
            [
              29.235562326045066,
              32.22543115923036
            ],
            [
              29.23565215757348,
              32.22543115923036
            ],
            [
              29.23565215757348,
              32.225341327701955
            ],
            [
              29.235562326045066,
              32.225341327701955
            ],
            [
              29.235562326045066,
              32.22516166464513
            ],
            [
              29.23574198910189,
              32.22516166464513
            ],
            [
              29.23574198910189,
              32.2249820015883
            ],
            [
              29.235562326045066,
              32.2249820015883
            ],
            [
              29.235562326045066,
              32.22480233853148
            ],
            [
              29.23565215757348,
              32.22480233853148
            ],
            [
              29.23565215757348,
              32.224622675474656
            ],
            [
              29.235472494516653,
              32.224622675474656
            ],
            [
              29.235472494516653,
              32.22453284394624
            ],
            [
              29.235382662988243,
              32.22453284394624
            ],
            [
              29.235382662988243,
              32.22435318088942
            ],
            [
              29.23529283145983,
              32.22435318088942
            ],
            [
              29.23529283145983,
              32.22426334936101
            ],
            [
              29.23520299993142,
              32.22426334936101
            ],
            [
              29.23520299993142,
              32.22399385477577
            ],
            [
              29.235113168403007,
              32.22399385477577
            ],
            [
              29.235113168403007,
              32.22381419171895
            ],
            [
              29.23520299993142,
              32.22381419171895
            ],
            [
              29.23520299993142,
              32.22309553949165
            ],
            [
              29.23529283145983,
              32.22309553949165
            ],
            [
              29.23529283145983,
              32.22291587643483
            ],
            [
              29.235382662988243,
              32.22291587643483
            ],
            [
              29.235382662988243,
              32.22255655032118
            ],
            [
              29.235472494516653,
              32.22255655032118
            ],
            [
              29.235472494516653,
              32.22246671879277
            ],
            [
              29.235382662988243,
              32.22246671879277
            ],
            [
              29.235382662988243,
              32.22237688726436
            ],
            [
              29.235472494516653,
              32.22237688726436
            ],
            [
              29.235472494516653,
              32.22210739267912
            ],
            [
              29.235562326045066,
              32.22210739267912
            ],
            [
              29.235562326045066,
              32.221748066565475
            ],
            [
              29.23574198910189,
              32.221748066565475
            ],
            [
              29.23574198910189,
              32.22156840350865
            ],
            [
              29.235831820630303,
              32.22156840350865
            ],
            [
              29.235831820630303,
              32.221478571980235
            ],
            [
              29.23610131521554,
              32.221478571980235
            ],
            [
              29.23610131521554,
              32.22156840350865
            ],
            [
              29.236191146743952,
              32.22156840350865
            ],
            [
              29.236191146743952,
              32.22165823503706
            ],
            [
              29.23628097827236,
              32.22165823503706
            ],
            [
              29.23628097827236,
              32.22183789809389
            ]
          ],
          [
            [
              29.235562326045066,
              32.225790485344014
            ],
            [
              29.235472494516653,
              32.225790485344014
            ],
            [
              29.235472494516653,
              32.2257006538156
            ],
            [
              29.235562326045066,
              32.2257006538156
            ],
            [
              29.235562326045066,
              32.225790485344014
            ]
          ],
          [
            [
              29.235382662988243,
              32.2257006538156
            ],
            [
              29.235382662988243,
              32.22561082228719
            ],
            [
              29.235472494516653,
              32.22561082228719
            ],
            [
              29.235472494516653,
              32.2257006538156
            ],
            [
              29.235382662988243,
              32.2257006538156
            ]
          ],
          [
            [
              29.241401375391845,
              32.22480233853148
            ],
            [
              29.241042049278196,
              32.22480233853148
            ],
            [
              29.241042049278196,
              32.22471250700307
            ],
            [
              29.240952217749783,
              32.22471250700307
            ],
            [
              29.240952217749783,
              32.22435318088942
            ],
            [
              29.240862386221373,
              32.22435318088942
            ],
            [
              29.240862386221373,
              32.22426334936101
            ],
            [
              29.24077255469296,
              32.22426334936101
            ],
            [
              29.24077255469296,
              32.223904023247364
            ],
            [
              29.240592891636137,
              32.223904023247364
            ],
            [
              29.240592891636137,
              32.22372436019054
            ],
            [
              29.240413228579314,
              32.22372436019054
            ],
            [
              29.240413228579314,
              32.223634528662124
            ],
            [
              29.2403233970509,
              32.223634528662124
            ],
            [
              29.2403233970509,
              32.2234548656053
            ],
            [
              29.240233565522487,
              32.2234548656053
            ],
            [
              29.240233565522487,
              32.22336503407689
            ],
            [
              29.240143733994078,
              32.22336503407689
            ],
            [
              29.240143733994078,
              32.22327520254848
            ],
            [
              29.240053902465664,
              32.22327520254848
            ],
            [
              29.240053902465664,
              32.22309553949165
            ],
            [
              29.23987423940884,
              32.22309553949165
            ],
            [
              29.23987423940884,
              32.22300570796324
            ],
            [
              29.23978440788043,
              32.22300570796324
            ],
            [
              29.23978440788043,
              32.22291587643483
            ],
            [
              29.239694576352015,
              32.22291587643483
            ],
            [
              29.239694576352015,
              32.222736213378006
            ],
            [
              29.239604744823605,
              32.222736213378006
            ],
            [
              29.239604744823605,
              32.22264638184959
            ],
            [
              29.239514913295192,
              32.22264638184959
            ],
            [
              29.239514913295192,
              32.222197224207534
            ],
            [
              29.239425081766782,
              32.222197224207534
            ],
            [
              29.239425081766782,
              32.22210739267912
            ],
            [
              29.23933525023837,
              32.22210739267912
            ],
            [
              29.23933525023837,
              32.22165823503706
            ],
            [
              29.239245418709956,
              32.22165823503706
            ],
            [
              29.239245418709956,
              32.22138874045183
            ],
            [
              29.239155587181546,
              32.22138874045183
            ],
            [
              29.239155587181546,
              32.22111924586659
            ],
            [
              29.239065755653133,
              32.22111924586659
            ],
            [
              29.239065755653133,
              32.22093958280977
            ],
            [
              29.23897592412472,
              32.22093958280977
            ],
            [
              29.23897592412472,
              32.22075991975294
            ],
            [
              29.239065755653133,
              32.22075991975294
            ],
            [
              29.239065755653133,
              32.22067008822453
            ],
            [
              29.23897592412472,
              32.22067008822453
            ],
            [
              29.23897592412472,
              32.22058025669612
            ],
            [
              29.239155587181546,
              32.22058025669612
            ],
            [
              29.239155587181546,
              32.220490425167704
            ],
            [
              29.239065755653133,
              32.220490425167704
            ],
            [
              29.239065755653133,
              32.22022093058247
            ],
            [
              29.239155587181546,
              32.22022093058247
            ],
            [
              29.239155587181546,
              32.219861604468825
            ],
            [
              29.239245418709956,
              32.219861604468825
            ],
            [
              29.239245418709956,
              32.21995143599724
            ],
            [
              29.23933525023837,
              32.21995143599724
            ],
            [
              29.23933525023837,
              32.219861604468825
            ],
            [
              29.239425081766782,
              32.219861604468825
            ],
            [
              29.239425081766782,
              32.21995143599724
            ],
            [
              29.239694576352015,
              32.21995143599724
            ],
            [
              29.239694576352015,
              32.220041267525644
            ],
            [
              29.23987423940884,
              32.220041267525644
            ],
            [
              29.23987423940884,
              32.22013109905406
            ],
            [
              29.23996407093725,
              32.22013109905406
            ],
            [
              29.23996407093725,
              32.220041267525644
            ],
            [
              29.240053902465664,
              32.220041267525644
            ],
            [
              29.240053902465664,
              32.22013109905406
            ],
            [
              29.240143733994078,
              32.22013109905406
            ],
            [
              29.240143733994078,
              32.22022093058247
            ],
            [
              29.2403233970509,
              32.22022093058247
            ],
            [
              29.2403233970509,
              32.220310762110884
            ],
            [
              29.240413228579314,
              32.220310762110884
            ],
            [
              29.240413228579314,
              32.22058025669612
            ],
            [
              29.240503060107724,
              32.22058025669612
            ],
            [
              29.240503060107724,
              32.22075991975294
            ],
            [
              29.240682723164547,
              32.22075991975294
            ],
            [
              29.240682723164547,
              32.221029414338176
            ],
            [
              29.24077255469296,
              32.221029414338176
            ],
            [
              29.24077255469296,
              32.221478571980235
            ],
            [
              29.240862386221373,
              32.221478571980235
            ],
            [
              29.240862386221373,
              32.22165823503706
            ],
            [
              29.240952217749783,
              32.22165823503706
            ],
            [
              29.240952217749783,
              32.22183789809389
            ],
            [
              29.241042049278196,
              32.22183789809389
            ],
            [
              29.241042049278196,
              32.22210739267912
            ],
            [
              29.24113188080661,
              32.22210739267912
            ],
            [
              29.24113188080661,
              32.22228705573595
            ],
            [
              29.24122171233502,
              32.22228705573595
            ],
            [
              29.24122171233502,
              32.22237688726436
            ],
            [
              29.241311543863432,
              32.22237688726436
            ],
            [
              29.241311543863432,
              32.22246671879277
            ],
            [
              29.241491206920255,
              32.22246671879277
            ],
            [
              29.241491206920255,
              32.224892170059896
            ],
            [
              29.241401375391845,
              32.224892170059896
            ],
            [
              29.241401375391845,
              32.22480233853148
            ]
          ],
          [
            [
              29.24122171233502,
              32.222197224207534
            ],
            [
              29.241311543863432,
              32.222197224207534
            ],
            [
              29.241311543863432,
              32.22228705573595
            ],
            [
              29.24122171233502,
              32.22228705573595
            ],
            [
              29.24122171233502,
              32.222197224207534
            ]
          ],
          [
            [
              29.23295721172112,
              32.22210739267912
            ],
            [
              29.232867380192708,
              32.22210739267912
            ],
            [
              29.232867380192708,
              32.22201756115071
            ],
            [
              29.23295721172112,
              32.22201756115071
            ],
            [
              29.23295721172112,
              32.22210739267912
            ]
          ],
          [
            [
              29.239425081766782,
              32.21357339747998
            ],
            [
              29.239425081766782,
              32.21348356595158
            ],
            [
              29.23933525023837,
              32.21348356595158
            ],
            [
              29.23933525023837,
              32.213393734423164
            ],
            [
              29.239604744823605,
              32.213393734423164
            ],
            [
              29.239604744823605,
              32.21348356595158
            ],
            [
              29.23978440788043,
              32.21348356595158
            ],
            [
              29.23978440788043,
              32.21357339747998
            ],
            [
              29.23987423940884,
              32.21357339747998
            ],
            [
              29.23987423940884,
              32.2136632290084
            ],
            [
              29.23996407093725,
              32.2136632290084
            ],
            [
              29.23996407093725,
              32.21384289206522
            ],
            [
              29.23987423940884,
              32.21384289206522
            ],
            [
              29.23987423940884,
              32.213932723593636
            ],
            [
              29.23996407093725,
              32.213932723593636
            ],
            [
              29.23996407093725,
              32.21402255512204
            ],
            [
              29.240053902465664,
              32.21402255512204
            ],
            [
              29.240053902465664,
              32.214112386650456
            ],
            [
              29.23996407093725,
              32.214112386650456
            ],
            [
              29.23996407093725,
              32.21420221817887
            ],
            [
              29.240053902465664,
              32.21420221817887
            ],
            [
              29.240053902465664,
              32.21447171276411
            ],
            [
              29.240143733994078,
              32.21447171276411
            ],
            [
              29.240143733994078,
              32.214561544292515
            ],
            [
              29.240053902465664,
              32.214561544292515
            ],
            [
              29.240053902465664,
              32.214831038877755
            ],
            [
              29.240143733994078,
              32.214831038877755
            ],
            [
              29.240143733994078,
              32.21501070193458
            ],
            [
              29.240233565522487,
              32.21501070193458
            ],
            [
              29.240233565522487,
              32.21510053346299
            ],
            [
              29.2403233970509,
              32.21510053346299
            ],
            [
              29.2403233970509,
              32.21537002804823
            ],
            [
              29.240413228579314,
              32.21537002804823
            ],
            [
              29.240413228579314,
              32.2159090172187
            ],
            [
              29.2403233970509,
              32.2159090172187
            ],
            [
              29.2403233970509,
              32.21599884874711
            ],
            [
              29.240053902465664,
              32.21599884874711
            ],
            [
              29.240053902465664,
              32.2159090172187
            ],
            [
              29.23987423940884,
              32.2159090172187
            ],
            [
              29.23987423940884,
              32.21492087040617
            ],
            [
              29.239694576352015,
              32.21492087040617
            ],
            [
              29.239694576352015,
              32.21474120734934
            ],
            [
              29.239604744823605,
              32.21474120734934
            ],
            [
              29.239604744823605,
              32.21465137582093
            ],
            [
              29.239514913295192,
              32.21465137582093
            ],
            [
              29.239514913295192,
              32.214561544292515
            ],
            [
              29.239425081766782,
              32.214561544292515
            ],
            [
              29.239425081766782,
              32.21420221817887
            ],
            [
              29.23933525023837,
              32.21420221817887
            ],
            [
              29.23933525023837,
              32.21357339747998
            ],
            [
              29.239425081766782,
              32.21357339747998
            ]
          ],
          [
            [
              29.237808114255365,
              32.2151903649914
            ],
            [
              29.237808114255365,
              32.215280196519814
            ],
            [
              29.237718282726952,
              32.215280196519814
            ],
            [
              29.237718282726952,
              32.21510053346299
            ],
            [
              29.237628451198542,
              32.21510053346299
            ],
            [
              29.237628451198542,
              32.21492087040617
            ],
            [
              29.237718282726952,
              32.21492087040617
            ],
            [
              29.237718282726952,
              32.214831038877755
            ],
            [
              29.237808114255365,
              32.214831038877755
            ],
            [
              29.237808114255365,
              32.21492087040617
            ],
            [
              29.23789794578378,
              32.21492087040617
            ],
            [
              29.23789794578378,
              32.2151903649914
            ],
            [
              29.237808114255365,
              32.2151903649914
            ]
          ],
          [
            [
              29.23753861967013,
              32.21492087040617
            ],
            [
              29.23753861967013,
              32.214831038877755
            ],
            [
              29.237628451198542,
              32.214831038877755
            ],
            [
              29.237628451198542,
              32.21492087040617
            ],
            [
              29.23753861967013,
              32.21492087040617
            ]
          ],
          [
            [
              29.231519907266527,
              32.186893433541634
            ],
            [
              29.23160973879494,
              32.186893433541634
            ],
            [
              29.23160973879494,
              32.18698326507005
            ],
            [
              29.231699570323354,
              32.18698326507005
            ],
            [
              29.231699570323354,
              32.18725275965529
            ],
            [
              29.231430075738118,
              32.18725275965529
            ],
            [
              29.231430075738118,
              32.18707309659846
            ],
            [
              29.231340244209704,
              32.18707309659846
            ],
            [
              29.231340244209704,
              32.18698326507005
            ],
            [
              29.231430075738118,
              32.18698326507005
            ],
            [
              29.231430075738118,
              32.18680360201323
            ],
            [
              29.231519907266527,
              32.18680360201323
            ],
            [
              29.231519907266527,
              32.186893433541634
            ]
          ],
          [
            [
              29.231340244209704,
              32.18572562367228
            ],
            [
              29.231250412681295,
              32.18572562367228
            ],
            [
              29.231250412681295,
              32.18563579214387
            ],
            [
              29.23116058115288,
              32.18563579214387
            ],
            [
              29.23116058115288,
              32.18554596061546
            ],
            [
              29.231250412681295,
              32.18554596061546
            ],
            [
              29.231250412681295,
              32.18536629755863
            ],
            [
              29.231340244209704,
              32.18536629755863
            ],
            [
              29.231340244209704,
              32.18572562367228
            ]
          ]
        ]
      },
      "properties": {
        "event_id": "00012_det_0058",
        "source_image": "00012",
        "detection_class": "oil_spill",
        "pixel_count": 121265,
        "area_m2": 10233988.08,
        "area_km2": 10.233988,
        "geometry_crs": "EPSG:4326",
        "area_crs": "EPSG:32635",
        "area_method": "utm_projection_zone_35N",
        "centroid": [
          29.238476,
          32.205324
        ],
        "bbox": [
          29.227118,
          32.111435,
          29.25263,
          32.278342
        ],
        "threshold": 0.22,
        "probability_statistics": {
          "mean_probability": 0.88811,
          "max_probability": 1.0,
          "min_probability": 0.22021,
          "std_probability": 0.18985
        }
      }
    },
    {
      "type": "Feature",
      "id": "00012_det_0059",
      "geometry": {
        "type": "Polygon",
        "coordinates": [
          [
            [
              29.250204865176215,
              32.24285847574228
            ],
            [
              29.25029469670463,
              32.24285847574228
            ],
            [
              29.25029469670463,
              32.24276864421387
            ],
            [
              29.250204865176215,
              32.24276864421387
            ],
            [
              29.250204865176215,
              32.24285847574228
            ]
          ]
        ]
      },
      "properties": {
        "event_id": "00012_det_0059",
        "source_image": "00012",
        "detection_class": "oil_spill",
        "pixel_count": 1,
        "area_m2": 84.36,
        "area_km2": 8.4e-05,
        "geometry_crs": "EPSG:4326",
        "area_crs": "EPSG:32635",
        "area_method": "utm_projection_zone_35N",
        "centroid": [
          29.25025,
          32.242814
        ],
        "bbox": [
          29.250205,
          32.242769,
          29.250295,
          32.242858
        ],
        "threshold": 0.22,
        "probability_statistics": {
          "mean_probability": 0.2356,
          "max_probability": 0.2356,
          "min_probability": 0.2356,
          "std_probability": 0.0
        }
      }
    },
    {
      "type": "Feature",
      "id": "00012_det_0060",
      "geometry": {
        "type": "Polygon",
        "coordinates": [
          [
            [
              29.250384528233038,
              32.24276864421387
            ],
            [
              29.250384528233038,
              32.242948307270694
            ],
            [
              29.25029469670463,
              32.242948307270694
            ],
            [
              29.25029469670463,
              32.24312797032752
            ],
            [
              29.25047435976145,
              32.24312797032752
            ],
            [
              29.25047435976145,
              32.24321780185593
            ],
            [
              29.250654022818274,
              32.24321780185593
            ],
            [
              29.250654022818274,
              32.24312797032752
            ],
            [
              29.250743854346688,
              32.24312797032752
            ],
            [
              29.250743854346688,
              32.24321780185593
            ],
            [
              29.250833685875097,
              32.24321780185593
            ],
            [
              29.250833685875097,
              32.24330763338434
            ],
            [
              29.25092351740351,
              32.24330763338434
            ],
            [
              29.25092351740351,
              32.24339746491275
            ],
            [
              29.251103180460333,
              32.24339746491275
            ],
            [
              29.251103180460333,
              32.24348729644117
            ],
            [
              29.251193011988747,
              32.24348729644117
            ],
            [
              29.251193011988747,
              32.24357712796958
            ],
            [
              29.25137267504557,
              32.24357712796958
            ],
            [
              29.25137267504557,
              32.24366695949799
            ],
            [
              29.251552338102393,
              32.24366695949799
            ],
            [
              29.251552338102393,
              32.24384662255481
            ],
            [
              29.251642169630806,
              32.24384662255481
            ],
            [
              29.251642169630806,
              32.243936454083226
            ],
            [
              29.25173200115922,
              32.243936454083226
            ],
            [
              29.25173200115922,
              32.24411611714005
            ],
            [
              29.25182183268763,
              32.24411611714005
            ],
            [
              29.25182183268763,
              32.24429578019687
            ],
            [
              29.251911664216042,
              32.24429578019687
            ],
            [
              29.251911664216042,
              32.24456527478211
            ],
            [
              29.252001495744455,
              32.24456527478211
            ],
            [
              29.252001495744455,
              32.244655106310525
            ],
            [
              29.252091327272865,
              32.244655106310525
            ],
            [
              29.252091327272865,
              32.244834769367344
            ],
            [
              29.252181158801278,
              32.244834769367344
            ],
            [
              29.252181158801278,
              32.2452839270094
            ],
            [
              29.25227099032969,
              32.2452839270094
            ],
            [
              29.25227099032969,
              32.24591274770829
            ],
            [
              29.2523608218581,
              32.24591274770829
            ],
            [
              29.2523608218581,
              32.24618224229352
            ],
            [
              29.252450653386514,
              32.24618224229352
            ],
            [
              29.252450653386514,
              32.246541568407174
            ],
            [
              29.252540484914924,
              32.246541568407174
            ],
            [
              29.252540484914924,
              32.246721231463994
            ],
            [
              29.252630316443337,
              32.246721231463994
            ],
            [
              29.252630316443337,
              32.24699072604923
            ],
            [
              29.25272014797175,
              32.24699072604923
            ],
            [
              29.25272014797175,
              32.24717038910606
            ],
            [
              29.25280997950016,
              32.24717038910606
            ],
            [
              29.25280997950016,
              32.247260220634466
            ],
            [
              29.252899811028573,
              32.247260220634466
            ],
            [
              29.252899811028573,
              32.24743988369129
            ],
            [
              29.252989642556987,
              32.24743988369129
            ],
            [
              29.252989642556987,
              32.24788904133335
            ],
            [
              29.253079474085396,
              32.24788904133335
            ],
            [
              29.253079474085396,
              32.24806870439018
            ],
            [
              29.25316930561381,
              32.24806870439018
            ],
            [
              29.25316930561381,
              32.24815853591859
            ],
            [
              29.253259137142223,
              32.24815853591859
            ],
            [
              29.253259137142223,
              32.24833819897541
            ],
            [
              29.25316930561381,
              32.24833819897541
            ],
            [
              29.25316930561381,
              32.248428030503824
            ],
            [
              29.253259137142223,
              32.248428030503824
            ],
            [
              29.253259137142223,
              32.24869752508906
            ],
            [
              29.253348968670633,
              32.24869752508906
            ],
            [
              29.253348968670633,
              32.24887718814588
            ],
            [
              29.253438800199046,
              32.24887718814588
            ],
            [
              29.253438800199046,
              32.24914668273112
            ],
            [
              29.253348968670633,
              32.24914668273112
            ],
            [
              29.253348968670633,
              32.24923651425953
            ],
            [
              29.253438800199046,
              32.24923651425953
            ],
            [
              29.253438800199046,
              32.249416177316355
            ],
            [
              29.253528631727455,
              32.249416177316355
            ],
            [
              29.253528631727455,
              32.24959584037318
            ],
            [
              29.25361846325587,
              32.24959584037318
            ],
            [
              29.25361846325587,
              32.249416177316355
            ],
            [
              29.253708294784282,
              32.249416177316355
            ],
            [
              29.253708294784282,
              32.24959584037318
            ],
            [
              29.25379812631269,
              32.24959584037318
            ],
            [
              29.25379812631269,
              32.249416177316355
            ],
            [
              29.253887957841105,
              32.249416177316355
            ],
            [
              29.253887957841105,
              32.24959584037318
            ],
            [
              29.254067620897928,
              32.24959584037318
            ],
            [
              29.254067620897928,
              32.24968567190159
            ],
            [
              29.254337115483164,
              32.24968567190159
            ],
            [
              29.254337115483164,
              32.24959584037318
            ],
            [
              29.254516778539987,
              32.24959584037318
            ],
            [
              29.254516778539987,
              32.249416177316355
            ],
            [
              29.254786273125223,
              32.249416177316355
            ],
            [
              29.254786273125223,
              32.24932634578794
            ],
            [
              29.254876104653636,
              32.24932634578794
            ],
            [
              29.254876104653636,
              32.24914668273112
            ],
            [
              29.254786273125223,
              32.24914668273112
            ],
            [
              29.254786273125223,
              32.24878735661747
            ],
            [
              29.254876104653636,
              32.24878735661747
            ],
            [
              29.254876104653636,
              32.24869752508906
            ],
            [
              29.254786273125223,
              32.24869752508906
            ],
            [
              29.254786273125223,
              32.248248367447
            ],
            [
              29.254696441596813,
              32.248248367447
            ],
            [
              29.254696441596813,
              32.247978872861765
            ],
            [
              29.2546066100684,
              32.247978872861765
            ],
            [
              29.2546066100684,
              32.24779920980494
            ],
            [
              29.254516778539987,
              32.24779920980494
            ],
            [
              29.254516778539987,
              32.24761954674812
            ],
            [
              29.254426947011577,
              32.24761954674812
            ],
            [
              29.254426947011577,
              32.24743988369129
            ],
            [
              29.254337115483164,
              32.24743988369129
            ],
            [
              29.254337115483164,
              32.247260220634466
            ],
            [
              29.25415745242634,
              32.247260220634466
            ],
            [
              29.25415745242634,
              32.24708055757765
            ],
            [
              29.254067620897928,
              32.24708055757765
            ],
            [
              29.254067620897928,
              32.24681106299241
            ],
            [
              29.253887957841105,
              32.24681106299241
            ],
            [
              29.253887957841105,
              32.246541568407174
            ],
            [
              29.25379812631269,
              32.246541568407174
            ],
            [
              29.25379812631269,
              32.24645173687876
            ],
            [
              29.253708294784282,
              32.24645173687876
            ],
            [
              29.253708294784282,
              32.246092410765115
            ],
            [
              29.25361846325587,
              32.246092410765115
            ],
            [
              29.25361846325587,
              32.24591274770829
            ],
            [
              29.253528631727455,
              32.24591274770829
            ],
            [
              29.253528631727455,
              32.245822916179876
            ],
            [
              29.253438800199046,
              32.245822916179876
            ],
            [
              29.253438800199046,
              32.245643253123056
            ],
            [
              29.253348968670633,
              32.245643253123056
            ],
            [
              29.253348968670633,
              32.2452839270094
            ],
            [
              29.253259137142223,
              32.2452839270094
            ],
            [
              29.253259137142223,
              32.245104263952584
            ],
            [
              29.253079474085396,
              32.245104263952584
            ],
            [
              29.253079474085396,
              32.244834769367344
            ],
            [
              29.252989642556987,
              32.244834769367344
            ],
            [
              29.252989642556987,
              32.2444754432537
            ],
            [
              29.252899811028573,
              32.2444754432537
            ],
            [
              29.252899811028573,
              32.24411611714005
            ],
            [
              29.25280997950016,
              32.24411611714005
            ],
            [
              29.25280997950016,
              32.24366695949799
            ],
            [
              29.25272014797175,
              32.24366695949799
            ],
            [
              29.25272014797175,
              32.24357712796958
            ],
            [
              29.25280997950016,
              32.24357712796958
            ],
            [
              29.25280997950016,
              32.24348729644117
            ],
            [
              29.25272014797175,
              32.24348729644117
            ],
            [
              29.25272014797175,
              32.24330763338434
            ],
            [
              29.252630316443337,
              32.24330763338434
            ],
            [
              29.252630316443337,
              32.24276864421387
            ],
            [
              29.252540484914924,
              32.24276864421387
            ],
            [
              29.252540484914924,
              32.24267881268546
            ],
            [
              29.252630316443337,
              32.24267881268546
            ],
            [
              29.252630316443337,
              32.242499149628635
            ],
            [
              29.252540484914924,
              32.242499149628635
            ],
            [
              29.252540484914924,
              32.24240931810022
            ],
            [
              29.252450653386514,
              32.24240931810022
            ],
            [
              29.252450653386514,
              32.242229655043396
            ],
            [
              29.2523608218581,
              32.242229655043396
            ],
            [
              29.2523608218581,
              32.242049991986576
            ],
            [
              29.25227099032969,
              32.242049991986576
            ],
            [
              29.25227099032969,
              32.241780497401336
            ],
            [
              29.252091327272865,
              32.241780497401336
            ],
            [
              29.252091327272865,
              32.24169066587293
            ],
            [
              29.251911664216042,
              32.24169066587293
            ],
            [
              29.251911664216042,
              32.24160083434452
            ],
            [
              29.251642169630806,
              32.24160083434452
            ],
            [
              29.251642169630806,
              32.241511002816104
            ],
            [
              29.251552338102393,
              32.241511002816104
            ],
            [
              29.251552338102393,
              32.24160083434452
            ],
            [
              29.251462506573983,
              32.24160083434452
            ],
            [
              29.251462506573983,
              32.241511002816104
            ],
            [
              29.25137267504557,
              32.241511002816104
            ],
            [
              29.25137267504557,
              32.24160083434452
            ],
            [
              29.251103180460333,
              32.24160083434452
            ],
            [
              29.251103180460333,
              32.241780497401336
            ],
            [
              29.25092351740351,
              32.241780497401336
            ],
            [
              29.25092351740351,
              32.24187032892975
            ],
            [
              29.250743854346688,
              32.24187032892975
            ],
            [
              29.250743854346688,
              32.24196016045816
            ],
            [
              29.250654022818274,
              32.24196016045816
            ],
            [
              29.250654022818274,
              32.242049991986576
            ],
            [
              29.25047435976145,
              32.242049991986576
            ],
            [
              29.25047435976145,
              32.24213982351499
            ],
            [
              29.25056419128986,
              32.24213982351499
            ],
            [
              29.25056419128986,
              32.242229655043396
            ],
            [
              29.25029469670463,
              32.242229655043396
            ],
            [
              29.25029469670463,
              32.24240931810022
            ],
            [
              29.250384528233038,
              32.24240931810022
            ],
            [
              29.250384528233038,
              32.242499149628635
            ],
            [
              29.25029469670463,
              32.242499149628635
            ],
            [
              29.25029469670463,
              32.24276864421387
            ],
            [
              29.250384528233038,
              32.24276864421387
            ]
          ],
          [
            [
              29.250384528233038,
              32.24267881268546
            ],
            [
              29.25047435976145,
              32.24267881268546
            ],
            [
              29.25047435976145,
              32.24276864421387
            ],
            [
              29.250384528233038,
              32.24276864421387
            ],
            [
              29.250384528233038,
              32.24267881268546
            ]
          ],
          [
            [
              29.25056419128986,
              32.24312797032752
            ],
            [
              29.25056419128986,
              32.24303813879911
            ],
            [
              29.250654022818274,
              32.24303813879911
            ],
            [
              29.250654022818274,
              32.24312797032752
            ],
            [
              29.25056419128986,
              32.24312797032752
            ]
          ],
          [
            [
              29.25047435976145,
              32.242499149628635
            ],
            [
              29.25047435976145,
              32.24258898115705
            ],
            [
              29.250384528233038,
              32.24258898115705
            ],
            [
              29.250384528233038,
              32.242499149628635
            ],
            [
              29.25047435976145,
              32.242499149628635
            ]
          ],
          [
            [
              29.253977789369518,
              32.24950600884477
            ],
            [
              29.253977789369518,
              32.249416177316355
            ],
            [
              29.254067620897928,
              32.249416177316355
            ],
            [
              29.254067620897928,
              32.24950600884477
            ],
            [
              29.253977789369518,
              32.24950600884477
            ]
          ]
        ]
      },
      "properties": {
        "event_id": "00012_det_0060",
        "source_image": "00012",
        "detection_class": "oil_spill",
        "pixel_count": 1409,
        "area_m2": 118860.71,
        "area_km2": 0.118861,
        "geometry_crs": "EPSG:4326",
        "area_crs": "EPSG:32635",
        "area_method": "utm_projection_zone_35N",
        "centroid": [
          29.252733,
          32.245423
        ],
        "bbox": [
          29.250295,
          32.241511,
          29.254876,
          32.249686
        ],
        "threshold": 0.22,
        "probability_statistics": {
          "mean_probability": 0.76584,
          "max_probability": 0.99756,
          "min_probability": 0.22021,
          "std_probability": 0.24622
        }
      }
    },
    {
      "type": "Feature",
      "id": "00012_det_0061",
      "geometry": {
        "type": "Polygon",
        "coordinates": [
          [
            [
              29.24768958238068,
              32.22453284394624
            ],
            [
              29.247779413909093,
              32.22453284394624
            ],
            [
              29.247779413909093,
              32.22444301241783
            ],
            [
              29.24768958238068,
              32.22444301241783
            ],
            [
              29.24768958238068,
              32.22453284394624
            ]
          ]
        ]
      },
      "properties": {
        "event_id": "00012_det_0061",
        "source_image": "00012",
        "detection_class": "oil_spill",
        "pixel_count": 1,
        "area_m2": 84.38,
        "area_km2": 8.4e-05,
        "geometry_crs": "EPSG:4326",
        "area_crs": "EPSG:32635",
        "area_method": "utm_projection_zone_35N",
        "centroid": [
          29.247734,
          32.224488
        ],
        "bbox": [
          29.24769,
          32.224443,
          29.247779,
          32.224533
        ],
        "threshold": 0.22,
        "probability_statistics": {
          "mean_probability": 0.25464,
          "max_probability": 0.25464,
          "min_probability": 0.25464,
          "std_probability": 0.0
        }
      }
    },
    {
      "type": "Feature",
      "id": "00012_det_0062",
      "geometry": {
        "type": "Polygon",
        "coordinates": [
          [
            [
              29.236550472857598,
              32.20324277171261
            ],
            [
              29.236550472857598,
              32.2031529401842
            ],
            [
              29.236460641329185,
              32.2031529401842
            ],
            [
              29.236460641329185,
              32.20324277171261
            ],
            [
              29.236550472857598,
              32.20324277171261
            ]
          ]
        ]
      },
      "properties": {
        "event_id": "00012_det_0062",
        "source_image": "00012",
        "detection_class": "oil_spill",
        "pixel_count": 1,
        "area_m2": 84.4,
        "area_km2": 8.4e-05,
        "geometry_crs": "EPSG:4326",
        "area_crs": "EPSG:32635",
        "area_method": "utm_projection_zone_35N",
        "centroid": [
          29.236506,
          32.203198
        ],
        "bbox": [
          29.236461,
          32.203153,
          29.23655,
          32.203243
        ],
        "threshold": 0.22,
        "probability_statistics": {
          "mean_probability": 0.229,
          "max_probability": 0.229,
          "min_probability": 0.229,
          "std_probability": 0.0
        }
      }
    },
    {
      "type": "Feature",
      "id": "00012_det_0063",
      "geometry": {
        "type": "Polygon",
        "coordinates": [
          [
            [
              29.236550472857598,
              32.20324277171261
            ],
            [
              29.236550472857598,
              32.20333260324102
            ],
            [
              29.23664030438601,
              32.20333260324102
            ],
            [
              29.23664030438601,
              32.20324277171261
            ],
            [
              29.236550472857598,
              32.20324277171261
            ]
          ]
        ]
      },
      "properties": {
        "event_id": "00012_det_0063",
        "source_image": "00012",
        "detection_class": "oil_spill",
        "pixel_count": 1,
        "area_m2": 84.4,
        "area_km2": 8.4e-05,
        "geometry_crs": "EPSG:4326",
        "area_crs": "EPSG:32635",
        "area_method": "utm_projection_zone_35N",
        "centroid": [
          29.236595,
          32.203288
        ],
        "bbox": [
          29.23655,
          32.203243,
          29.23664,
          32.203333
        ],
        "threshold": 0.22,
        "probability_statistics": {
          "mean_probability": 0.24597,
          "max_probability": 0.24597,
          "min_probability": 0.24597,
          "std_probability": 0.0
        }
      }
    },
    {
      "type": "Feature",
      "id": "00012_det_0064",
      "geometry": {
        "type": "Polygon",
        "coordinates": [
          [
            [
              29.239604744823605,
              32.21465137582093
            ],
            [
              29.239694576352015,
              32.21465137582093
            ],
            [
              29.239694576352015,
              32.214561544292515
            ],
            [
              29.239604744823605,
              32.214561544292515
            ],
            [
              29.239604744823605,
              32.21465137582093
            ]
          ]
        ]
      },
      "properties": {
        "event_id": "00012_det_0064",
        "source_image": "00012",
        "detection_class": "oil_spill",
        "pixel_count": 1,
        "area_m2": 84.39,
        "area_km2": 8.4e-05,
        "geometry_crs": "EPSG:4326",
        "area_crs": "EPSG:32635",
        "area_method": "utm_projection_zone_35N",
        "centroid": [
          29.23965,
          32.214606
        ],
        "bbox": [
          29.239605,
          32.214562,
          29.239695,
          32.214651
        ],
        "threshold": 0.22,
        "probability_statistics": {
          "mean_probability": 0.22351,
          "max_probability": 0.22351,
          "min_probability": 0.22351,
          "std_probability": 0.0
        }
      }
    },
    {
      "type": "Feature",
      "id": "00012_det_0065",
      "geometry": {
        "type": "Polygon",
        "coordinates": [
          [
            [
              29.235921652158716,
              32.22156840350865
            ],
            [
              29.235831820630303,
              32.22156840350865
            ],
            [
              29.235831820630303,
              32.22165823503706
            ],
            [
              29.235921652158716,
              32.22165823503706
            ],
            [
              29.235921652158716,
              32.22156840350865
            ]
          ]
        ]
      },
      "properties": {
        "event_id": "00012_det_0065",
        "source_image": "00012",
        "detection_class": "oil_spill",
        "pixel_count": 1,
        "area_m2": 84.38,
        "area_km2": 8.4e-05,
        "geometry_crs": "EPSG:4326",
        "area_crs": "EPSG:32635",
        "area_method": "utm_projection_zone_35N",
        "centroid": [
          29.235877,
          32.221613
        ],
        "bbox": [
          29.235832,
          32.221568,
          29.235922,
          32.221658
        ],
        "threshold": 0.22,
        "probability_statistics": {
          "mean_probability": 0.23669,
          "max_probability": 0.23669,
          "min_probability": 0.23669,
          "std_probability": 0.0
        }
      }
    },
    {
      "type": "Feature",
      "id": "00012_det_0066",
      "geometry": {
        "type": "Polygon",
        "coordinates": [
          [
            [
              29.232687717135885,
              32.22201756115071
            ],
            [
              29.232687717135885,
              32.2219277296223
            ],
            [
              29.23250805407906,
              32.2219277296223
            ],
            [
              29.23250805407906,
              32.22201756115071
            ],
            [
              29.232687717135885,
              32.22201756115071
            ]
          ]
        ]
      },
      "properties": {
        "event_id": "00012_det_0066",
        "source_image": "00012",
        "detection_class": "oil_spill",
        "pixel_count": 2,
        "area_m2": 168.76,
        "area_km2": 0.000169,
        "geometry_crs": "EPSG:4326",
        "area_crs": "EPSG:32635",
        "area_method": "utm_projection_zone_35N",
        "centroid": [
          29.232598,
          32.221973
        ],
        "bbox": [
          29.232508,
          32.221928,
          29.232688,
          32.222018
        ],
        "threshold": 0.22,
        "probability_statistics": {
          "mean_probability": 0.2309,
          "max_probability": 0.23718,
          "min_probability": 0.22461,
          "std_probability": 0.00629
        }
      }
    },
    {
      "type": "Feature",
      "id": "00012_det_0067",
      "geometry": {
        "type": "Polygon",
        "coordinates": [
          [
            [
              29.232687717135885,
              32.222736213378006
            ],
            [
              29.232687717135885,
              32.22264638184959
            ],
            [
              29.232597885607472,
              32.22264638184959
            ],
            [
              29.232597885607472,
              32.222736213378006
            ],
            [
              29.232687717135885,
              32.222736213378006
            ]
          ]
        ]
      },
      "properties": {
        "event_id": "00012_det_0067",
        "source_image": "00012",
        "detection_class": "oil_spill",
        "pixel_count": 1,
        "area_m2": 84.38,
        "area_km2": 8.4e-05,
        "geometry_crs": "EPSG:4326",
        "area_crs": "EPSG:32635",
        "area_method": "utm_projection_zone_35N",
        "centroid": [
          29.232643,
          32.222691
        ],
        "bbox": [
          29.232598,
          32.222646,
          29.232688,
          32.222736
        ],
        "threshold": 0.22,
        "probability_statistics": {
          "mean_probability": 0.23511,
          "max_probability": 0.23511,
          "min_probability": 0.23511,
          "std_probability": 0.0
        }
      }
    },
    {
      "type": "Feature",
      "id": "00012_det_0068",
      "geometry": {
        "type": "Polygon",
        "coordinates": [
          [
            [
              29.23565215757348,
              32.225341327701955
            ],
            [
              29.23574198910189,
              32.225341327701955
            ],
            [
              29.23574198910189,
              32.22525149617354
            ],
            [
              29.23565215757348,
              32.22525149617354
            ],
            [
              29.23565215757348,
              32.225341327701955
            ]
          ]
        ]
      },
      "properties": {
        "event_id": "00012_det_0068",
        "source_image": "00012",
        "detection_class": "oil_spill",
        "pixel_count": 1,
        "area_m2": 84.38,
        "area_km2": 8.4e-05,
        "geometry_crs": "EPSG:4326",
        "area_crs": "EPSG:32635",
        "area_method": "utm_projection_zone_35N",
        "centroid": [
          29.235697,
          32.225296
        ],
        "bbox": [
          29.235652,
          32.225251,
          29.235742,
          32.225341
        ],
        "threshold": 0.22,
        "probability_statistics": {
          "mean_probability": 0.2301,
          "max_probability": 0.2301,
          "min_probability": 0.2301,
          "std_probability": 0.0
        }
      }
    },
    {
      "type": "Feature",
      "id": "00012_det_0069",
      "geometry": {
        "type": "Polygon",
        "coordinates": [
          [
            [
              29.23565215757348,
              32.22543115923036
            ],
            [
              29.23565215757348,
              32.225520990758774
            ],
            [
              29.23574198910189,
              32.225520990758774
            ],
            [
              29.23574198910189,
              32.22543115923036
            ],
            [
              29.23565215757348,
              32.22543115923036
            ]
          ]
        ]
      },
      "properties": {
        "event_id": "00012_det_0069",
        "source_image": "00012",
        "detection_class": "oil_spill",
        "pixel_count": 1,
        "area_m2": 84.37,
        "area_km2": 8.4e-05,
        "geometry_crs": "EPSG:4326",
        "area_crs": "EPSG:32635",
        "area_method": "utm_projection_zone_35N",
        "centroid": [
          29.235697,
          32.225476
        ],
        "bbox": [
          29.235652,
          32.225431,
          29.235742,
          32.225521
        ],
        "threshold": 0.22,
        "probability_statistics": {
          "mean_probability": 0.23682,
          "max_probability": 0.23682,
          "min_probability": 0.23682,
          "std_probability": 0.0
        }
      }
    },
    {
      "type": "Feature",
      "id": "00012_det_0070",
      "geometry": {
        "type": "Polygon",
        "coordinates": [
          [
            [
              29.241670869977078,
              32.23657026875345
            ],
            [
              29.241670869977078,
              32.23648043722503
            ],
            [
              29.241491206920255,
              32.23648043722503
            ],
            [
              29.241491206920255,
              32.23657026875345
            ],
            [
              29.241670869977078,
              32.23657026875345
            ]
          ]
        ]
      },
      "properties": {
        "event_id": "00012_det_0070",
        "source_image": "00012",
        "detection_class": "oil_spill",
        "pixel_count": 2,
        "area_m2": 168.73,
        "area_km2": 0.000169,
        "geometry_crs": "EPSG:4326",
        "area_crs": "EPSG:32635",
        "area_method": "utm_projection_zone_35N",
        "centroid": [
          29.241581,
          32.236525
        ],
        "bbox": [
          29.241491,
          32.23648,
          29.241671,
          32.23657
        ],
        "threshold": 0.22,
        "probability_statistics": {
          "mean_probability": 0.24194,
          "max_probability": 0.25317,
          "min_probability": 0.23071,
          "std_probability": 0.01123
        }
      }
    },
    {
      "type": "Feature",
      "id": "00012_det_0071",
      "geometry": {
        "type": "Polygon",
        "coordinates": [
          [
            [
              29.242030196090727,
              32.241241508230864
            ],
            [
              29.242030196090727,
              32.24133133975928
            ],
            [
              29.24212002761914,
              32.24133133975928
            ],
            [
              29.24212002761914,
              32.241241508230864
            ],
            [
              29.242030196090727,
              32.241241508230864
            ]
          ]
        ]
      },
      "properties": {
        "event_id": "00012_det_0071",
        "source_image": "00012",
        "detection_class": "oil_spill",
        "pixel_count": 1,
        "area_m2": 84.36,
        "area_km2": 8.4e-05,
        "geometry_crs": "EPSG:4326",
        "area_crs": "EPSG:32635",
        "area_method": "utm_projection_zone_35N",
        "centroid": [
          29.242075,
          32.241286
        ],
        "bbox": [
          29.24203,
          32.241242,
          29.24212,
          32.241331
        ],
        "threshold": 0.22,
        "probability_statistics": {
          "mean_probability": 0.25781,
          "max_probability": 0.25781,
          "min_probability": 0.25781,
          "std_probability": 0.0
        }
      }
    },
    {
      "type": "Feature",
      "id": "00012_det_0072",
      "geometry": {
        "type": "Polygon",
        "coordinates": [
          [
            [
              29.23789794578378,
              32.24923651425953
            ],
            [
              29.23798777731219,
              32.24923651425953
            ],
            [
              29.23798777731219,
              32.24914668273112
            ],
            [
              29.23789794578378,
              32.24914668273112
            ],
            [
              29.23789794578378,
              32.24923651425953
            ]
          ]
        ]
      },
      "properties": {
        "event_id": "00012_det_0072",
        "source_image": "00012",
        "detection_class": "oil_spill",
        "pixel_count": 1,
        "area_m2": 84.35,
        "area_km2": 8.4e-05,
        "geometry_crs": "EPSG:4326",
        "area_crs": "EPSG:32635",
        "area_method": "utm_projection_zone_35N",
        "centroid": [
          29.237943,
          32.249192
        ],
        "bbox": [
          29.237898,
          32.249147,
          29.237988,
          32.249237
        ],
        "threshold": 0.22,
        "probability_statistics": {
          "mean_probability": 0.2489,
          "max_probability": 0.2489,
          "min_probability": 0.2489,
          "std_probability": 0.0
        }
      }
    },
    {
      "type": "Feature",
      "id": "00012_det_0073",
      "geometry": {
        "type": "Polygon",
        "coordinates": [
          [
            [
              29.241670869977078,
              32.258040004043906
            ],
            [
              29.24158103844867,
              32.258040004043906
            ],
            [
              29.24158103844867,
              32.25812983557231
            ],
            [
              29.241670869977078,
              32.25812983557231
            ],
            [
              29.241670869977078,
              32.258040004043906
            ]
          ]
        ]
      },
      "properties": {
        "event_id": "00012_det_0073",
        "source_image": "00012",
        "detection_class": "oil_spill",
        "pixel_count": 1,
        "area_m2": 84.35,
        "area_km2": 8.4e-05,
        "geometry_crs": "EPSG:4326",
        "area_crs": "EPSG:32635",
        "area_method": "utm_projection_zone_35N",
        "centroid": [
          29.241626,
          32.258085
        ],
        "bbox": [
          29.241581,
          32.25804,
          29.241671,
          32.25813
        ],
        "threshold": 0.22,
        "probability_statistics": {
          "mean_probability": 0.26709,
          "max_probability": 0.26709,
          "min_probability": 0.26709,
          "std_probability": 0.0
        }
      }
    },
    {
      "type": "Feature",
      "id": "00012_det_0074",
      "geometry": {
        "type": "Polygon",
        "coordinates": [
          [
            [
              29.246342109454503,
              32.214381881235695
            ],
            [
              29.246521772511326,
              32.214381881235695
            ],
            [
              29.246521772511326,
              32.21429204970728
            ],
            [
              29.246342109454503,
              32.21429204970728
            ],
            [
              29.246342109454503,
              32.214381881235695
            ]
          ]
        ]
      },
      "properties": {
        "event_id": "00012_det_0074",
        "source_image": "00012",
        "detection_class": "oil_spill",
        "pixel_count": 2,
        "area_m2": 168.77,
        "area_km2": 0.000169,
        "geometry_crs": "EPSG:4326",
        "area_crs": "EPSG:32635",
        "area_method": "utm_projection_zone_35N",
        "centroid": [
          29.246432,
          32.214337
        ],
        "bbox": [
          29.246342,
          32.214292,
          29.246522,
          32.214382
        ],
        "threshold": 0.22,
        "probability_statistics": {
          "mean_probability": 0.22766,
          "max_probability": 0.229,
          "min_probability": 0.22632,
          "std_probability": 0.00134
        }
      }
    },
    {
      "type": "Feature",
      "id": "00012_det_0075",
      "geometry": {
        "type": "Polygon",
        "coordinates": [
          [
            [
              29.24544379417038,
              32.214831038877755
            ],
            [
              29.24535396264197,
              32.214831038877755
            ],
            [
              29.24535396264197,
              32.21492087040617
            ],
            [
              29.24544379417038,
              32.21492087040617
            ],
            [
              29.24544379417038,
              32.214831038877755
            ]
          ]
        ]
      },
      "properties": {
        "event_id": "00012_det_0075",
        "source_image": "00012",
        "detection_class": "oil_spill",
        "pixel_count": 1,
        "area_m2": 84.39,
        "area_km2": 8.4e-05,
        "geometry_crs": "EPSG:4326",
        "area_crs": "EPSG:32635",
        "area_method": "utm_projection_zone_35N",
        "centroid": [
          29.245399,
          32.214876
        ],
        "bbox": [
          29.245354,
          32.214831,
          29.245444,
          32.214921
        ],
        "threshold": 0.22,
        "probability_statistics": {
          "mean_probability": 0.22607,
          "max_probability": 0.22607,
          "min_probability": 0.22607,
          "std_probability": 0.0
        }
      }
    },
    {
      "type": "Feature",
      "id": "00012_det_0076",
      "geometry": {
        "type": "Polygon",
        "coordinates": [
          [
            [
              29.246342109454503,
              32.2159090172187
            ],
            [
              29.246342109454503,
              32.215819185690286
            ],
            [
              29.246162446397676,
              32.215819185690286
            ],
            [
              29.246162446397676,
              32.2159090172187
            ],
            [
              29.246342109454503,
              32.2159090172187
            ]
          ]
        ]
      },
      "properties": {
        "event_id": "00012_det_0076",
        "source_image": "00012",
        "detection_class": "oil_spill",
        "pixel_count": 2,
        "area_m2": 168.77,
        "area_km2": 0.000169,
        "geometry_crs": "EPSG:4326",
        "area_crs": "EPSG:32635",
        "area_method": "utm_projection_zone_35N",
        "centroid": [
          29.246252,
          32.215864
        ],
        "bbox": [
          29.246162,
          32.215819,
          29.246342,
          32.215909
        ],
        "threshold": 0.22,
        "probability_statistics": {
          "mean_probability": 0.2359,
          "max_probability": 0.25146,
          "min_probability": 0.22034,
          "std_probability": 0.01556
        }
      }
    },
    {
      "type": "Feature",
      "id": "00012_det_0077",
      "geometry": {
        "type": "Polygon",
        "coordinates": [
          [
            [
              29.246342109454503,
              32.21617851180393
            ],
            [
              29.246521772511326,
              32.21617851180393
            ],
            [
              29.246521772511326,
              32.21635817486076
            ],
            [
              29.246611604039735,
              32.21635817486076
            ],
            [
              29.246611604039735,
              32.21644800638917
            ],
            [
              29.24679126709656,
              32.21644800638917
            ],
            [
              29.24679126709656,
              32.216717500974404
            ],
            [
              29.24688109862497,
              32.216717500974404
            ],
            [
              29.24688109862497,
              32.21716665861646
            ],
            [
              29.246970930153385,
              32.21716665861646
            ],
            [
              29.246970930153385,
              32.21734632167329
            ],
            [
              29.247150593210208,
              32.21734632167329
            ],
            [
              29.247150593210208,
              32.2174361532017
            ],
            [
              29.24724042473862,
              32.2174361532017
            ],
            [
              29.24724042473862,
              32.21761581625852
            ],
            [
              29.247330256267034,
              32.21761581625852
            ],
            [
              29.247330256267034,
              32.217705647786936
            ],
            [
              29.247509919323857,
              32.217705647786936
            ],
            [
              29.247509919323857,
              32.21779547931535
            ],
            [
              29.247599750852267,
              32.21779547931535
            ],
            [
              29.247599750852267,
              32.21788531084376
            ],
            [
              29.247779413909093,
              32.21788531084376
            ],
            [
              29.247779413909093,
              32.217975142372175
            ],
            [
              29.247959076965916,
              32.217975142372175
            ],
            [
              29.247959076965916,
              32.218154805428995
            ],
            [
              29.24804890849433,
              32.218154805428995
            ],
            [
              29.24804890849433,
              32.21824463695741
            ],
            [
              29.248318403079566,
              32.21824463695741
            ],
            [
              29.248318403079566,
              32.218424300014235
            ],
            [
              29.248408234607975,
              32.218424300014235
            ],
            [
              29.248408234607975,
              32.21851413154264
            ],
            [
              29.248587897664798,
              32.21851413154264
            ],
            [
              29.248587897664798,
              32.218603963071054
            ],
            [
              29.24867772919321,
              32.218603963071054
            ],
            [
              29.24867772919321,
              32.21878362612788
            ],
            [
              29.248767560721625,
              32.21878362612788
            ],
            [
              29.248767560721625,
              32.218873457656294
            ],
            [
              29.248857392250034,
              32.218873457656294
            ],
            [
              29.248857392250034,
              32.21896328918471
            ],
            [
              29.248947223778448,
              32.21896328918471
            ],
            [
              29.248947223778448,
              32.21905312071311
            ],
            [
              29.24903705530686,
              32.21905312071311
            ],
            [
              29.24903705530686,
              32.219412446826766
            ],
            [
              29.24912688683527,
              32.219412446826766
            ],
            [
              29.24912688683527,
              32.21950227835517
            ],
            [
              29.249216718363684,
              32.21950227835517
            ],
            [
              29.249216718363684,
              32.219681941412
            ],
            [
              29.249306549892097,
              32.219681941412
            ],
            [
              29.249306549892097,
              32.21995143599724
            ],
            [
              29.249396381420507,
              32.21995143599724
            ],
            [
              29.249396381420507,
              32.22013109905406
            ],
            [
              29.24948621294892,
              32.22013109905406
            ],
            [
              29.24948621294892,
              32.2204005936393
            ],
            [
              29.249396381420507,
              32.2204005936393
            ],
            [
              29.249396381420507,
              32.220490425167704
            ],
            [
              29.24948621294892,
              32.220490425167704
            ],
            [
              29.24948621294892,
              32.22067008822453
            ],
            [
              29.24957604447733,
              32.22067008822453
            ],
            [
              29.24957604447733,
              32.22075991975294
            ],
            [
              29.249665876005743,
              32.22075991975294
            ],
            [
              29.249665876005743,
              32.22111924586659
            ],
            [
              29.249755707534156,
              32.22111924586659
            ],
            [
              29.249755707534156,
              32.221298908923416
            ],
            [
              29.249845539062566,
              32.221298908923416
            ],
            [
              29.249845539062566,
              32.22138874045183
            ],
            [
              29.249755707534156,
              32.22138874045183
            ],
            [
              29.249755707534156,
              32.221478571980235
            ],
            [
              29.24993537059098,
              32.221478571980235
            ],
            [
              29.24993537059098,
              32.22165823503706
            ],
            [
              29.250025202119392,
              32.22165823503706
            ],
            [
              29.250025202119392,
              32.22183789809389
            ],
            [
              29.250115033647802,
              32.22183789809389
            ],
            [
              29.250115033647802,
              32.22201756115071
            ],
            [
              29.250204865176215,
              32.22201756115071
            ],
            [
              29.250204865176215,
              32.222197224207534
            ],
            [
              29.25029469670463,
              32.222197224207534
            ],
            [
              29.25029469670463,
              32.22237688726436
            ],
            [
              29.250384528233038,
              32.22237688726436
            ],
            [
              29.250384528233038,
              32.22255655032118
            ],
            [
              29.25047435976145,
              32.22255655032118
            ],
            [
              29.25047435976145,
              32.22300570796324
            ],
            [
              29.25056419128986,
              32.22300570796324
            ],
            [
              29.25056419128986,
              32.22309553949165
            ],
            [
              29.250654022818274,
              32.22309553949165
            ],
            [
              29.250654022818274,
              32.223185371020065
            ],
            [
              29.25056419128986,
              32.223185371020065
            ],
            [
              29.25056419128986,
              32.22327520254848
            ],
            [
              29.250654022818274,
              32.22327520254848
            ],
            [
              29.250654022818274,
              32.2234548656053
            ],
            [
              29.250743854346688,
              32.2234548656053
            ],
            [
              29.250743854346688,
              32.223904023247364
            ],
            [
              29.250833685875097,
              32.223904023247364
            ],
            [
              29.250833685875097,
              32.2241735178326
            ],
            [
              29.25092351740351,
              32.2241735178326
            ],
            [
              29.25092351740351,
              32.22435318088942
            ],
            [
              29.251103180460333,
              32.22435318088942
            ],
            [
              29.251103180460333,
              32.22453284394624
            ],
            [
              29.251193011988747,
              32.22453284394624
            ],
            [
              29.251193011988747,
              32.22471250700307
            ],
            [
              29.25128284351716,
              32.22471250700307
            ],
            [
              29.25128284351716,
              32.224892170059896
            ],
            [
              29.25137267504557,
              32.224892170059896
            ],
            [
              29.25137267504557,
              32.2249820015883
            ],
            [
              29.251462506573983,
              32.2249820015883
            ],
            [
              29.251462506573983,
              32.22516166464513
            ],
            [
              29.251552338102393,
              32.22516166464513
            ],
            [
              29.251552338102393,
              32.22525149617354
            ],
            [
              29.251642169630806,
              32.22525149617354
            ],
            [
              29.251642169630806,
              32.22561082228719
            ],
            [
              29.25182183268763,
              32.22561082228719
            ],
            [
              29.25182183268763,
              32.225790485344014
            ],
            [
              29.251911664216042,
              32.225790485344014
            ],
            [
              29.251911664216042,
              32.22597014840083
            ],
            [
              29.252001495744455,
              32.22597014840083
            ],
            [
              29.252001495744455,
              32.22614981145766
            ],
            [
              29.251911664216042,
              32.22614981145766
            ],
            [
              29.251911664216042,
              32.22623964298607
            ],
            [
              29.252001495744455,
              32.22623964298607
            ],
            [
              29.252001495744455,
              32.226509137571306
            ],
            [
              29.252091327272865,
              32.226509137571306
            ],
            [
              29.252091327272865,
              32.22749728438384
            ],
            [
              29.252001495744455,
              32.22749728438384
            ],
            [
              29.252001495744455,
              32.22758711591225
            ],
            [
              29.251911664216042,
              32.22758711591225
            ],
            [
              29.251911664216042,
              32.227946442025896
            ],
            [
              29.25182183268763,
              32.227946442025896
            ],
            [
              29.25182183268763,
              32.22812610508272
            ],
            [
              29.25173200115922,
              32.22812610508272
            ],
            [
              29.25173200115922,
              32.22830576813955
            ],
            [
              29.251642169630806,
              32.22830576813955
            ],
            [
              29.251642169630806,
              32.228395599667955
            ],
            [
              29.251552338102393,
              32.228395599667955
            ],
            [
              29.251552338102393,
              32.22848543119637
            ],
            [
              29.251642169630806,
              32.22848543119637
            ],
            [
              29.251642169630806,
              32.22857526272478
            ],
            [
              29.251552338102393,
              32.22857526272478
            ],
            [
              29.251552338102393,
              32.22884475731002
            ],
            [
              29.251462506573983,
              32.22884475731002
            ],
            [
              29.251462506573983,
              32.22893458883843
            ],
            [
              29.25137267504557,
              32.22893458883843
            ],
            [
              29.25137267504557,
              32.22902442036684
            ],
            [
              29.251193011988747,
              32.22902442036684
            ],
            [
              29.251193011988747,
              32.22920408342367
            ],
            [
              29.251103180460333,
              32.22920408342367
            ],
            [
              29.251103180460333,
              32.22929391495208
            ],
            [
              29.251013348931924,
              32.22929391495208
            ],
            [
              29.251013348931924,
              32.2294735780089
            ],
            [
              29.25092351740351,
              32.2294735780089
            ],
            [
              29.25092351740351,
              32.229653241065726
            ],
            [
              29.250743854346688,
              32.229653241065726
            ],
            [
              29.250743854346688,
              32.22974307259414
            ],
            [
              29.250654022818274,
              32.22974307259414
            ],
            [
              29.250654022818274,
              32.22983290412255
            ],
            [
              29.250743854346688,
              32.22983290412255
            ],
            [
              29.250743854346688,
              32.23001256717937
            ],
            [
              29.250654022818274,
              32.23001256717937
            ],
            [
              29.250654022818274,
              32.2301922302362
            ],
            [
              29.25056419128986,
              32.2301922302362
            ],
            [
              29.25056419128986,
              32.23037189329302
            ],
            [
              29.250384528233038,
              32.23037189329302
            ],
            [
              29.250384528233038,
              32.23046172482143
            ],
            [
              29.25029469670463,
              32.23046172482143
            ],
            [
              29.25029469670463,
              32.230551556349845
            ],
            [
              29.250025202119392,
              32.230551556349845
            ],
            [
              29.250025202119392,
              32.23073121940667
            ],
            [
              29.24993537059098,
              32.23073121940667
            ],
            [
              29.24993537059098,
              32.23091088246349
            ],
            [
              29.250115033647802,
              32.23091088246349
            ],
            [
              29.250115033647802,
              32.23136004010555
            ],
            [
              29.250204865176215,
              32.23136004010555
            ],
            [
              29.250204865176215,
              32.23144987163396
            ],
            [
              29.25029469670463,
              32.23144987163396
            ],
            [
              29.25029469670463,
              32.231539703162376
            ],
            [
              29.250384528233038,
              32.231539703162376
            ],
            [
              29.250384528233038,
              32.23207869233285
            ],
            [
              29.25029469670463,
              32.23207869233285
            ],
            [
              29.25029469670463,
              32.23234818691808
            ],
            [
              29.250204865176215,
              32.23234818691808
            ],
            [
              29.250204865176215,
              32.23261768150332
            ],
            [
              29.250115033647802,
              32.23261768150332
            ],
            [
              29.250115033647802,
              32.23315667067379
            ],
            [
              29.250204865176215,
              32.23315667067379
            ],
            [
              29.250204865176215,
              32.233246502202206
            ],
            [
              29.250115033647802,
              32.233246502202206
            ],
            [
              29.250115033647802,
              32.23333633373061
            ],
            [
              29.250025202119392,
              32.23333633373061
            ],
            [
              29.250025202119392,
              32.23360582831585
            ],
            [
              29.24993537059098,
              32.23360582831585
            ],
            [
              29.24993537059098,
              32.23378549137268
            ],
            [
              29.250025202119392,
              32.23378549137268
            ],
            [
              29.250025202119392,
              32.23405498595791
            ],
            [
              29.250115033647802,
              32.23405498595791
            ],
            [
              29.250115033647802,
              32.23423464901474
            ],
            [
              29.250204865176215,
              32.23423464901474
            ],
            [
              29.250204865176215,
              32.234324480543144
            ],
            [
              29.250384528233038,
              32.234324480543144
            ],
            [
              29.250384528233038,
              32.23441431207156
            ],
            [
              29.25047435976145,
              32.23441431207156
            ],
            [
              29.25047435976145,
              32.23450414359997
            ],
            [
              29.25056419128986,
              32.23450414359997
            ],
            [
              29.25056419128986,
              32.23441431207156
            ],
            [
              29.250654022818274,
              32.23441431207156
            ],
            [
              29.250654022818274,
              32.23450414359997
            ],
            [
              29.250833685875097,
              32.23450414359997
            ],
            [
              29.250833685875097,
              32.234593975128384
            ],
            [
              29.251013348931924,
              32.234593975128384
            ],
            [
              29.251013348931924,
              32.23477363818521
            ],
            [
              29.251103180460333,
              32.23477363818521
            ],
            [
              29.251103180460333,
              32.23495330124203
            ],
            [
              29.251193011988747,
              32.23495330124203
            ],
            [
              29.251193011988747,
              32.235132964298856
            ],
            [
              29.25137267504557,
              32.235132964298856
            ],
            [
              29.25137267504557,
              32.23522279582727
            ],
            [
              29.25128284351716,
              32.23522279582727
            ],
            [
              29.25128284351716,
              32.235312627355675
            ],
            [
              29.25137267504557,
              32.235312627355675
            ],
            [
              29.25137267504557,
              32.2354922904125
            ],
            [
              29.251462506573983,
              32.2354922904125
            ],
            [
              29.251462506573983,
              32.23576178499774
            ],
            [
              29.251552338102393,
              32.23576178499774
            ],
            [
              29.251552338102393,
              32.23594144805456
            ],
            [
              29.251642169630806,
              32.23594144805456
            ],
            [
              29.251642169630806,
              32.236031279582974
            ],
            [
              29.25173200115922,
              32.236031279582974
            ],
            [
              29.25173200115922,
              32.23612111111139
            ],
            [
              29.25182183268763,
              32.23612111111139
            ],
            [
              29.25182183268763,
              32.2362109426398
            ],
            [
              29.251911664216042,
              32.2362109426398
            ],
            [
              29.251911664216042,
              32.23639060569662
            ],
            [
              29.252001495744455,
              32.23639060569662
            ],
            [
              29.252001495744455,
              32.23657026875345
            ],
            [
              29.252091327272865,
              32.23657026875345
            ],
            [
              29.252091327272865,
              32.23674993181027
            ],
            [
              29.252181158801278,
              32.23674993181027
            ],
            [
              29.252181158801278,
              32.23710925792392
            ],
            [
              29.25227099032969,
              32.23710925792392
            ],
            [
              29.25227099032969,
              32.237468584037565
            ],
            [
              29.2523608218581,
              32.237468584037565
            ],
            [
              29.2523608218581,
              32.23782791015121
            ],
            [
              29.252450653386514,
              32.23782791015121
            ],
            [
              29.252450653386514,
              32.23800757320804
            ],
            [
              29.252540484914924,
              32.23800757320804
            ],
            [
              29.252540484914924,
              32.23836689932168
            ],
            [
              29.252630316443337,
              32.23836689932168
            ],
            [
              29.252630316443337,
              32.23881605696374
            ],
            [
              29.25272014797175,
              32.23881605696374
            ],
            [
              29.25272014797175,
              32.238905888492155
            ],
            [
              29.25280997950016,
              32.238905888492155
            ],
            [
              29.25280997950016,
              32.23899572002057
            ],
            [
              29.25272014797175,
              32.23899572002057
            ],
            [
              29.25272014797175,
              32.23908555154898
            ],
            [
              29.25280997950016,
              32.23908555154898
            ],
            [
              29.25280997950016,
              32.239175383077395
            ],
            [
              29.252899811028573,
              32.239175383077395
            ],
            [
              29.252899811028573,
              32.2392652146058
            ],
            [
              29.252989642556987,
              32.2392652146058
            ],
            [
              29.252989642556987,
              32.239175383077395
            ],
            [
              29.253079474085396,
              32.239175383077395
            ],
            [
              29.253079474085396,
              32.23899572002057
            ],
            [
              29.25316930561381,
              32.23899572002057
            ],
            [
              29.25316930561381,
              32.238905888492155
            ],
            [
              29.253259137142223,
              32.238905888492155
            ],
            [
              29.253259137142223,
              32.23863639390692
            ],
            [
              29.253348968670633,
              32.23863639390692
            ],
            [
              29.253348968670633,
              32.23854656237851
            ],
            [
              29.253259137142223,
              32.23854656237851
            ],
            [
              29.253259137142223,
              32.23836689932168
            ],
            [
              29.253348968670633,
              32.23836689932168
            ],
            [
              29.253348968670633,
              32.23809740473645
            ],
            [
              29.253259137142223,
              32.23809740473645
            ],
            [
              29.253259137142223,
              32.237468584037565
            ],
            [
              29.25316930561381,
              32.237468584037565
            ],
            [
              29.25316930561381,
              32.23630077416821
            ],
            [
              29.253259137142223,
              32.23630077416821
            ],
            [
              29.253259137142223,
              32.23612111111139
            ],
            [
              29.253348968670633,
              32.23612111111139
            ],
            [
              29.253348968670633,
              32.23594144805456
            ],
            [
              29.253259137142223,
              32.23594144805456
            ],
            [
              29.253259137142223,
              32.23585161652615
            ],
            [
              29.253348968670633,
              32.23585161652615
            ],
            [
              29.253348968670633,
              32.235582121940915
            ],
            [
              29.253438800199046,
              32.235582121940915
            ],
            [
              29.253438800199046,
              32.2354922904125
            ],
            [
              29.253348968670633,
              32.2354922904125
            ],
            [
              29.253348968670633,
              32.235132964298856
            ],
            [
              29.253259137142223,
              32.235132964298856
            ],
            [
              29.253259137142223,
              32.23504313277044
            ],
            [
              29.253348968670633,
              32.23504313277044
            ],
            [
              29.253348968670633,
              32.23495330124203
            ],
            [
              29.253259137142223,
              32.23495330124203
            ],
            [
              29.253259137142223,
              32.23477363818521
            ],
            [
              29.25316930561381,
              32.23477363818521
            ],
            [
              29.25316930561381,
              32.23441431207156
            ],
            [
              29.252989642556987,
              32.23441431207156
            ],
            [
              29.252989642556987,
              32.234144817486325
            ],
            [
              29.252899811028573,
              32.234144817486325
            ],
            [
              29.252899811028573,
              32.2339651544295
            ],
            [
              29.25280997950016,
              32.2339651544295
            ],
            [
              29.25280997950016,
              32.233875322901085
            ],
            [
              29.25272014797175,
              32.233875322901085
            ],
            [
              29.25272014797175,
              32.23360582831585
            ],
            [
              29.252630316443337,
              32.23360582831585
            ],
            [
              29.252630316443337,
              32.23333633373061
            ],
            [
              29.25272014797175,
              32.23333633373061
            ],
            [
              29.25272014797175,
              32.233246502202206
            ],
            [
              29.252630316443337,
              32.233246502202206
            ],
            [
              29.252630316443337,
              32.23279734456015
            ],
            [
              29.25272014797175,
              32.23279734456015
            ],
            [
              29.25272014797175,
              32.23252784997491
            ],
            [
              29.25280997950016,
              32.23252784997491
            ],
            [
              29.25280997950016,
              32.23234818691808
            ],
            [
              29.25272014797175,
              32.23234818691808
            ],
            [
              29.25272014797175,
              32.232258355389675
            ],
            [
              29.25280997950016,
              32.232258355389675
            ],
            [
              29.25280997950016,
              32.23162953469079
            ],
            [
              29.25272014797175,
              32.23162953469079
            ],
            [
              29.25272014797175,
              32.231539703162376
            ],
            [
              29.25280997950016,
              32.231539703162376
            ],
            [
              29.25280997950016,
              32.23144987163396
            ],
            [
              29.25272014797175,
              32.23144987163396
            ],
            [
              29.25272014797175,
              32.23136004010555
            ],
            [
              29.25280997950016,
              32.23136004010555
            ],
            [
              29.25280997950016,
              32.23127020857714
            ],
            [
              29.25272014797175,
              32.23127020857714
            ],
            [
              29.25272014797175,
              32.23073121940667
            ],
            [
              29.252630316443337,
              32.23073121940667
            ],
            [
              29.252630316443337,
              32.230551556349845
            ],
            [
              29.25272014797175,
              32.230551556349845
            ],
            [
              29.25272014797175,
              32.23046172482143
            ],
            [
              29.252630316443337,
              32.23046172482143
            ],
            [
              29.252630316443337,
              32.2301922302362
            ],
            [
              29.252540484914924,
              32.2301922302362
            ],
            [
              29.252540484914924,
              32.230102398707785
            ],
            [
              29.252630316443337,
              32.230102398707785
            ],
            [
              29.252630316443337,
              32.22983290412255
            ],
            [
              29.25272014797175,
              32.22983290412255
            ],
            [
              29.25272014797175,
              32.22974307259414
            ],
            [
              29.252630316443337,
              32.22974307259414
            ],
            [
              29.252630316443337,
              32.22956340953731
            ],
            [
              29.25272014797175,
              32.22956340953731
            ],
            [
              29.25272014797175,
              32.22938374648049
            ],
            [
              29.25280997950016,
              32.22938374648049
            ],
            [
              29.25280997950016,
              32.22929391495208
            ],
            [
              29.252989642556987,
              32.22929391495208
            ],
            [
              29.252989642556987,
              32.229114251895254
            ],
            [
              29.253079474085396,
              32.229114251895254
            ],
            [
              29.253079474085396,
              32.22893458883843
            ],
            [
              29.25316930561381,
              32.22893458883843
            ],
            [
              29.25316930561381,
              32.22875492578161
            ],
            [
              29.253259137142223,
              32.22875492578161
            ],
            [
              29.253259137142223,
              32.22857526272478
            ],
            [
              29.253348968670633,
              32.22857526272478
            ],
            [
              29.253348968670633,
              32.228395599667955
            ],
            [
              29.253259137142223,
              32.228395599667955
            ],
            [
              29.253259137142223,
              32.22830576813955
            ],
            [
              29.253348968670633,
              32.22830576813955
            ],
            [
              29.253348968670633,
              32.22767694744066
            ],
            [
              29.253438800199046,
              32.22767694744066
            ],
            [
              29.253438800199046,
              32.22614981145766
            ],
            [
              29.253348968670633,
              32.22614981145766
            ],
            [
              29.253348968670633,
              32.22561082228719
            ],
            [
              29.253259137142223,
              32.22561082228719
            ],
            [
              29.253259137142223,
              32.22543115923036
            ],
            [
              29.25316930561381,
              32.22543115923036
            ],
            [
              29.25316930561381,
              32.22516166464513
            ],
            [
              29.253079474085396,
              32.22516166464513
            ],
            [
              29.253079474085396,
              32.225071833116715
            ],
            [
              29.252989642556987,
              32.225071833116715
            ],
            [
              29.252989642556987,
              32.22480233853148
            ],
            [
              29.252899811028573,
              32.22480233853148
            ],
            [
              29.252899811028573,
              32.22471250700307
            ],
            [
              29.25280997950016,
              32.22471250700307
            ],
            [
              29.25280997950016,
              32.22453284394624
            ],
            [
              29.252630316443337,
              32.22453284394624
            ],
            [
              29.252630316443337,
              32.22435318088942
            ],
            [
              29.252540484914924,
              32.22435318088942
            ],
            [
              29.252540484914924,
              32.22399385477577
            ],
            [
              29.252450653386514,
              32.22399385477577
            ],
            [
              29.252450653386514,
              32.223634528662124
            ],
            [
              29.2523608218581,
              32.223634528662124
            ],
            [
              29.2523608218581,
              32.2234548656053
            ],
            [
              29.25227099032969,
              32.2234548656053
            ],
            [
              29.25227099032969,
              32.22309553949165
            ],
            [
              29.252181158801278,
              32.22309553949165
            ],
            [
              29.252181158801278,
              32.22282604490642
            ],
            [
              29.252091327272865,
              32.22282604490642
            ],
            [
              29.252091327272865,
              32.22264638184959
            ],
            [
              29.252001495744455,
              32.22264638184959
            ],
            [
              29.252001495744455,
              32.22237688726436
            ],
            [
              29.251911664216042,
              32.22237688726436
            ],
            [
              29.251911664216042,
              32.22165823503706
            ],
            [
              29.25182183268763,
              32.22165823503706
            ],
            [
              29.25182183268763,
              32.22138874045183
            ],
            [
              29.25173200115922,
              32.22138874045183
            ],
            [
              29.25173200115922,
              32.22111924586659
            ],
            [
              29.251642169630806,
              32.22111924586659
            ],
            [
              29.251642169630806,
              32.22067008822453
            ],
            [
              29.251552338102393,
              32.22067008822453
            ],
            [
              29.251552338102393,
              32.22013109905406
            ],
            [
              29.251462506573983,
              32.22013109905406
            ],
            [
              29.251462506573983,
              32.219861604468825
            ],
            [
              29.25137267504557,
              32.219861604468825
            ],
            [
              29.25137267504557,
              32.219681941412
            ],
            [
              29.25128284351716,
              32.219681941412
            ],
            [
              29.25128284351716,
              32.21950227835517
            ],
            [
              29.251193011988747,
              32.21950227835517
            ],
            [
              29.251193011988747,
              32.219142952241526
            ],
            [
              29.251103180460333,
              32.219142952241526
            ],
            [
              29.251103180460333,
              32.21896328918471
            ],
            [
              29.251013348931924,
              32.21896328918471
            ],
            [
              29.251013348931924,
              32.218873457656294
            ],
            [
              29.250833685875097,
              32.218873457656294
            ],
            [
              29.250833685875097,
              32.218603963071054
            ],
            [
              29.250743854346688,
              32.218603963071054
            ],
            [
              29.250743854346688,
              32.21851413154264
            ],
            [
              29.25056419128986,
              32.21851413154264
            ],
            [
              29.25056419128986,
              32.21833446848582
            ],
            [
              29.25047435976145,
              32.21833446848582
            ],
            [
              29.25047435976145,
              32.218154805428995
            ],
            [
              29.250384528233038,
              32.218154805428995
            ],
            [
              29.250384528233038,
              32.21806497390058
            ],
            [
              29.25029469670463,
              32.21806497390058
            ],
            [
              29.25029469670463,
              32.21788531084376
            ],
            [
              29.250204865176215,
              32.21788531084376
            ],
            [
              29.250204865176215,
              32.21779547931535
            ],
            [
              29.250115033647802,
              32.21779547931535
            ],
            [
              29.250115033647802,
              32.21761581625852
            ],
            [
              29.250204865176215,
              32.21761581625852
            ],
            [
              29.250204865176215,
              32.21734632167329
            ],
            [
              29.25029469670463,
              32.21734632167329
            ],
            [
              29.25029469670463,
              32.21707682708805
            ],
            [
              29.250204865176215,
              32.21707682708805
            ],
            [
              29.250204865176215,
              32.21653783791758
            ],
            [
              29.250115033647802,
              32.21653783791758
            ],
            [
              29.250115033647802,
              32.216268343332345
            ],
            [
              29.24993537059098,
              32.216268343332345
            ],
            [
              29.24993537059098,
              32.21617851180393
            ],
            [
              29.249665876005743,
              32.21617851180393
            ],
            [
              29.249665876005743,
              32.216268343332345
            ],
            [
              29.24957604447733,
              32.216268343332345
            ],
            [
              29.24957604447733,
              32.21635817486076
            ],
            [
              29.24903705530686,
              32.21635817486076
            ],
            [
              29.24903705530686,
              32.21644800638917
            ],
            [
              29.248947223778448,
              32.21644800638917
            ],
            [
              29.248947223778448,
              32.21635817486076
            ],
            [
              29.248857392250034,
              32.21635817486076
            ],
            [
              29.248857392250034,
              32.21644800638917
            ],
            [
              29.248767560721625,
              32.21644800638917
            ],
            [
              29.248767560721625,
              32.21635817486076
            ],
            [
              29.24867772919321,
              32.21635817486076
            ],
            [
              29.24867772919321,
              32.216268343332345
            ],
            [
              29.248587897664798,
              32.216268343332345
            ],
            [
              29.248587897664798,
              32.21617851180393
            ],
            [
              29.24849806613639,
              32.21617851180393
            ],
            [
              29.24849806613639,
              32.21608868027552
            ],
            [
              29.248408234607975,
              32.21608868027552
            ],
            [
              29.248408234607975,
              32.21599884874711
            ],
            [
              29.248318403079566,
              32.21599884874711
            ],
            [
              29.248318403079566,
              32.215819185690286
            ],
            [
              29.248228571551152,
              32.215819185690286
            ],
            [
              29.248228571551152,
              32.21572935416187
            ],
            [
              29.24813874002274,
              32.21572935416187
            ],
            [
              29.24813874002274,
              32.21563952263346
            ],
            [
              29.24804890849433,
              32.21563952263346
            ],
            [
              29.24804890849433,
              32.21545985957664
            ],
            [
              29.247959076965916,
              32.21545985957664
            ],
            [
              29.247959076965916,
              32.2151903649914
            ],
            [
              29.247869245437503,
              32.2151903649914
            ],
            [
              29.247869245437503,
              32.21501070193458
            ],
            [
              29.247779413909093,
              32.21501070193458
            ],
            [
              29.247779413909093,
              32.21492087040617
            ],
            [
              29.24768958238068,
              32.21492087040617
            ],
            [
              29.24768958238068,
              32.214831038877755
            ],
            [
              29.247599750852267,
              32.214831038877755
            ],
            [
              29.247599750852267,
              32.21474120734934
            ],
            [
              29.247509919323857,
              32.21474120734934
            ],
            [
              29.247509919323857,
              32.21465137582093
            ],
            [
              29.247599750852267,
              32.21465137582093
            ],
            [
              29.247599750852267,
              32.214561544292515
            ],
            [
              29.247420087795444,
              32.214561544292515
            ],
            [
              29.247420087795444,
              32.21447171276411
            ],
            [
              29.24724042473862,
              32.21447171276411
            ],
            [
              29.24724042473862,
              32.214381881235695
            ],
            [
              29.247150593210208,
              32.214381881235695
            ],
            [
              29.247150593210208,
              32.21429204970728
            ],
            [
              29.247060761681798,
              32.21429204970728
            ],
            [
              29.247060761681798,
              32.214381881235695
            ],
            [
              29.24688109862497,
              32.214381881235695
            ],
            [
              29.24688109862497,
              32.21429204970728
            ],
            [
              29.24679126709656,
              32.21429204970728
            ],
            [
              29.24679126709656,
              32.21447171276411
            ],
            [
              29.246611604039735,
              32.21447171276411
            ],
            [
              29.246611604039735,
              32.214561544292515
            ],
            [
              29.246431940982912,
              32.214561544292515
            ],
            [
              29.246431940982912,
              32.21447171276411
            ],
            [
              29.246342109454503,
              32.21447171276411
            ],
            [
              29.246342109454503,
              32.21474120734934
            ],
            [
              29.24625227792609,
              32.21474120734934
            ],
            [
              29.24625227792609,
              32.214561544292515
            ],
            [
              29.246162446397676,
              32.214561544292515
            ],
            [
              29.246162446397676,
              32.214831038877755
            ],
            [
              29.246342109454503,
              32.214831038877755
            ],
            [
              29.246342109454503,
              32.21510053346299
            ],
            [
              29.24625227792609,
              32.21510053346299
            ],
            [
              29.24625227792609,
              32.2151903649914
            ],
            [
              29.246342109454503,
              32.2151903649914
            ],
            [
              29.246342109454503,
              32.215280196519814
            ],
            [
              29.246162446397676,
              32.215280196519814
            ],
            [
              29.246162446397676,
              32.215549691105046
            ],
            [
              29.24625227792609,
              32.215549691105046
            ],
            [
              29.24625227792609,
              32.21563952263346
            ],
            [
              29.246162446397676,
              32.21563952263346
            ],
            [
              29.246162446397676,
              32.21572935416187
            ],
            [
              29.246342109454503,
              32.21572935416187
            ],
            [
              29.246342109454503,
              32.215819185690286
            ],
            [
              29.246431940982912,
              32.215819185690286
            ],
            [
              29.246431940982912,
              32.2159090172187
            ],
            [
              29.246342109454503,
              32.2159090172187
            ],
            [
              29.246342109454503,
              32.21617851180393
            ]
          ]
        ]
      },
      "properties": {
        "event_id": "00012_det_0077",
        "source_image": "00012",
        "detection_class": "oil_spill",
        "pixel_count": 5797,
        "area_m2": 489126.24,
        "area_km2": 0.489126,
        "geometry_crs": "EPSG:4326",
        "area_crs": "EPSG:32635",
        "area_method": "utm_projection_zone_35N",
        "centroid": [
          29.250936,
          32.226032
        ],
        "bbox": [
          29.246162,
          32.214292,
          29.253439,
          32.239265
        ],
        "threshold": 0.22,
        "probability_statistics": {
          "mean_probability": 0.77004,
          "max_probability": 0.99365,
          "min_probability": 0.22021,
          "std_probability": 0.23123
        }
      }
    },
    {
      "type": "Feature",
      "id": "00012_det_0078",
      "geometry": {
        "type": "Polygon",
        "coordinates": [
          [
            [
              29.25056419128986,
              32.234593975128384
            ],
            [
              29.250654022818274,
              32.234593975128384
            ],
            [
              29.250654022818274,
              32.23450414359997
            ],
            [
              29.25056419128986,
              32.23450414359997
            ],
            [
              29.25056419128986,
              32.234593975128384
            ]
          ]
        ]
      },
      "properties": {
        "event_id": "00012_det_0078",
        "source_image": "00012",
        "detection_class": "oil_spill",
        "pixel_count": 1,
        "area_m2": 84.37,
        "area_km2": 8.4e-05,
        "geometry_crs": "EPSG:4326",
        "area_crs": "EPSG:32635",
        "area_method": "utm_projection_zone_35N",
        "centroid": [
          29.250609,
          32.234549
        ],
        "bbox": [
          29.250564,
          32.234504,
          29.250654,
          32.234594
        ],
        "threshold": 0.22,
        "probability_statistics": {
          "mean_probability": 0.22729,
          "max_probability": 0.22729,
          "min_probability": 0.22729,
          "std_probability": 0.0
        }
      }
    },
    {
      "type": "Feature",
      "id": "00012_det_0079",
      "geometry": {
        "type": "Polygon",
        "coordinates": [
          [
            [
              29.246342109454503,
              32.216268343332345
            ],
            [
              29.246342109454503,
              32.21617851180393
            ],
            [
              29.24625227792609,
              32.21617851180393
            ],
            [
              29.24625227792609,
              32.216268343332345
            ],
            [
              29.246342109454503,
              32.216268343332345
            ]
          ]
        ]
      },
      "properties": {
        "event_id": "00012_det_0079",
        "source_image": "00012",
        "detection_class": "oil_spill",
        "pixel_count": 1,
        "area_m2": 84.38,
        "area_km2": 8.4e-05,
        "geometry_crs": "EPSG:4326",
        "area_crs": "EPSG:32635",
        "area_method": "utm_projection_zone_35N",
        "centroid": [
          29.246297,
          32.216223
        ],
        "bbox": [
          29.246252,
          32.216179,
          29.246342,
          32.216268
        ],
        "threshold": 0.22,
        "probability_statistics": {
          "mean_probability": 0.22021,
          "max_probability": 0.22021,
          "min_probability": 0.22021,
          "std_probability": 0.0
        }
      }
    },
    {
      "type": "Feature",
      "id": "00012_det_0080",
      "geometry": {
        "type": "Polygon",
        "coordinates": [
          [
            [
              29.247779413909093,
              32.22480233853148
            ],
            [
              29.24768958238068,
              32.22480233853148
            ],
            [
              29.24768958238068,
              32.224892170059896
            ],
            [
              29.247779413909093,
              32.224892170059896
            ],
            [
              29.247779413909093,
              32.22480233853148
            ]
          ]
        ]
      },
      "properties": {
        "event_id": "00012_det_0080",
        "source_image": "00012",
        "detection_class": "oil_spill",
        "pixel_count": 1,
        "area_m2": 84.38,
        "area_km2": 8.4e-05,
        "geometry_crs": "EPSG:4326",
        "area_crs": "EPSG:32635",
        "area_method": "utm_projection_zone_35N",
        "centroid": [
          29.247734,
          32.224847
        ],
        "bbox": [
          29.24769,
          32.224802,
          29.247779,
          32.224892
        ],
        "threshold": 0.22,
        "probability_statistics": {
          "mean_probability": 0.23474,
          "max_probability": 0.23474,
          "min_probability": 0.23474,
          "std_probability": 0.0
        }
      }
    },
    {
      "type": "Feature",
      "id": "00012_det_0081",
      "geometry": {
        "type": "Polygon",
        "coordinates": [
          [
            [
              29.244545478886263,
              32.234144817486325
            ],
            [
              29.24445564735785,
              32.234144817486325
            ],
            [
              29.24445564735785,
              32.23423464901474
            ],
            [
              29.244545478886263,
              32.23423464901474
            ],
            [
              29.244545478886263,
              32.234144817486325
            ]
          ]
        ]
      },
      "properties": {
        "event_id": "00012_det_0081",
        "source_image": "00012",
        "detection_class": "oil_spill",
        "pixel_count": 1,
        "area_m2": 84.37,
        "area_km2": 8.4e-05,
        "geometry_crs": "EPSG:4326",
        "area_crs": "EPSG:32635",
        "area_method": "utm_projection_zone_35N",
        "centroid": [
          29.244501,
          32.23419
        ],
        "bbox": [
          29.244456,
          32.234145,
          29.244545,
          32.234235
        ],
        "threshold": 0.22,
        "probability_statistics": {
          "mean_probability": 0.22302,
          "max_probability": 0.22302,
          "min_probability": 0.22302,
          "std_probability": 0.0
        }
      }
    },
    {
      "type": "Feature",
      "id": "00012_det_0082",
      "geometry": {
        "type": "Polygon",
        "coordinates": [
          [
            [
              29.24490480499991,
              32.23522279582727
            ],
            [
              29.2448149734715,
              32.23522279582727
            ],
            [
              29.2448149734715,
              32.235312627355675
            ],
            [
              29.24490480499991,
              32.235312627355675
            ],
            [
              29.24490480499991,
              32.23522279582727
            ]
          ]
        ]
      },
      "properties": {
        "event_id": "00012_det_0082",
        "source_image": "00012",
        "detection_class": "oil_spill",
        "pixel_count": 1,
        "area_m2": 84.37,
        "area_km2": 8.4e-05,
        "geometry_crs": "EPSG:4326",
        "area_crs": "EPSG:32635",
        "area_method": "utm_projection_zone_35N",
        "centroid": [
          29.24486,
          32.235268
        ],
        "bbox": [
          29.244815,
          32.235223,
          29.244905,
          32.235313
        ],
        "threshold": 0.22,
        "probability_statistics": {
          "mean_probability": 0.23938,
          "max_probability": 0.23938,
          "min_probability": 0.23938,
          "std_probability": 0.0
        }
      }
    },
    {
      "type": "Feature",
      "id": "00012_det_0083",
      "geometry": {
        "type": "Polygon",
        "coordinates": [
          [
            [
              29.247060761681798,
              32.239624540719454
            ],
            [
              29.247060761681798,
              32.23953470919104
            ],
            [
              29.246970930153385,
              32.23953470919104
            ],
            [
              29.246970930153385,
              32.239624540719454
            ],
            [
              29.247060761681798,
              32.239624540719454
            ]
          ]
        ]
      },
      "properties": {
        "event_id": "00012_det_0083",
        "source_image": "00012",
        "detection_class": "oil_spill",
        "pixel_count": 1,
        "area_m2": 84.36,
        "area_km2": 8.4e-05,
        "geometry_crs": "EPSG:4326",
        "area_crs": "EPSG:32635",
        "area_method": "utm_projection_zone_35N",
        "centroid": [
          29.247016,
          32.23958
        ],
        "bbox": [
          29.246971,
          32.239535,
          29.247061,
          32.239625
        ],
        "threshold": 0.22,
        "probability_statistics": {
          "mean_probability": 0.23108,
          "max_probability": 0.23108,
          "min_probability": 0.23108,
          "std_probability": 0.0
        }
      }
    },
    {
      "type": "Feature",
      "id": "00012_det_0084",
      "geometry": {
        "type": "Polygon",
        "coordinates": [
          [
            [
              29.245713288755617,
              32.24833819897541
            ],
            [
              29.245623457227204,
              32.24833819897541
            ],
            [
              29.245623457227204,
              32.248428030503824
            ],
            [
              29.245713288755617,
              32.248428030503824
            ],
            [
              29.245713288755617,
              32.24833819897541
            ]
          ]
        ]
      },
      "properties": {
        "event_id": "00012_det_0084",
        "source_image": "00012",
        "detection_class": "oil_spill",
        "pixel_count": 1,
        "area_m2": 84.35,
        "area_km2": 8.4e-05,
        "geometry_crs": "EPSG:4326",
        "area_crs": "EPSG:32635",
        "area_method": "utm_projection_zone_35N",
        "centroid": [
          29.245668,
          32.248383
        ],
        "bbox": [
          29.245623,
          32.248338,
          29.245713,
          32.248428
        ],
        "threshold": 0.22,
        "probability_statistics": {
          "mean_probability": 0.22351,
          "max_probability": 0.22351,
          "min_probability": 0.22351,
          "std_probability": 0.0
        }
      }
    },
    {
      "type": "Feature",
      "id": "00012_det_0085",
      "geometry": {
        "type": "Polygon",
        "coordinates": [
          [
            [
              29.24580312028403,
              32.24878735661747
            ],
            [
              29.245713288755617,
              32.24878735661747
            ],
            [
              29.245713288755617,
              32.24887718814588
            ],
            [
              29.24580312028403,
              32.24887718814588
            ],
            [
              29.24580312028403,
              32.24878735661747
            ]
          ]
        ]
      },
      "properties": {
        "event_id": "00012_det_0085",
        "source_image": "00012",
        "detection_class": "oil_spill",
        "pixel_count": 1,
        "area_m2": 84.35,
        "area_km2": 8.4e-05,
        "geometry_crs": "EPSG:4326",
        "area_crs": "EPSG:32635",
        "area_method": "utm_projection_zone_35N",
        "centroid": [
          29.245758,
          32.248832
        ],
        "bbox": [
          29.245713,
          32.248787,
          29.245803,
          32.248877
        ],
        "threshold": 0.22,
        "probability_statistics": {
          "mean_probability": 0.22949,
          "max_probability": 0.22949,
          "min_probability": 0.22949,
          "std_probability": 0.0
        }
      }
    },
    {
      "type": "Feature",
      "id": "00012_det_0086",
      "geometry": {
        "type": "Polygon",
        "coordinates": [
          [
            [
              29.245982783340853,
              32.248967019674296
            ],
            [
              29.245982783340853,
              32.24887718814588
            ],
            [
              29.24589295181244,
              32.24887718814588
            ],
            [
              29.24589295181244,
              32.248967019674296
            ],
            [
              29.245982783340853,
              32.248967019674296
            ]
          ]
        ]
      },
      "properties": {
        "event_id": "00012_det_0086",
        "source_image": "00012",
        "detection_class": "oil_spill",
        "pixel_count": 1,
        "area_m2": 84.35,
        "area_km2": 8.4e-05,
        "geometry_crs": "EPSG:4326",
        "area_crs": "EPSG:32635",
        "area_method": "utm_projection_zone_35N",
        "centroid": [
          29.245938,
          32.248922
        ],
        "bbox": [
          29.245893,
          32.248877,
          29.245983,
          32.248967
        ],
        "threshold": 0.22,
        "probability_statistics": {
          "mean_probability": 0.23682,
          "max_probability": 0.23682,
          "min_probability": 0.23682,
          "std_probability": 0.0
        }
      }
    },
    {
      "type": "Feature",
      "id": "00012_det_0087",
      "geometry": {
        "type": "Polygon",
        "coordinates": [
          [
            [
              29.245623457227204,
              32.24923651425953
            ],
            [
              29.245533625698794,
              32.24923651425953
            ],
            [
              29.245533625698794,
              32.24932634578794
            ],
            [
              29.245623457227204,
              32.24932634578794
            ],
            [
              29.245623457227204,
              32.24923651425953
            ]
          ]
        ]
      },
      "properties": {
        "event_id": "00012_det_0087",
        "source_image": "00012",
        "detection_class": "oil_spill",
        "pixel_count": 1,
        "area_m2": 84.35,
        "area_km2": 8.4e-05,
        "geometry_crs": "EPSG:4326",
        "area_crs": "EPSG:32635",
        "area_method": "utm_projection_zone_35N",
        "centroid": [
          29.245579,
          32.249281
        ],
        "bbox": [
          29.245534,
          32.249237,
          29.245623,
          32.249326
        ],
        "threshold": 0.22,
        "probability_statistics": {
          "mean_probability": 0.23157,
          "max_probability": 0.23157,
          "min_probability": 0.23157,
          "std_probability": 0.0
        }
      }
    },
    {
      "type": "Feature",
      "id": "00012_det_0088",
      "geometry": {
        "type": "Polygon",
        "coordinates": [
          [
            [
              29.248587897664798,
              32.22480233853148
            ],
            [
              29.248587897664798,
              32.22471250700307
            ],
            [
              29.24849806613639,
              32.22471250700307
            ],
            [
              29.24849806613639,
              32.22480233853148
            ],
            [
              29.248587897664798,
              32.22480233853148
            ]
          ]
        ]
      },
      "properties": {
        "event_id": "00012_det_0088",
        "source_image": "00012",
        "detection_class": "oil_spill",
        "pixel_count": 1,
        "area_m2": 84.38,
        "area_km2": 8.4e-05,
        "geometry_crs": "EPSG:4326",
        "area_crs": "EPSG:32635",
        "area_method": "utm_projection_zone_35N",
        "centroid": [
          29.248543,
          32.224757
        ],
        "bbox": [
          29.248498,
          32.224713,
          29.248588,
          32.224802
        ],
        "threshold": 0.22,
        "probability_statistics": {
          "mean_probability": 0.23914,
          "max_probability": 0.23914,
          "min_probability": 0.23914,
          "std_probability": 0.0
        }
      }
    },
    {
      "type": "Feature",
      "id": "00012_det_0089",
      "geometry": {
        "type": "Polygon",
        "coordinates": [
          [
            [
              29.24867772919321,
              32.22480233853148
            ],
            [
              29.248587897664798,
              32.22480233853148
            ],
            [
              29.248587897664798,
              32.224892170059896
            ],
            [
              29.24867772919321,
              32.224892170059896
            ],
            [
              29.24867772919321,
              32.22480233853148
            ]
          ]
        ]
      },
      "properties": {
        "event_id": "00012_det_0089",
        "source_image": "00012",
        "detection_class": "oil_spill",
        "pixel_count": 1,
        "area_m2": 84.38,
        "area_km2": 8.4e-05,
        "geometry_crs": "EPSG:4326",
        "area_crs": "EPSG:32635",
        "area_method": "utm_projection_zone_35N",
        "centroid": [
          29.248633,
          32.224847
        ],
        "bbox": [
          29.248588,
          32.224802,
          29.248678,
          32.224892
        ],
        "threshold": 0.22,
        "probability_statistics": {
          "mean_probability": 0.22119,
          "max_probability": 0.22119,
          "min_probability": 0.22119,
          "std_probability": 0.0
        }
      }
    },
    {
      "type": "Feature",
      "id": "00012_det_0090",
      "geometry": {
        "type": "Polygon",
        "coordinates": [
          [
            [
              29.253438800199046,
              32.24959584037318
            ],
            [
              29.253438800199046,
              32.249416177316355
            ],
            [
              29.253348968670633,
              32.249416177316355
            ],
            [
              29.253348968670633,
              32.24959584037318
            ],
            [
              29.253438800199046,
              32.24959584037318
            ]
          ]
        ]
      },
      "properties": {
        "event_id": "00012_det_0090",
        "source_image": "00012",
        "detection_class": "oil_spill",
        "pixel_count": 2,
        "area_m2": 168.71,
        "area_km2": 0.000169,
        "geometry_crs": "EPSG:4326",
        "area_crs": "EPSG:32635",
        "area_method": "utm_projection_zone_35N",
        "centroid": [
          29.253394,
          32.249506
        ],
        "bbox": [
          29.253349,
          32.249416,
          29.253439,
          32.249596
        ],
        "threshold": 0.22,
        "probability_statistics": {
          "mean_probability": 0.30334,
          "max_probability": 0.33765,
          "min_probability": 0.26904,
          "std_probability": 0.0343
        }
      }
    },
    {
      "type": "Feature",
      "id": "00012_det_0091",
      "geometry": {
        "type": "Polygon",
        "coordinates": [
          [
            [
              29.250654022818274,
              32.268280798282866
            ],
            [
              29.25056419128986,
              32.268280798282866
            ],
            [
              29.25056419128986,
              32.26837062981128
            ],
            [
              29.250654022818274,
              32.26837062981128
            ],
            [
              29.250654022818274,
              32.268280798282866
            ]
          ]
        ]
      },
      "properties": {
        "event_id": "00012_det_0091",
        "source_image": "00012",
        "detection_class": "oil_spill",
        "pixel_count": 1,
        "area_m2": 84.34,
        "area_km2": 8.4e-05,
        "geometry_crs": "EPSG:4326",
        "area_crs": "EPSG:32635",
        "area_method": "utm_projection_zone_35N",
        "centroid": [
          29.250609,
          32.268326
        ],
        "bbox": [
          29.250564,
          32.268281,
          29.250654,
          32.268371
        ],
        "threshold": 0.22,
        "probability_statistics": {
          "mean_probability": 0.24207,
          "max_probability": 0.24207,
          "min_probability": 0.24207,
          "std_probability": 0.0
        }
      }
    },
    {
      "type": "Feature",
      "id": "00012_det_0092",
      "geometry": {
        "type": "Polygon",
        "coordinates": [
          [
            [
              29.250833685875097,
              32.269628271209044
            ],
            [
              29.25092351740351,
              32.269628271209044
            ],
            [
              29.25092351740351,
              32.26953843968063
            ],
            [
              29.250833685875097,
              32.26953843968063
            ],
            [
              29.250833685875097,
              32.269628271209044
            ]
          ]
        ]
      },
      "properties": {
        "event_id": "00012_det_0092",
        "source_image": "00012",
        "detection_class": "oil_spill",
        "pixel_count": 1,
        "area_m2": 84.34,
        "area_km2": 8.4e-05,
        "geometry_crs": "EPSG:4326",
        "area_crs": "EPSG:32635",
        "area_method": "utm_projection_zone_35N",
        "centroid": [
          29.250879,
          32.269583
        ],
        "bbox": [
          29.250834,
          32.269538,
          29.250924,
          32.269628
        ],
        "threshold": 0.22,
        "probability_statistics": {
          "mean_probability": 0.22815,
          "max_probability": 0.22815,
          "min_probability": 0.22815,
          "std_probability": 0.0
        }
      }
    }
  ]
}