{
  "type": "FeatureCollection",
  "name": "ocean_sentinel_origin_drift",
  "metadata": {
    "mode": "DEMO",
    "direction": "FORWARD",
    "event_id": "00260_00608_new_0010",
    "observation_time": "2024-05-13T00:00:00+00:00",
    "timestamp_provenance": "EXTERNALLY_SUPPLIED_TEST_TIMESTAMP",
    "forcing_source": "synthetic_deterministic_fixture",
    "is_authoritative": false,
    "generated_timestamp_utc": "2026-09-20T16:38:42.430746+00:00"
  },
  "features": [
    {
      "type": "Feature",
      "id": "00260_00608_new_0010_observation",
      "geometry": {
        "type": "Polygon",
        "coordinates": [
          [
            [
              -90.38362865996828,
              27.080499291512254
            ],
            [
              -90.38380832302511,
              27.080499291512254
            ],
            [
              -90.38380832302511,
              27.08040945998384
            ],
            [
              -90.38389815455352,
              27.08040945998384
            ],
            [
              -90.38389815455352,
              27.080499291512254
            ],
            [
              -90.38425748066716,
              27.080499291512254
            ],
            [
              -90.38425748066716,
              27.080589123040664
            ],
            [
              -90.38434731219557,
              27.080589123040664
            ],
            [
              -90.38434731219557,
              27.080678954569077
            ],
            [
              -90.38443714372399,
              27.080678954569077
            ],
            [
              -90.38443714372399,
              27.08076878609749
            ],
            [
              -90.38461680678081,
              27.08076878609749
            ],
            [
              -90.38461680678081,
              27.0808586176259
            ],
            [
              -90.38470663830923,
              27.0808586176259
            ],
            [
              -90.38470663830923,
              27.080948449154313
            ],
            [
              -90.38479646983764,
              27.080948449154313
            ],
            [
              -90.38479646983764,
              27.081128112211136
            ],
            [
              -90.38497613289447,
              27.081128112211136
            ],
            [
              -90.38497613289447,
              27.08121794373955
            ],
            [
              -90.38506596442288,
              27.08121794373955
            ],
            [
              -90.38506596442288,
              27.08130777526796
            ],
            [
              -90.38524562747969,
              27.08130777526796
            ],
            [
              -90.38524562747969,
              27.081487438324785
            ],
            [
              -90.3853354590081,
              27.081487438324785
            ],
            [
              -90.3853354590081,
              27.081577269853195
            ],
            [
              -90.38551512206493,
              27.081577269853195
            ],
            [
              -90.38551512206493,
              27.08166710138161
            ],
            [
              -90.38569478512176,
              27.08166710138161
            ],
            [
              -90.38569478512176,
              27.08175693291002
            ],
            [
              -90.38587444817858,
              27.08175693291002
            ],
            [
              -90.38587444817858,
              27.08184676443843
            ],
            [
              -90.38605411123541,
              27.08184676443843
            ],
            [
              -90.38605411123541,
              27.081936595966845
            ],
            [
              -90.38614394276382,
              27.081936595966845
            ],
            [
              -90.38614394276382,
              27.082026427495254
            ],
            [
              -90.38623377429222,
              27.082026427495254
            ],
            [
              -90.38623377429222,
              27.08220609055208
            ],
            [
              -90.38632360582064,
              27.08220609055208
            ],
            [
              -90.38632360582064,
              27.08229592208049
            ],
            [
              -90.38641343734905,
              27.08229592208049
            ],
            [
              -90.38641343734905,
              27.082385753608904
            ],
            [
              -90.38632360582064,
              27.082385753608904
            ],
            [
              -90.38632360582064,
              27.082565416665727
            ],
            [
              -90.38641343734905,
              27.082565416665727
            ],
            [
              -90.38641343734905,
              27.082834911250963
            ],
            [
              -90.38632360582064,
              27.082834911250963
            ],
            [
              -90.38632360582064,
              27.082924742779376
            ],
            [
              -90.38641343734905,
              27.082924742779376
            ],
            [
              -90.38641343734905,
              27.083194237364612
            ],
            [
              -90.38632360582064,
              27.083194237364612
            ],
            [
              -90.38632360582064,
              27.083284068893022
            ],
            [
              -90.38641343734905,
              27.083284068893022
            ],
            [
              -90.38641343734905,
              27.08346373194985
            ],
            [
              -90.38650326887746,
              27.08346373194985
            ],
            [
              -90.38650326887746,
              27.083373900421435
            ],
            [
              -90.38668293193429,
              27.083373900421435
            ],
            [
              -90.38668293193429,
              27.083284068893022
            ],
            [
              -90.38722192110475,
              27.083284068893022
            ],
            [
              -90.38722192110475,
              27.083373900421435
            ],
            [
              -90.38740158416158,
              27.083373900421435
            ],
            [
              -90.38740158416158,
              27.08346373194985
            ],
            [
              -90.38749141569,
              27.08346373194985
            ],
            [
              -90.38749141569,
              27.083733226535085
            ],
            [
              -90.3875812472184,
              27.083733226535085
            ],
            [
              -90.3875812472184,
              27.08409255264873
            ],
            [
              -90.38767107874682,
              27.08409255264873
            ],
            [
              -90.38767107874682,
              27.084272215705553
            ],
            [
              -90.3875812472184,
              27.084272215705553
            ],
            [
              -90.3875812472184,
              27.084362047233967
            ],
            [
              -90.38767107874682,
              27.084362047233967
            ],
            [
              -90.38767107874682,
              27.084990867932852
            ],
            [
              -90.3875812472184,
              27.084990867932852
            ],
            [
              -90.3875812472184,
              27.085080699461262
            ],
            [
              -90.38767107874682,
              27.085080699461262
            ],
            [
              -90.38767107874682,
              27.085170530989675
            ],
            [
              -90.3875812472184,
              27.085170530989675
            ],
            [
              -90.3875812472184,
              27.085260362518085
            ],
            [
              -90.38749141569,
              27.085260362518085
            ],
            [
              -90.38749141569,
              27.085350194046498
            ],
            [
              -90.3875812472184,
              27.085350194046498
            ],
            [
              -90.3875812472184,
              27.08552985710332
            ],
            [
              -90.38767107874682,
              27.08552985710332
            ],
            [
              -90.38767107874682,
              27.085619688631734
            ],
            [
              -90.38776091027523,
              27.085619688631734
            ],
            [
              -90.38776091027523,
              27.085709520160147
            ],
            [
              -90.38767107874682,
              27.085709520160147
            ],
            [
              -90.38767107874682,
              27.085799351688557
            ],
            [
              -90.38776091027523,
              27.085799351688557
            ],
            [
              -90.38776091027523,
              27.08588918321697
            ],
            [
              -90.38785074180365,
              27.08588918321697
            ],
            [
              -90.38785074180365,
              27.086158677802207
            ],
            [
              -90.38803040486047,
              27.086158677802207
            ],
            [
              -90.38803040486047,
              27.086248509330616
            ],
            [
              -90.38821006791729,
              27.086248509330616
            ],
            [
              -90.38821006791729,
              27.086428172387443
            ],
            [
              -90.3882998994457,
              27.086428172387443
            ],
            [
              -90.3882998994457,
              27.086518003915852
            ],
            [
              -90.38856939403094,
              27.086518003915852
            ],
            [
              -90.38856939403094,
              27.08669766697268
            ],
            [
              -90.38865922555935,
              27.08669766697268
            ],
            [
              -90.38865922555935,
              27.08678749850109
            ],
            [
              -90.38874905708776,
              27.08678749850109
            ],
            [
              -90.38874905708776,
              27.086877330029502
            ],
            [
              -90.38883888861618,
              27.086877330029502
            ],
            [
              -90.38883888861618,
              27.086967161557915
            ],
            [
              -90.38892872014459,
              27.086967161557915
            ],
            [
              -90.38892872014459,
              27.087236656143148
            ],
            [
              -90.38910838320142,
              27.087236656143148
            ],
            [
              -90.38910838320142,
              27.087506150728384
            ],
            [
              -90.38919821472982,
              27.087506150728384
            ],
            [
              -90.38919821472982,
              27.087595982256797
            ],
            [
              -90.38928804625823,
              27.087595982256797
            ],
            [
              -90.38928804625823,
              27.08768581378521
            ],
            [
              -90.38937787778664,
              27.08768581378521
            ],
            [
              -90.38937787778664,
              27.087865476842033
            ],
            [
              -90.38946770931506,
              27.087865476842033
            ],
            [
              -90.38946770931506,
              27.087955308370447
            ],
            [
              -90.38955754084347,
              27.087955308370447
            ],
            [
              -90.38955754084347,
              27.088045139898856
            ],
            [
              -90.38964737237188,
              27.088045139898856
            ],
            [
              -90.38964737237188,
              27.08822480295568
            ],
            [
              -90.38982703542871,
              27.08822480295568
            ],
            [
              -90.38982703542871,
              27.088314634484092
            ],
            [
              -90.39000669848554,
              27.088314634484092
            ],
            [
              -90.39000669848554,
              27.088404466012506
            ],
            [
              -90.39009653001395,
              27.088404466012506
            ],
            [
              -90.39009653001395,
              27.088494297540915
            ],
            [
              -90.39027619307076,
              27.088494297540915
            ],
            [
              -90.39027619307076,
              27.088673960597742
            ],
            [
              -90.39036602459917,
              27.088673960597742
            ],
            [
              -90.39036602459917,
              27.08876379212615
            ],
            [
              -90.39045585612759,
              27.08876379212615
            ],
            [
              -90.39045585612759,
              27.088853623654565
            ],
            [
              -90.39036602459917,
              27.088853623654565
            ],
            [
              -90.39036602459917,
              27.088943455182978
            ],
            [
              -90.39045585612759,
              27.088943455182978
            ],
            [
              -90.39045585612759,
              27.089033286711388
            ],
            [
              -90.390545687656,
              27.089033286711388
            ],
            [
              -90.390545687656,
              27.0891231182398
            ],
            [
              -90.39072535071283,
              27.0891231182398
            ],
            [
              -90.39072535071283,
              27.089392612825037
            ],
            [
              -90.39108467682648,
              27.089392612825037
            ],
            [
              -90.39108467682648,
              27.089482444353447
            ],
            [
              -90.39117450835488,
              27.089482444353447
            ],
            [
              -90.39117450835488,
              27.08957227588186
            ],
            [
              -90.39108467682648,
              27.08957227588186
            ],
            [
              -90.39108467682648,
              27.089751938938683
            ],
            [
              -90.39117450835488,
              27.089751938938683
            ],
            [
              -90.39117450835488,
              27.089841770467096
            ],
            [
              -90.39126433988329,
              27.089841770467096
            ],
            [
              -90.39126433988329,
              27.08993160199551
            ],
            [
              -90.3913541714117,
              27.08993160199551
            ],
            [
              -90.3913541714117,
              27.090111265052332
            ],
            [
              -90.39162366599695,
              27.090111265052332
            ],
            [
              -90.39162366599695,
              27.090290928109155
            ],
            [
              -90.39171349752536,
              27.090290928109155
            ],
            [
              -90.39171349752536,
              27.090470591165978
            ],
            [
              -90.39180332905377,
              27.090470591165978
            ],
            [
              -90.39180332905377,
              27.09056042269439
            ],
            [
              -90.3919829921106,
              27.09056042269439
            ],
            [
              -90.3919829921106,
              27.090650254222805
            ],
            [
              -90.39207282363901,
              27.090650254222805
            ],
            [
              -90.39207282363901,
              27.09056042269439
            ],
            [
              -90.39216265516741,
              27.09056042269439
            ],
            [
              -90.39216265516741,
              27.09100958033645
            ],
            [
              -90.39225248669582,
              27.09100958033645
            ],
            [
              -90.39225248669582,
              27.091099411864864
            ],
            [
              -90.39234231822424,
              27.091099411864864
            ],
            [
              -90.39234231822424,
              27.091279074921687
            ],
            [
              -90.39252198128106,
              27.091279074921687
            ],
            [
              -90.39252198128106,
              27.09145873797851
            ],
            [
              -90.39261181280948,
              27.09145873797851
            ],
            [
              -90.39261181280948,
              27.091548569506923
            ],
            [
              -90.39270164433789,
              27.091548569506923
            ],
            [
              -90.39270164433789,
              27.091638401035336
            ],
            [
              -90.39288130739472,
              27.091638401035336
            ],
            [
              -90.39288130739472,
              27.091907895620572
            ],
            [
              -90.39297113892313,
              27.091907895620572
            ],
            [
              -90.39297113892313,
              27.091997727148982
            ],
            [
              -90.39306097045154,
              27.091997727148982
            ],
            [
              -90.39306097045154,
              27.092087558677395
            ],
            [
              -90.39315080197994,
              27.092087558677395
            ],
            [
              -90.39315080197994,
              27.092177390205805
            ],
            [
              -90.39333046503677,
              27.092177390205805
            ],
            [
              -90.39333046503677,
              27.092267221734218
            ],
            [
              -90.39342029656518,
              27.092267221734218
            ],
            [
              -90.39342029656518,
              27.09235705326263
            ],
            [
              -90.39359995962201,
              27.09235705326263
            ],
            [
              -90.39359995962201,
              27.09244688479104
            ],
            [
              -90.39386945420725,
              27.09244688479104
            ],
            [
              -90.39386945420725,
              27.092536716319454
            ],
            [
              -90.39404911726407,
              27.092536716319454
            ],
            [
              -90.39404911726407,
              27.092626547847868
            ],
            [
              -90.39413894879247,
              27.092626547847868
            ],
            [
              -90.39413894879247,
              27.092716379376277
            ],
            [
              -90.3943186118493,
              27.092716379376277
            ],
            [
              -90.3943186118493,
              27.092896042433104
            ],
            [
              -90.39440844337771,
              27.092896042433104
            ],
            [
              -90.39440844337771,
              27.092985873961513
            ],
            [
              -90.39449827490613,
              27.092985873961513
            ],
            [
              -90.39449827490613,
              27.093075705489927
            ],
            [
              -90.39458810643454,
              27.093075705489927
            ],
            [
              -90.39458810643454,
              27.093435031603573
            ],
            [
              -90.39467793796295,
              27.093435031603573
            ],
            [
              -90.39467793796295,
              27.093524863131986
            ],
            [
              -90.39458810643454,
              27.093524863131986
            ],
            [
              -90.39458810643454,
              27.09370452618881
            ],
            [
              -90.39467793796295,
              27.09370452618881
            ],
            [
              -90.39467793796295,
              27.093974020774045
            ],
            [
              -90.39476776949137,
              27.093974020774045
            ],
            [
              -90.39476776949137,
              27.094153683830868
            ],
            [
              -90.39485760101978,
              27.094153683830868
            ],
            [
              -90.39485760101978,
              27.09424351535928
            ],
            [
              -90.3949474325482,
              27.09424351535928
            ],
            [
              -90.3949474325482,
              27.094153683830868
            ],
            [
              -90.3950372640766,
              27.094153683830868
            ],
            [
              -90.3950372640766,
              27.094333346887694
            ],
            [
              -90.395127095605,
              27.094333346887694
            ],
            [
              -90.395127095605,
              27.094423178416104
            ],
            [
              -90.39539659019024,
              27.094423178416104
            ],
            [
              -90.39539659019024,
              27.094513009944517
            ],
            [
              -90.39548642171866,
              27.094513009944517
            ],
            [
              -90.39548642171866,
              27.09469267300134
            ],
            [
              -90.39557625324707,
              27.09469267300134
            ],
            [
              -90.39557625324707,
              27.094782504529753
            ],
            [
              -90.39566608477548,
              27.094782504529753
            ],
            [
              -90.39566608477548,
              27.094872336058167
            ],
            [
              -90.3957559163039,
              27.094872336058167
            ],
            [
              -90.3957559163039,
              27.095231662171813
            ],
            [
              -90.39593557936072,
              27.095231662171813
            ],
            [
              -90.39593557936072,
              27.095411325228635
            ],
            [
              -90.39602541088914,
              27.095411325228635
            ],
            [
              -90.39602541088914,
              27.09550115675705
            ],
            [
              -90.39611524241754,
              27.09550115675705
            ],
            [
              -90.39611524241754,
              27.095590988285462
            ],
            [
              -90.39629490547436,
              27.095590988285462
            ],
            [
              -90.39629490547436,
              27.09568081981387
            ],
            [
              -90.39647456853119,
              27.09568081981387
            ],
            [
              -90.39647456853119,
              27.095770651342285
            ],
            [
              -90.3965644000596,
              27.095770651342285
            ],
            [
              -90.3965644000596,
              27.095860482870698
            ],
            [
              -90.39665423158802,
              27.095860482870698
            ],
            [
              -90.39665423158802,
              27.095950314399108
            ],
            [
              -90.39683389464484,
              27.095950314399108
            ],
            [
              -90.39683389464484,
              27.096309640512757
            ],
            [
              -90.39692372617326,
              27.096309640512757
            ],
            [
              -90.39692372617326,
              27.096399472041167
            ],
            [
              -90.39710338923007,
              27.096399472041167
            ],
            [
              -90.39710338923007,
              27.096579135097993
            ],
            [
              -90.39719322075848,
              27.096579135097993
            ],
            [
              -90.39719322075848,
              27.09648930356958
            ],
            [
              -90.3972830522869,
              27.09648930356958
            ],
            [
              -90.3972830522869,
              27.096579135097993
            ],
            [
              -90.39737288381531,
              27.096579135097993
            ],
            [
              -90.39737288381531,
              27.096668966626403
            ],
            [
              -90.39746271534372,
              27.096668966626403
            ],
            [
              -90.39746271534372,
              27.096758798154816
            ],
            [
              -90.39755254687213,
              27.096758798154816
            ],
            [
              -90.39755254687213,
              27.09693846121164
            ],
            [
              -90.39764237840055,
              27.09693846121164
            ],
            [
              -90.39764237840055,
              27.097028292740053
            ],
            [
              -90.39773220992896,
              27.097028292740053
            ],
            [
              -90.39773220992896,
              27.097118124268462
            ],
            [
              -90.39782204145737,
              27.097118124268462
            ],
            [
              -90.39782204145737,
              27.097207955796875
            ],
            [
              -90.39773220992896,
              27.097207955796875
            ],
            [
              -90.39773220992896,
              27.09729778732529
            ],
            [
              -90.39791187298579,
              27.09729778732529
            ],
            [
              -90.39791187298579,
              27.097567281910525
            ],
            [
              -90.3980017045142,
              27.097567281910525
            ],
            [
              -90.3980017045142,
              27.097657113438935
            ],
            [
              -90.3980915360426,
              27.097657113438935
            ],
            [
              -90.3980915360426,
              27.097746944967348
            ],
            [
              -90.39818136757101,
              27.097746944967348
            ],
            [
              -90.39818136757101,
              27.09783677649576
            ],
            [
              -90.39827119909943,
              27.09783677649576
            ],
            [
              -90.39827119909943,
              27.098016439552584
            ],
            [
              -90.39836103062784,
              27.098016439552584
            ],
            [
              -90.39836103062784,
              27.098196102609407
            ],
            [
              -90.39845086215625,
              27.098196102609407
            ],
            [
              -90.39845086215625,
              27.09828593413782
            ],
            [
              -90.39863052521308,
              27.09828593413782
            ],
            [
              -90.39863052521308,
              27.09837576566623
            ],
            [
              -90.3988101882699,
              27.09837576566623
            ],
            [
              -90.3988101882699,
              27.098465597194643
            ],
            [
              -90.39898985132673,
              27.098465597194643
            ],
            [
              -90.39898985132673,
              27.098645260251466
            ],
            [
              -90.39907968285513,
              27.098645260251466
            ],
            [
              -90.39907968285513,
              27.09873509177988
            ],
            [
              -90.39925934591196,
              27.09873509177988
            ],
            [
              -90.39925934591196,
              27.098824923308293
            ],
            [
              -90.39934917744037,
              27.098824923308293
            ],
            [
              -90.39934917744037,
              27.099004586365115
            ],
            [
              -90.39943900896878,
              27.099004586365115
            ],
            [
              -90.39943900896878,
              27.099094417893525
            ],
            [
              -90.3995288404972,
              27.099094417893525
            ],
            [
              -90.3995288404972,
              27.09918424942194
            ],
            [
              -90.39970850355402,
              27.09918424942194
            ],
            [
              -90.39970850355402,
              27.09936391247876
            ],
            [
              -90.39979833508244,
              27.09936391247876
            ],
            [
              -90.39979833508244,
              27.099453744007175
            ],
            [
              -90.39988816661085,
              27.099453744007175
            ],
            [
              -90.39988816661085,
              27.099633407063997
            ],
            [
              -90.39997799813926,
              27.099633407063997
            ],
            [
              -90.39997799813926,
              27.09972323859241
            ],
            [
              -90.40006782966766,
              27.09972323859241
            ],
            [
              -90.40006782966766,
              27.099813070120824
            ],
            [
              -90.40024749272449,
              27.099813070120824
            ],
            [
              -90.40024749272449,
              27.099902901649234
            ],
            [
              -90.40042715578132,
              27.099902901649234
            ],
            [
              -90.40042715578132,
              27.100082564706057
            ],
            [
              -90.4003373242529,
              27.100082564706057
            ],
            [
              -90.4003373242529,
              27.10017239623447
            ],
            [
              -90.40042715578132,
              27.10017239623447
            ],
            [
              -90.40042715578132,
              27.100352059291293
            ],
            [
              -90.4003373242529,
              27.100352059291293
            ],
            [
              -90.4003373242529,
              27.10053172234812
            ],
            [
              -90.40042715578132,
              27.10053172234812
            ],
            [
              -90.40042715578132,
              27.100711385404942
            ],
            [
              -90.40051698730973,
              27.100711385404942
            ],
            [
              -90.40051698730973,
              27.100801216933355
            ],
            [
              -90.40060681883814,
              27.100801216933355
            ],
            [
              -90.40060681883814,
              27.100891048461765
            ],
            [
              -90.40069665036656,
              27.100891048461765
            ],
            [
              -90.40069665036656,
              27.10098087999018
            ],
            [
              -90.40078648189497,
              27.10098087999018
            ],
            [
              -90.40078648189497,
              27.101160543047
            ],
            [
              -90.40087631342338,
              27.101160543047
            ],
            [
              -90.40087631342338,
              27.101250374575415
            ],
            [
              -90.4009661449518,
              27.101250374575415
            ],
            [
              -90.4009661449518,
              27.101340206103824
            ],
            [
              -90.40114580800861,
              27.101340206103824
            ],
            [
              -90.40114580800861,
              27.10160970068906
            ],
            [
              -90.40132547106543,
              27.10160970068906
            ],
            [
              -90.40132547106543,
              27.101699532217474
            ],
            [
              -90.40150513412226,
              27.101699532217474
            ],
            [
              -90.40150513412226,
              27.101879195274297
            ],
            [
              -90.40168479717909,
              27.101879195274297
            ],
            [
              -90.40168479717909,
              27.10196902680271
            ],
            [
              -90.40186446023591,
              27.10196902680271
            ],
            [
              -90.40186446023591,
              27.102058858331123
            ],
            [
              -90.40195429176433,
              27.102058858331123
            ],
            [
              -90.40195429176433,
              27.102238521387946
            ],
            [
              -90.40204412329273,
              27.102238521387946
            ],
            [
              -90.40204412329273,
              27.102328352916356
            ],
            [
              -90.40213395482114,
              27.102328352916356
            ],
            [
              -90.40213395482114,
              27.10241818444477
            ],
            [
              -90.40222378634955,
              27.10241818444477
            ],
            [
              -90.40222378634955,
              27.102597847501592
            ],
            [
              -90.40231361787797,
              27.102597847501592
            ],
            [
              -90.40231361787797,
              27.103047005143655
            ],
            [
              -90.40240344940638,
              27.103047005143655
            ],
            [
              -90.40240344940638,
              27.103136836672064
            ],
            [
              -90.40231361787797,
              27.103136836672064
            ],
            [
              -90.40231361787797,
              27.103226668200477
            ],
            [
              -90.40240344940638,
              27.103226668200477
            ],
            [
              -90.40240344940638,
              27.103316499728887
            ],
            [
              -90.40231361787797,
              27.103316499728887
            ],
            [
              -90.40231361787797,
              27.1034063312573
            ],
            [
              -90.40222378634955,
              27.1034063312573
            ],
            [
              -90.40222378634955,
              27.104124983484596
            ],
            [
              -90.4025831124632,
              27.104124983484596
            ],
            [
              -90.4025831124632,
              27.10421481501301
            ],
            [
              -90.40276277552003,
              27.10421481501301
            ],
            [
              -90.40276277552003,
              27.10430464654142
            ],
            [
              -90.40285260704844,
              27.10430464654142
            ],
            [
              -90.40285260704844,
              27.104394478069832
            ],
            [
              -90.40294243857686,
              27.104394478069832
            ],
            [
              -90.40294243857686,
              27.104484309598245
            ],
            [
              -90.40312210163367,
              27.104484309598245
            ],
            [
              -90.40312210163367,
              27.104574141126655
            ],
            [
              -90.4033017646905,
              27.104574141126655
            ],
            [
              -90.4033017646905,
              27.10475380418348
            ],
            [
              -90.40348142774732,
              27.10475380418348
            ],
            [
              -90.40348142774732,
              27.10484363571189
            ],
            [
              -90.40357125927574,
              27.10484363571189
            ],
            [
              -90.40357125927574,
              27.104933467240304
            ],
            [
              -90.40366109080415,
              27.104933467240304
            ],
            [
              -90.40366109080415,
              27.105023298768717
            ],
            [
              -90.40375092233256,
              27.105023298768717
            ],
            [
              -90.40375092233256,
              27.10520296182554
            ],
            [
              -90.40393058538939,
              27.10520296182554
            ],
            [
              -90.40393058538939,
              27.10529279335395
            ],
            [
              -90.4040204169178,
              27.10529279335395
            ],
            [
              -90.4040204169178,
              27.105562287939186
            ],
            [
              -90.4041102484462,
              27.105562287939186
            ],
            [
              -90.4041102484462,
              27.1056521194676
            ],
            [
              -90.40420007997461,
              27.1056521194676
            ],
            [
              -90.40420007997461,
              27.105921614052836
            ],
            [
              -90.40437974303144,
              27.105921614052836
            ],
            [
              -90.40437974303144,
              27.106370771694895
            ],
            [
              -90.40446957455985,
              27.106370771694895
            ],
            [
              -90.40446957455985,
              27.106460603223308
            ],
            [
              -90.40455940608827,
              27.106460603223308
            ],
            [
              -90.40455940608827,
              27.106730097808544
            ],
            [
              -90.40464923761668,
              27.106730097808544
            ],
            [
              -90.40464923761668,
              27.106909760865367
            ],
            [
              -90.4047390691451,
              27.106909760865367
            ],
            [
              -90.4047390691451,
              27.10699959239378
            ],
            [
              -90.40482890067351,
              27.10699959239378
            ],
            [
              -90.40482890067351,
              27.10708942392219
            ],
            [
              -90.40491873220192,
              27.10708942392219
            ],
            [
              -90.40491873220192,
              27.107179255450603
            ],
            [
              -90.40500856373033,
              27.107179255450603
            ],
            [
              -90.40500856373033,
              27.107358918507426
            ],
            [
              -90.40509839525873,
              27.107358918507426
            ],
            [
              -90.40509839525873,
              27.10744875003584
            ],
            [
              -90.40518822678715,
              27.10744875003584
            ],
            [
              -90.40518822678715,
              27.10753858156425
            ],
            [
              -90.40527805831556,
              27.10753858156425
            ],
            [
              -90.40527805831556,
              27.107718244621076
            ],
            [
              -90.40545772137239,
              27.107718244621076
            ],
            [
              -90.40545772137239,
              27.10798773920631
            ],
            [
              -90.40563738442921,
              27.10798773920631
            ],
            [
              -90.40563738442921,
              27.108167402263135
            ],
            [
              -90.40581704748604,
              27.108167402263135
            ],
            [
              -90.40581704748604,
              27.108347065319958
            ],
            [
              -90.40590687901445,
              27.108347065319958
            ],
            [
              -90.40590687901445,
              27.10843689684837
            ],
            [
              -90.40599671054287,
              27.10843689684837
            ],
            [
              -90.40599671054287,
              27.10852672837678
            ],
            [
              -90.40608654207126,
              27.10852672837678
            ],
            [
              -90.40608654207126,
              27.108616559905194
            ],
            [
              -90.40617637359968,
              27.108616559905194
            ],
            [
              -90.40617637359968,
              27.109155549075666
            ],
            [
              -90.40626620512809,
              27.109155549075666
            ],
            [
              -90.40626620512809,
              27.10933521213249
            ],
            [
              -90.4063560366565,
              27.10933521213249
            ],
            [
              -90.4063560366565,
              27.109514875189312
            ],
            [
              -90.40644586818492,
              27.109514875189312
            ],
            [
              -90.40644586818492,
              27.109604706717725
            ],
            [
              -90.40653569971333,
              27.109604706717725
            ],
            [
              -90.40653569971333,
              27.109964032831375
            ],
            [
              -90.40662553124174,
              27.109964032831375
            ],
            [
              -90.40662553124174,
              27.110053864359784
            ],
            [
              -90.40671536277016,
              27.110053864359784
            ],
            [
              -90.40671536277016,
              27.110233527416607
            ],
            [
              -90.40680519429857,
              27.110233527416607
            ],
            [
              -90.40680519429857,
              27.110503022001843
            ],
            [
              -90.40689502582698,
              27.110503022001843
            ],
            [
              -90.40689502582698,
              27.11068268505867
            ],
            [
              -90.4069848573554,
              27.11068268505867
            ],
            [
              -90.4069848573554,
              27.11077251658708
            ],
            [
              -90.4070746888838,
              27.11077251658708
            ],
            [
              -90.4070746888838,
              27.110952179643906
            ],
            [
              -90.40725435194062,
              27.110952179643906
            ],
            [
              -90.40725435194062,
              27.111042011172316
            ],
            [
              -90.40734418346904,
              27.111042011172316
            ],
            [
              -90.40734418346904,
              27.11122167422914
            ],
            [
              -90.40743401499745,
              27.11122167422914
            ],
            [
              -90.40743401499745,
              27.111311505757552
            ],
            [
              -90.40752384652586,
              27.111311505757552
            ],
            [
              -90.40752384652586,
              27.111401337285965
            ],
            [
              -90.40761367805428,
              27.111401337285965
            ],
            [
              -90.40761367805428,
              27.111581000342788
            ],
            [
              -90.40770350958269,
              27.111581000342788
            ],
            [
              -90.40770350958269,
              27.1116708318712
            ],
            [
              -90.4077933411111,
              27.1116708318712
            ],
            [
              -90.4077933411111,
              27.111850494928024
            ],
            [
              -90.40788317263952,
              27.111850494928024
            ],
            [
              -90.40788317263952,
              27.112030157984847
            ],
            [
              -90.40797300416793,
              27.112030157984847
            ],
            [
              -90.40797300416793,
              27.11211998951326
            ],
            [
              -90.40806283569633,
              27.11211998951326
            ],
            [
              -90.40806283569633,
              27.11220982104167
            ],
            [
              -90.40815266722474,
              27.11220982104167
            ],
            [
              -90.40815266722474,
              27.112299652570083
            ],
            [
              -90.40824249875315,
              27.112299652570083
            ],
            [
              -90.40824249875315,
              27.112389484098497
            ],
            [
              -90.40833233028157,
              27.112389484098497
            ],
            [
              -90.40833233028157,
              27.112479315626906
            ],
            [
              -90.40842216180998,
              27.112479315626906
            ],
            [
              -90.40842216180998,
              27.11256914715532
            ],
            [
              -90.4085119933384,
              27.11256914715532
            ],
            [
              -90.4085119933384,
              27.112748810212143
            ],
            [
              -90.4086018248668,
              27.112748810212143
            ],
            [
              -90.4086018248668,
              27.112838641740556
            ],
            [
              -90.40869165639522,
              27.112838641740556
            ],
            [
              -90.40869165639522,
              27.11301830479738
            ],
            [
              -90.40878148792363,
              27.11301830479738
            ],
            [
              -90.40878148792363,
              27.113108136325792
            ],
            [
              -90.40887131945205,
              27.113108136325792
            ],
            [
              -90.40887131945205,
              27.1131979678542
            ],
            [
              -90.40905098250886,
              27.1131979678542
            ],
            [
              -90.40905098250886,
              27.11355729396785
            ],
            [
              -90.40914081403727,
              27.11355729396785
            ],
            [
              -90.40914081403727,
              27.113647125496264
            ],
            [
              -90.40923064556569,
              27.113647125496264
            ],
            [
              -90.40923064556569,
              27.114096283138323
            ],
            [
              -90.4093204770941,
              27.114096283138323
            ],
            [
              -90.4093204770941,
              27.114275946195146
            ],
            [
              -90.40941030862251,
              27.114275946195146
            ],
            [
              -90.40941030862251,
              27.11445560925197
            ],
            [
              -90.40958997167934,
              27.11445560925197
            ],
            [
              -90.40958997167934,
              27.114545440780383
            ],
            [
              -90.40976963473616,
              27.114545440780383
            ],
            [
              -90.40976963473616,
              27.11535392453609
            ],
            [
              -90.40967980320775,
              27.11535392453609
            ],
            [
              -90.40967980320775,
              27.1154437560645
            ],
            [
              -90.40976963473616,
              27.1154437560645
            ],
            [
              -90.40976963473616,
              27.116072576763386
            ],
            [
              -90.40958997167934,
              27.116072576763386
            ],
            [
              -90.40958997167934,
              27.116162408291796
            ],
            [
              -90.40950014015093,
              27.116162408291796
            ],
            [
              -90.40950014015093,
              27.116072576763386
            ],
            [
              -90.40941030862251,
              27.116072576763386
            ],
            [
              -90.40941030862251,
              27.116162408291796
            ],
            [
              -90.4093204770941,
              27.116162408291796
            ],
            [
              -90.4093204770941,
              27.116072576763386
            ],
            [
              -90.40914081403727,
              27.116072576763386
            ],
            [
              -90.40914081403727,
              27.116162408291796
            ],
            [
              -90.40905098250886,
              27.116162408291796
            ],
            [
              -90.40905098250886,
              27.11625223982021
            ],
            [
              -90.40896115098046,
              27.11625223982021
            ],
            [
              -90.40896115098046,
              27.116342071348623
            ],
            [
              -90.40887131945205,
              27.116342071348623
            ],
            [
              -90.40887131945205,
              27.116431902877032
            ],
            [
              -90.4085119933384,
              27.116431902877032
            ],
            [
              -90.4085119933384,
              27.116342071348623
            ],
            [
              -90.40833233028157,
              27.116342071348623
            ],
            [
              -90.40833233028157,
              27.116162408291796
            ],
            [
              -90.40824249875315,
              27.116162408291796
            ],
            [
              -90.40824249875315,
              27.115892913706563
            ],
            [
              -90.40815266722474,
              27.115892913706563
            ],
            [
              -90.40815266722474,
              27.11580308217815
            ],
            [
              -90.40806283569633,
              27.11580308217815
            ],
            [
              -90.40806283569633,
              27.115713250649737
            ],
            [
              -90.40797300416793,
              27.115713250649737
            ],
            [
              -90.40797300416793,
              27.115533587592914
            ],
            [
              -90.40788317263952,
              27.115533587592914
            ],
            [
              -90.40788317263952,
              27.1154437560645
            ],
            [
              -90.4077933411111,
              27.1154437560645
            ],
            [
              -90.4077933411111,
              27.11535392453609
            ],
            [
              -90.40770350958269,
              27.11535392453609
            ],
            [
              -90.40770350958269,
              27.115264093007678
            ],
            [
              -90.40761367805428,
              27.115264093007678
            ],
            [
              -90.40761367805428,
              27.115174261479265
            ],
            [
              -90.40752384652586,
              27.115174261479265
            ],
            [
              -90.40752384652586,
              27.115084429950855
            ],
            [
              -90.40734418346904,
              27.115084429950855
            ],
            [
              -90.40734418346904,
              27.11499459842244
            ],
            [
              -90.40725435194062,
              27.11499459842244
            ],
            [
              -90.40725435194062,
              27.11481493536562
            ],
            [
              -90.40716452041221,
              27.11481493536562
            ],
            [
              -90.40716452041221,
              27.114725103837205
            ],
            [
              -90.4069848573554,
              27.114725103837205
            ],
            [
              -90.4069848573554,
              27.114545440780383
            ],
            [
              -90.40689502582698,
              27.114545440780383
            ],
            [
              -90.40689502582698,
              27.11445560925197
            ],
            [
              -90.40680519429857,
              27.11445560925197
            ],
            [
              -90.40680519429857,
              27.11436577772356
            ],
            [
              -90.40671536277016,
              27.11436577772356
            ],
            [
              -90.40671536277016,
              27.114275946195146
            ],
            [
              -90.40662553124174,
              27.114275946195146
            ],
            [
              -90.40662553124174,
              27.114186114666733
            ],
            [
              -90.40653569971333,
              27.114186114666733
            ],
            [
              -90.40653569971333,
              27.114096283138323
            ],
            [
              -90.40644586818492,
              27.114096283138323
            ],
            [
              -90.40644586818492,
              27.11400645160991
            ],
            [
              -90.40626620512809,
              27.11400645160991
            ],
            [
              -90.40626620512809,
              27.1139166200815
            ],
            [
              -90.40617637359968,
              27.1139166200815
            ],
            [
              -90.40617637359968,
              27.113826788553087
            ],
            [
              -90.40599671054287,
              27.113826788553087
            ],
            [
              -90.40599671054287,
              27.113736957024674
            ],
            [
              -90.40590687901445,
              27.113736957024674
            ],
            [
              -90.40590687901445,
              27.113647125496264
            ],
            [
              -90.40572721595763,
              27.113647125496264
            ],
            [
              -90.40572721595763,
              27.11355729396785
            ],
            [
              -90.4055475529008,
              27.11355729396785
            ],
            [
              -90.4055475529008,
              27.113467462439438
            ],
            [
              -90.40545772137239,
              27.113467462439438
            ],
            [
              -90.40545772137239,
              27.113287799382615
            ],
            [
              -90.40536788984397,
              27.113287799382615
            ],
            [
              -90.40536788984397,
              27.11301830479738
            ],
            [
              -90.40527805831556,
              27.11301830479738
            ],
            [
              -90.40527805831556,
              27.112748810212143
            ],
            [
              -90.40518822678715,
              27.112748810212143
            ],
            [
              -90.40518822678715,
              27.112479315626906
            ],
            [
              -90.40509839525873,
              27.112479315626906
            ],
            [
              -90.40509839525873,
              27.112299652570083
            ],
            [
              -90.40500856373033,
              27.112299652570083
            ],
            [
              -90.40500856373033,
              27.11211998951326
            ],
            [
              -90.40491873220192,
              27.11211998951326
            ],
            [
              -90.40491873220192,
              27.112030157984847
            ],
            [
              -90.4047390691451,
              27.112030157984847
            ],
            [
              -90.4047390691451,
              27.111850494928024
            ],
            [
              -90.40464923761668,
              27.111850494928024
            ],
            [
              -90.40464923761668,
              27.1116708318712
            ],
            [
              -90.40455940608827,
              27.1116708318712
            ],
            [
              -90.40455940608827,
              27.111581000342788
            ],
            [
              -90.40446957455985,
              27.111581000342788
            ],
            [
              -90.40446957455985,
              27.111401337285965
            ],
            [
              -90.40437974303144,
              27.111401337285965
            ],
            [
              -90.40437974303144,
              27.11122167422914
            ],
            [
              -90.40428991150303,
              27.11122167422914
            ],
            [
              -90.40428991150303,
              27.11113184270073
            ],
            [
              -90.40420007997461,
              27.11113184270073
            ],
            [
              -90.40420007997461,
              27.111042011172316
            ],
            [
              -90.4041102484462,
              27.111042011172316
            ],
            [
              -90.4041102484462,
              27.110952179643906
            ],
            [
              -90.4040204169178,
              27.110952179643906
            ],
            [
              -90.4040204169178,
              27.11077251658708
            ],
            [
              -90.40393058538939,
              27.11077251658708
            ],
            [
              -90.40393058538939,
              27.11068268505867
            ],
            [
              -90.40384075386098,
              27.11068268505867
            ],
            [
              -90.40384075386098,
              27.110592853530257
            ],
            [
              -90.40366109080415,
              27.110592853530257
            ],
            [
              -90.40366109080415,
              27.110413190473434
            ],
            [
              -90.40357125927574,
              27.110413190473434
            ],
            [
              -90.40357125927574,
              27.11032335894502
            ],
            [
              -90.40348142774732,
              27.11032335894502
            ],
            [
              -90.40348142774732,
              27.110233527416607
            ],
            [
              -90.4033017646905,
              27.110233527416607
            ],
            [
              -90.4033017646905,
              27.110053864359784
            ],
            [
              -90.40321193316208,
              27.110053864359784
            ],
            [
              -90.40321193316208,
              27.109784369774548
            ],
            [
              -90.40312210163367,
              27.109784369774548
            ],
            [
              -90.40312210163367,
              27.109604706717725
            ],
            [
              -90.40303227010527,
              27.109604706717725
            ],
            [
              -90.40303227010527,
              27.109514875189312
            ],
            [
              -90.40294243857686,
              27.109514875189312
            ],
            [
              -90.40294243857686,
              27.109425043660902
            ],
            [
              -90.40303227010527,
              27.109425043660902
            ],
            [
              -90.40303227010527,
              27.10933521213249
            ],
            [
              -90.40294243857686,
              27.10933521213249
            ],
            [
              -90.40294243857686,
              27.109155549075666
            ],
            [
              -90.40285260704844,
              27.109155549075666
            ],
            [
              -90.40285260704844,
              27.108975886018843
            ],
            [
              -90.40276277552003,
              27.108975886018843
            ],
            [
              -90.40276277552003,
              27.10888605449043
            ],
            [
              -90.40267294399162,
              27.10888605449043
            ],
            [
              -90.40267294399162,
              27.108796222962017
            ],
            [
              -90.4025831124632,
              27.108796222962017
            ],
            [
              -90.4025831124632,
              27.108616559905194
            ],
            [
              -90.40249328093479,
              27.108616559905194
            ],
            [
              -90.40249328093479,
              27.10843689684837
            ],
            [
              -90.40231361787797,
              27.10843689684837
            ],
            [
              -90.40231361787797,
              27.108257233791544
            ],
            [
              -90.40222378634955,
              27.108257233791544
            ],
            [
              -90.40222378634955,
              27.108167402263135
            ],
            [
              -90.40213395482114,
              27.108167402263135
            ],
            [
              -90.40213395482114,
              27.10807757073472
            ],
            [
              -90.40204412329273,
              27.10807757073472
            ],
            [
              -90.40204412329273,
              27.10798773920631
            ],
            [
              -90.40195429176433,
              27.10798773920631
            ],
            [
              -90.40195429176433,
              27.107808076149485
            ],
            [
              -90.40186446023591,
              27.107808076149485
            ],
            [
              -90.40186446023591,
              27.107628413092662
            ],
            [
              -90.4017746287075,
              27.107628413092662
            ],
            [
              -90.4017746287075,
              27.10753858156425
            ],
            [
              -90.40168479717909,
              27.10753858156425
            ],
            [
              -90.40168479717909,
              27.107358918507426
            ],
            [
              -90.40150513412226,
              27.107358918507426
            ],
            [
              -90.40150513412226,
              27.107179255450603
            ],
            [
              -90.40141530259385,
              27.107179255450603
            ],
            [
              -90.40141530259385,
              27.106909760865367
            ],
            [
              -90.40132547106543,
              27.106909760865367
            ],
            [
              -90.40132547106543,
              27.106730097808544
            ],
            [
              -90.40123563953702,
              27.106730097808544
            ],
            [
              -90.40123563953702,
              27.10664026628013
            ],
            [
              -90.40114580800861,
              27.10664026628013
            ],
            [
              -90.40114580800861,
              27.106460603223308
            ],
            [
              -90.4010559764802,
              27.106460603223308
            ],
            [
              -90.4010559764802,
              27.10628094016648
            ],
            [
              -90.4009661449518,
              27.10628094016648
            ],
            [
              -90.4009661449518,
              27.106191108638072
            ],
            [
              -90.40087631342338,
              27.106191108638072
            ],
            [
              -90.40087631342338,
              27.10610127710966
            ],
            [
              -90.40069665036656,
              27.10610127710966
            ],
            [
              -90.40069665036656,
              27.10601144558125
            ],
            [
              -90.40060681883814,
              27.10601144558125
            ],
            [
              -90.40060681883814,
              27.105921614052836
            ],
            [
              -90.40042715578132,
              27.105921614052836
            ],
            [
              -90.40042715578132,
              27.105741950996013
            ],
            [
              -90.4003373242529,
              27.105741950996013
            ],
            [
              -90.4003373242529,
              27.1056521194676
            ],
            [
              -90.40024749272449,
              27.1056521194676
            ],
            [
              -90.40024749272449,
              27.105562287939186
            ],
            [
              -90.40006782966766,
              27.105562287939186
            ],
            [
              -90.40006782966766,
              27.105382624882363
            ],
            [
              -90.39997799813926,
              27.105382624882363
            ],
            [
              -90.39997799813926,
              27.10529279335395
            ],
            [
              -90.39988816661085,
              27.10529279335395
            ],
            [
              -90.39988816661085,
              27.10520296182554
            ],
            [
              -90.39970850355402,
              27.10520296182554
            ],
            [
              -90.39970850355402,
              27.105023298768717
            ],
            [
              -90.39961867202561,
              27.105023298768717
            ],
            [
              -90.39961867202561,
              27.104933467240304
            ],
            [
              -90.3995288404972,
              27.104933467240304
            ],
            [
              -90.3995288404972,
              27.10484363571189
            ],
            [
              -90.39934917744037,
              27.10484363571189
            ],
            [
              -90.39934917744037,
              27.104663972655068
            ],
            [
              -90.39925934591196,
              27.104663972655068
            ],
            [
              -90.39925934591196,
              27.104484309598245
            ],
            [
              -90.39916951438354,
              27.104484309598245
            ],
            [
              -90.39916951438354,
              27.104394478069832
            ],
            [
              -90.39907968285513,
              27.104394478069832
            ],
            [
              -90.39907968285513,
              27.10421481501301
            ],
            [
              -90.39898985132673,
              27.10421481501301
            ],
            [
              -90.39898985132673,
              27.103945320427773
            ],
            [
              -90.39890001979832,
              27.103945320427773
            ],
            [
              -90.39890001979832,
              27.103675825842537
            ],
            [
              -90.39872035674149,
              27.103675825842537
            ],
            [
              -90.39872035674149,
              27.103496162785714
            ],
            [
              -90.39863052521308,
              27.103496162785714
            ],
            [
              -90.39863052521308,
              27.1034063312573
            ],
            [
              -90.39854069368467,
              27.1034063312573
            ],
            [
              -90.39854069368467,
              27.103316499728887
            ],
            [
              -90.39845086215625,
              27.103316499728887
            ],
            [
              -90.39845086215625,
              27.103226668200477
            ],
            [
              -90.39836103062784,
              27.103226668200477
            ],
            [
              -90.39836103062784,
              27.103136836672064
            ],
            [
              -90.39827119909943,
              27.103136836672064
            ],
            [
              -90.39827119909943,
              27.10295717361524
            ],
            [
              -90.39818136757101,
              27.10295717361524
            ],
            [
              -90.39818136757101,
              27.102867342086828
            ],
            [
              -90.3980915360426,
              27.102867342086828
            ],
            [
              -90.3980915360426,
              27.10277751055842
            ],
            [
              -90.3980017045142,
              27.10277751055842
            ],
            [
              -90.3980017045142,
              27.102687679030005
            ],
            [
              -90.39791187298579,
              27.102687679030005
            ],
            [
              -90.39791187298579,
              27.102597847501592
            ],
            [
              -90.39782204145737,
              27.102597847501592
            ],
            [
              -90.39782204145737,
              27.10241818444477
            ],
            [
              -90.39773220992896,
              27.10241818444477
            ],
            [
              -90.39773220992896,
              27.102328352916356
            ],
            [
              -90.39755254687213,
              27.102328352916356
            ],
            [
              -90.39755254687213,
              27.102148689859533
            ],
            [
              -90.39746271534372,
              27.102148689859533
            ],
            [
              -90.39746271534372,
              27.102058858331123
            ],
            [
              -90.39737288381531,
              27.102058858331123
            ],
            [
              -90.39737288381531,
              27.10196902680271
            ],
            [
              -90.3972830522869,
              27.10196902680271
            ],
            [
              -90.3972830522869,
              27.101699532217474
            ],
            [
              -90.39719322075848,
              27.101699532217474
            ],
            [
              -90.39719322075848,
              27.10160970068906
            ],
            [
              -90.39710338923007,
              27.10160970068906
            ],
            [
              -90.39710338923007,
              27.10151986916065
            ],
            [
              -90.39701355770167,
              27.10151986916065
            ],
            [
              -90.39701355770167,
              27.101340206103824
            ],
            [
              -90.39692372617326,
              27.101340206103824
            ],
            [
              -90.39692372617326,
              27.101250374575415
            ],
            [
              -90.39683389464484,
              27.101250374575415
            ],
            [
              -90.39683389464484,
              27.101070711518588
            ],
            [
              -90.39674406311643,
              27.101070711518588
            ],
            [
              -90.39674406311643,
              27.100891048461765
            ],
            [
              -90.39647456853119,
              27.100891048461765
            ],
            [
              -90.39647456853119,
              27.100801216933355
            ],
            [
              -90.3965644000596,
              27.100801216933355
            ],
            [
              -90.3965644000596,
              27.100711385404942
            ],
            [
              -90.39638473700278,
              27.100711385404942
            ],
            [
              -90.39638473700278,
              27.10053172234812
            ],
            [
              -90.39629490547436,
              27.10053172234812
            ],
            [
              -90.39629490547436,
              27.100441890819706
            ],
            [
              -90.39620507394595,
              27.100441890819706
            ],
            [
              -90.39620507394595,
              27.100352059291293
            ],
            [
              -90.39602541088914,
              27.100352059291293
            ],
            [
              -90.39602541088914,
              27.10017239623447
            ],
            [
              -90.39593557936072,
              27.10017239623447
            ],
            [
              -90.39593557936072,
              27.100082564706057
            ],
            [
              -90.39584574783231,
              27.100082564706057
            ],
            [
              -90.39584574783231,
              27.099992733177647
            ],
            [
              -90.39566608477548,
              27.099992733177647
            ],
            [
              -90.39566608477548,
              27.09972323859241
            ],
            [
              -90.39557625324707,
              27.09972323859241
            ],
            [
              -90.39557625324707,
              27.099453744007175
            ],
            [
              -90.39548642171866,
              27.099453744007175
            ],
            [
              -90.39548642171866,
              27.099094417893525
            ],
            [
              -90.39539659019024,
              27.099094417893525
            ],
            [
              -90.39539659019024,
              27.09873509177988
            ],
            [
              -90.39530675866183,
              27.09873509177988
            ],
            [
              -90.39530675866183,
              27.098645260251466
            ],
            [
              -90.39521692713342,
              27.098645260251466
            ],
            [
              -90.39521692713342,
              27.098555428723056
            ],
            [
              -90.395127095605,
              27.098555428723056
            ],
            [
              -90.395127095605,
              27.098465597194643
            ],
            [
              -90.3950372640766,
              27.098465597194643
            ],
            [
              -90.3950372640766,
              27.09837576566623
            ],
            [
              -90.3949474325482,
              27.09837576566623
            ],
            [
              -90.3949474325482,
              27.098196102609407
            ],
            [
              -90.39485760101978,
              27.098196102609407
            ],
            [
              -90.39485760101978,
              27.098106271080994
            ],
            [
              -90.39476776949137,
              27.098106271080994
            ],
            [
              -90.39476776949137,
              27.098016439552584
            ],
            [
              -90.39467793796295,
              27.098016439552584
            ],
            [
              -90.39467793796295,
              27.09792660802417
            ],
            [
              -90.39458810643454,
              27.09792660802417
            ],
            [
              -90.39458810643454,
              27.09783677649576
            ],
            [
              -90.39440844337771,
              27.09783677649576
            ],
            [
              -90.39440844337771,
              27.097746944967348
            ],
            [
              -90.3943186118493,
              27.097746944967348
            ],
            [
              -90.3943186118493,
              27.09783677649576
            ],
            [
              -90.39422878032089,
              27.09783677649576
            ],
            [
              -90.39422878032089,
              27.097746944967348
            ],
            [
              -90.39413894879247,
              27.097746944967348
            ],
            [
              -90.39413894879247,
              27.097657113438935
            ],
            [
              -90.39395928573566,
              27.097657113438935
            ],
            [
              -90.39395928573566,
              27.097567281910525
            ],
            [
              -90.39386945420725,
              27.097567281910525
            ],
            [
              -90.39386945420725,
              27.09747745038211
            ],
            [
              -90.39368979115042,
              27.09747745038211
            ],
            [
              -90.39368979115042,
              27.0973876188537
            ],
            [
              -90.3935101280936,
              27.0973876188537
            ],
            [
              -90.3935101280936,
              27.09729778732529
            ],
            [
              -90.39342029656518,
              27.09729778732529
            ],
            [
              -90.39342029656518,
              27.097207955796875
            ],
            [
              -90.39333046503677,
              27.097207955796875
            ],
            [
              -90.39333046503677,
              27.097118124268462
            ],
            [
              -90.39315080197994,
              27.097118124268462
            ],
            [
              -90.39315080197994,
              27.096758798154816
            ],
            [
              -90.39306097045154,
              27.096758798154816
            ],
            [
              -90.39306097045154,
              27.096399472041167
            ],
            [
              -90.39297113892313,
              27.096399472041167
            ],
            [
              -90.39297113892313,
              27.096309640512757
            ],
            [
              -90.39288130739472,
              27.096309640512757
            ],
            [
              -90.39288130739472,
              27.09612997745593
            ],
            [
              -90.3927914758663,
              27.09612997745593
            ],
            [
              -90.3927914758663,
              27.09604014592752
            ],
            [
              -90.39270164433789,
              27.09604014592752
            ],
            [
              -90.39270164433789,
              27.095950314399108
            ],
            [
              -90.39261181280948,
              27.095950314399108
            ],
            [
              -90.39261181280948,
              27.095860482870698
            ],
            [
              -90.39252198128106,
              27.095860482870698
            ],
            [
              -90.39252198128106,
              27.09568081981387
            ],
            [
              -90.39243214975265,
              27.09568081981387
            ],
            [
              -90.39243214975265,
              27.09550115675705
            ],
            [
              -90.39234231822424,
              27.09550115675705
            ],
            [
              -90.39234231822424,
              27.095411325228635
            ],
            [
              -90.39225248669582,
              27.095411325228635
            ],
            [
              -90.39225248669582,
              27.0951418306434
            ],
            [
              -90.39216265516741,
              27.0951418306434
            ],
            [
              -90.39216265516741,
              27.094962167586576
            ],
            [
              -90.39207282363901,
              27.094962167586576
            ],
            [
              -90.39207282363901,
              27.094872336058167
            ],
            [
              -90.3919829921106,
              27.094872336058167
            ],
            [
              -90.3919829921106,
              27.094782504529753
            ],
            [
              -90.39180332905377,
              27.094782504529753
            ],
            [
              -90.39180332905377,
              27.09460284147293
            ],
            [
              -90.39171349752536,
              27.09460284147293
            ],
            [
              -90.39171349752536,
              27.094423178416104
            ],
            [
              -90.39144400294012,
              27.094423178416104
            ],
            [
              -90.39144400294012,
              27.094333346887694
            ],
            [
              -90.3913541714117,
              27.094333346887694
            ],
            [
              -90.3913541714117,
              27.09424351535928
            ],
            [
              -90.39117450835488,
              27.09424351535928
            ],
            [
              -90.39117450835488,
              27.094153683830868
            ],
            [
              -90.39108467682648,
              27.094153683830868
            ],
            [
              -90.39108467682648,
              27.094063852302458
            ],
            [
              -90.39099484529807,
              27.094063852302458
            ],
            [
              -90.39099484529807,
              27.093974020774045
            ],
            [
              -90.39090501376965,
              27.093974020774045
            ],
            [
              -90.39090501376965,
              27.093794357717222
            ],
            [
              -90.39081518224124,
              27.093794357717222
            ],
            [
              -90.39081518224124,
              27.09370452618881
            ],
            [
              -90.39072535071283,
              27.09370452618881
            ],
            [
              -90.39072535071283,
              27.093524863131986
            ],
            [
              -90.39063551918441,
              27.093524863131986
            ],
            [
              -90.39063551918441,
              27.093435031603573
            ],
            [
              -90.390545687656,
              27.093435031603573
            ],
            [
              -90.390545687656,
              27.093345200075163
            ],
            [
              -90.39036602459917,
              27.093345200075163
            ],
            [
              -90.39036602459917,
              27.09325536854675
            ],
            [
              -90.3897372039003,
              27.09325536854675
            ],
            [
              -90.3897372039003,
              27.093075705489927
            ],
            [
              -90.38964737237188,
              27.093075705489927
            ],
            [
              -90.38964737237188,
              27.093165537018336
            ],
            [
              -90.38955754084347,
              27.093165537018336
            ],
            [
              -90.38955754084347,
              27.093075705489927
            ],
            [
              -90.38946770931506,
              27.093075705489927
            ],
            [
              -90.38946770931506,
              27.092985873961513
            ],
            [
              -90.38928804625823,
              27.092985873961513
            ],
            [
              -90.38928804625823,
              27.092896042433104
            ],
            [
              -90.38919821472982,
              27.092896042433104
            ],
            [
              -90.38919821472982,
              27.092177390205805
            ],
            [
              -90.38910838320142,
              27.092177390205805
            ],
            [
              -90.38910838320142,
              27.091907895620572
            ],
            [
              -90.389018551673,
              27.091907895620572
            ],
            [
              -90.389018551673,
              27.091638401035336
            ],
            [
              -90.38892872014459,
              27.091638401035336
            ],
            [
              -90.38892872014459,
              27.091548569506923
            ],
            [
              -90.38883888861618,
              27.091548569506923
            ],
            [
              -90.38883888861618,
              27.09145873797851
            ],
            [
              -90.38874905708776,
              27.09145873797851
            ],
            [
              -90.38874905708776,
              27.0913689064501
            ],
            [
              -90.38865922555935,
              27.0913689064501
            ],
            [
              -90.38865922555935,
              27.091279074921687
            ],
            [
              -90.38856939403094,
              27.091279074921687
            ],
            [
              -90.38856939403094,
              27.091189243393274
            ],
            [
              -90.38847956250252,
              27.091189243393274
            ],
            [
              -90.38847956250252,
              27.091099411864864
            ],
            [
              -90.38838973097411,
              27.091099411864864
            ],
            [
              -90.38838973097411,
              27.09100958033645
            ],
            [
              -90.3882998994457,
              27.09100958033645
            ],
            [
              -90.3882998994457,
              27.090829917279628
            ],
            [
              -90.38821006791729,
              27.090829917279628
            ],
            [
              -90.38821006791729,
              27.090650254222805
            ],
            [
              -90.38812023638889,
              27.090650254222805
            ],
            [
              -90.38812023638889,
              27.09038075963757
            ],
            [
              -90.38803040486047,
              27.09038075963757
            ],
            [
              -90.38803040486047,
              27.090290928109155
            ],
            [
              -90.38794057333206,
              27.090290928109155
            ],
            [
              -90.38794057333206,
              27.090111265052332
            ],
            [
              -90.38785074180365,
              27.090111265052332
            ],
            [
              -90.38785074180365,
              27.08993160199551
            ],
            [
              -90.38776091027523,
              27.08993160199551
            ],
            [
              -90.38776091027523,
              27.089662107410273
            ],
            [
              -90.3875812472184,
              27.089662107410273
            ],
            [
              -90.3875812472184,
              27.089392612825037
            ],
            [
              -90.38659310040588,
              27.089392612825037
            ],
            [
              -90.38659310040588,
              27.089302781296624
            ],
            [
              -90.38650326887746,
              27.089302781296624
            ],
            [
              -90.38650326887746,
              27.089033286711388
            ],
            [
              -90.38641343734905,
              27.089033286711388
            ],
            [
              -90.38641343734905,
              27.088853623654565
            ],
            [
              -90.38632360582064,
              27.088853623654565
            ],
            [
              -90.38632360582064,
              27.08876379212615
            ],
            [
              -90.38623377429222,
              27.08876379212615
            ],
            [
              -90.38623377429222,
              27.088673960597742
            ],
            [
              -90.38614394276382,
              27.088673960597742
            ],
            [
              -90.38614394276382,
              27.088494297540915
            ],
            [
              -90.385964279707,
              27.088494297540915
            ],
            [
              -90.385964279707,
              27.088314634484092
            ],
            [
              -90.38578461665017,
              27.088314634484092
            ],
            [
              -90.38578461665017,
              27.08813497142727
            ],
            [
              -90.38560495359334,
              27.08813497142727
            ],
            [
              -90.38560495359334,
              27.088045139898856
            ],
            [
              -90.3853354590081,
              27.088045139898856
            ],
            [
              -90.3853354590081,
              27.087955308370447
            ],
            [
              -90.38506596442288,
              27.087955308370447
            ],
            [
              -90.38506596442288,
              27.087865476842033
            ],
            [
              -90.38497613289447,
              27.087865476842033
            ],
            [
              -90.38497613289447,
              27.08777564531362
            ],
            [
              -90.38488630136605,
              27.08777564531362
            ],
            [
              -90.38488630136605,
              27.087595982256797
            ],
            [
              -90.38479646983764,
              27.087595982256797
            ],
            [
              -90.38479646983764,
              27.087506150728384
            ],
            [
              -90.38470663830923,
              27.087506150728384
            ],
            [
              -90.38470663830923,
              27.08732648767156
            ],
            [
              -90.38461680678081,
              27.08732648767156
            ],
            [
              -90.38461680678081,
              27.087236656143148
            ],
            [
              -90.3845269752524,
              27.087236656143148
            ],
            [
              -90.3845269752524,
              27.087146824614738
            ],
            [
              -90.38443714372399,
              27.087146824614738
            ],
            [
              -90.38443714372399,
              27.086967161557915
            ],
            [
              -90.38434731219557,
              27.086967161557915
            ],
            [
              -90.38434731219557,
              27.086877330029502
            ],
            [
              -90.38425748066716,
              27.086877330029502
            ],
            [
              -90.38425748066716,
              27.08678749850109
            ],
            [
              -90.38416764913876,
              27.08678749850109
            ],
            [
              -90.38416764913876,
              27.08669766697268
            ],
            [
              -90.38407781761035,
              27.08669766697268
            ],
            [
              -90.38407781761035,
              27.086607835444266
            ],
            [
              -90.38398798608193,
              27.086607835444266
            ],
            [
              -90.38398798608193,
              27.086518003915852
            ],
            [
              -90.38389815455352,
              27.086518003915852
            ],
            [
              -90.38389815455352,
              27.086428172387443
            ],
            [
              -90.38380832302511,
              27.086428172387443
            ],
            [
              -90.38380832302511,
              27.08633834085903
            ],
            [
              -90.3837184914967,
              27.08633834085903
            ],
            [
              -90.3837184914967,
              27.086248509330616
            ],
            [
              -90.38362865996828,
              27.086248509330616
            ],
            [
              -90.38362865996828,
              27.086158677802207
            ],
            [
              -90.38353882843987,
              27.086158677802207
            ],
            [
              -90.38353882843987,
              27.086068846273793
            ],
            [
              -90.38344899691145,
              27.086068846273793
            ],
            [
              -90.38344899691145,
              27.08588918321697
            ],
            [
              -90.38326933385463,
              27.08588918321697
            ],
            [
              -90.38326933385463,
              27.085799351688557
            ],
            [
              -90.38317950232623,
              27.085799351688557
            ],
            [
              -90.38317950232623,
              27.085619688631734
            ],
            [
              -90.38308967079782,
              27.085619688631734
            ],
            [
              -90.38308967079782,
              27.08552985710332
            ],
            [
              -90.3829998392694,
              27.08552985710332
            ],
            [
              -90.3829998392694,
              27.08544002557491
            ],
            [
              -90.38291000774099,
              27.08544002557491
            ],
            [
              -90.38291000774099,
              27.085260362518085
            ],
            [
              -90.38282017621258,
              27.085260362518085
            ],
            [
              -90.38282017621258,
              27.085170530989675
            ],
            [
              -90.38273034468416,
              27.085170530989675
            ],
            [
              -90.38273034468416,
              27.085080699461262
            ],
            [
              -90.38264051315575,
              27.085080699461262
            ],
            [
              -90.38264051315575,
              27.084990867932852
            ],
            [
              -90.38255068162734,
              27.084990867932852
            ],
            [
              -90.38255068162734,
              27.084811204876026
            ],
            [
              -90.38246085009892,
              27.084811204876026
            ],
            [
              -90.38246085009892,
              27.084631541819203
            ],
            [
              -90.38237101857051,
              27.084631541819203
            ],
            [
              -90.38237101857051,
              27.08454171029079
            ],
            [
              -90.3822811870421,
              27.08454171029079
            ],
            [
              -90.3822811870421,
              27.08445187876238
            ],
            [
              -90.3821913555137,
              27.08445187876238
            ],
            [
              -90.3821913555137,
              27.084362047233967
            ],
            [
              -90.38201169245687,
              27.084362047233967
            ],
            [
              -90.38201169245687,
              27.084272215705553
            ],
            [
              -90.38165236634322,
              27.084272215705553
            ],
            [
              -90.38165236634322,
              27.084182384177144
            ],
            [
              -90.38147270328639,
              27.084182384177144
            ],
            [
              -90.38147270328639,
              27.08409255264873
            ],
            [
              -90.38138287175798,
              27.08409255264873
            ],
            [
              -90.38138287175798,
              27.084182384177144
            ],
            [
              -90.38129304022956,
              27.084182384177144
            ],
            [
              -90.38129304022956,
              27.08409255264873
            ],
            [
              -90.38120320870117,
              27.08409255264873
            ],
            [
              -90.38120320870117,
              27.084002721120317
            ],
            [
              -90.38102354564434,
              27.084002721120317
            ],
            [
              -90.38102354564434,
              27.083823058063494
            ],
            [
              -90.38093371411593,
              27.083823058063494
            ],
            [
              -90.38093371411593,
              27.083733226535085
            ],
            [
              -90.38084388258751,
              27.083733226535085
            ],
            [
              -90.38084388258751,
              27.083373900421435
            ],
            [
              -90.3807540510591,
              27.083373900421435
            ],
            [
              -90.3807540510591,
              27.083284068893022
            ],
            [
              -90.38066421953069,
              27.083284068893022
            ],
            [
              -90.38066421953069,
              27.0831044058362
            ],
            [
              -90.38057438800227,
              27.0831044058362
            ],
            [
              -90.38057438800227,
              27.082834911250963
            ],
            [
              -90.38039472494545,
              27.082834911250963
            ],
            [
              -90.38039472494545,
              27.082745079722553
            ],
            [
              -90.38021506188863,
              27.082745079722553
            ],
            [
              -90.38021506188863,
              27.08265524819414
            ],
            [
              -90.38012523036022,
              27.08265524819414
            ],
            [
              -90.38012523036022,
              27.082565416665727
            ],
            [
              -90.3799455673034,
              27.082565416665727
            ],
            [
              -90.3799455673034,
              27.082385753608904
            ],
            [
              -90.37985573577498,
              27.082385753608904
            ],
            [
              -90.37985573577498,
              27.082116259023667
            ],
            [
              -90.37976590424657,
              27.082116259023667
            ],
            [
              -90.37976590424657,
              27.082026427495254
            ],
            [
              -90.37967607271815,
              27.082026427495254
            ],
            [
              -90.37967607271815,
              27.081936595966845
            ],
            [
              -90.37958624118974,
              27.081936595966845
            ],
            [
              -90.37958624118974,
              27.08175693291002
            ],
            [
              -90.37949640966133,
              27.08175693291002
            ],
            [
              -90.37949640966133,
              27.08166710138161
            ],
            [
              -90.37940657813292,
              27.08166710138161
            ],
            [
              -90.37940657813292,
              27.081577269853195
            ],
            [
              -90.3793167466045,
              27.081577269853195
            ],
            [
              -90.3793167466045,
              27.081487438324785
            ],
            [
              -90.3792269150761,
              27.081487438324785
            ],
            [
              -90.3792269150761,
              27.08130777526796
            ],
            [
              -90.37913708354769,
              27.08130777526796
            ],
            [
              -90.37913708354769,
              27.08121794373955
            ],
            [
              -90.37904725201928,
              27.08121794373955
            ],
            [
              -90.37904725201928,
              27.081038280682723
            ],
            [
              -90.37895742049086,
              27.081038280682723
            ],
            [
              -90.37895742049086,
              27.0808586176259
            ],
            [
              -90.37886758896245,
              27.0808586176259
            ],
            [
              -90.37886758896245,
              27.080678954569077
            ],
            [
              -90.37877775743404,
              27.080678954569077
            ],
            [
              -90.37877775743404,
              27.080589123040664
            ],
            [
              -90.37868792590562,
              27.080589123040664
            ],
            [
              -90.37868792590562,
              27.080499291512254
            ],
            [
              -90.37859809437721,
              27.080499291512254
            ],
            [
              -90.37859809437721,
              27.08040945998384
            ],
            [
              -90.3785082628488,
              27.08040945998384
            ],
            [
              -90.3785082628488,
              27.080229796927018
            ],
            [
              -90.37841843132038,
              27.080229796927018
            ],
            [
              -90.37841843132038,
              27.07996030234178
            ],
            [
              -90.37832859979197,
              27.07996030234178
            ],
            [
              -90.37832859979197,
              27.07987047081337
            ],
            [
              -90.37823876826357,
              27.07987047081337
            ],
            [
              -90.37823876826357,
              27.079690807756545
            ],
            [
              -90.37814893673516,
              27.079690807756545
            ],
            [
              -90.37814893673516,
              27.079600976228132
            ],
            [
              -90.37805910520675,
              27.079600976228132
            ],
            [
              -90.37805910520675,
              27.079511144699723
            ],
            [
              -90.37796927367833,
              27.079511144699723
            ],
            [
              -90.37796927367833,
              27.079331481642896
            ],
            [
              -90.3777896106215,
              27.079331481642896
            ],
            [
              -90.3777896106215,
              27.079241650114486
            ],
            [
              -90.37769977909309,
              27.079241650114486
            ],
            [
              -90.37769977909309,
              27.07906198705766
            ],
            [
              -90.37760994756468,
              27.07906198705766
            ],
            [
              -90.37760994756468,
              27.07897215552925
            ],
            [
              -90.37743028450785,
              27.07897215552925
            ],
            [
              -90.37743028450785,
              27.078792492472427
            ],
            [
              -90.37734045297944,
              27.078792492472427
            ],
            [
              -90.37734045297944,
              27.078702660944014
            ],
            [
              -90.3769811268658,
              27.078702660944014
            ],
            [
              -90.3769811268658,
              27.0786128294156
            ],
            [
              -90.37662180075215,
              27.0786128294156
            ],
            [
              -90.37662180075215,
              27.07852299788719
            ],
            [
              -90.37653196922373,
              27.07852299788719
            ],
            [
              -90.37653196922373,
              27.0786128294156
            ],
            [
              -90.37635230616691,
              27.0786128294156
            ],
            [
              -90.37635230616691,
              27.07852299788719
            ],
            [
              -90.3761726431101,
              27.07852299788719
            ],
            [
              -90.3761726431101,
              27.078433166358778
            ],
            [
              -90.37608281158168,
              27.078433166358778
            ],
            [
              -90.37608281158168,
              27.078343334830365
            ],
            [
              -90.37599298005327,
              27.078343334830365
            ],
            [
              -90.37599298005327,
              27.078433166358778
            ],
            [
              -90.37590314852486,
              27.078433166358778
            ],
            [
              -90.37590314852486,
              27.078343334830365
            ],
            [
              -90.37572348546803,
              27.078343334830365
            ],
            [
              -90.37572348546803,
              27.078433166358778
            ],
            [
              -90.37563365393962,
              27.078433166358778
            ],
            [
              -90.37563365393962,
              27.07852299788719
            ],
            [
              -90.37518449629756,
              27.07852299788719
            ],
            [
              -90.37518449629756,
              27.078433166358778
            ],
            [
              -90.37509466476915,
              27.078433166358778
            ],
            [
              -90.37509466476915,
              27.078343334830365
            ],
            [
              -90.37518449629756,
              27.078343334830365
            ],
            [
              -90.37518449629756,
              27.078253503301955
            ],
            [
              -90.37509466476915,
              27.078253503301955
            ],
            [
              -90.37509466476915,
              27.07816367177354
            ],
            [
              -90.37500483324074,
              27.07816367177354
            ],
            [
              -90.37500483324074,
              27.07807384024513
            ],
            [
              -90.37509466476915,
              27.07807384024513
            ],
            [
              -90.37509466476915,
              27.077894177188305
            ],
            [
              -90.37527432782598,
              27.077894177188305
            ],
            [
              -90.37527432782598,
              27.077804345659896
            ],
            [
              -90.37545399088279,
              27.077804345659896
            ],
            [
              -90.37545399088279,
              27.077714514131483
            ],
            [
              -90.3755438224112,
              27.077714514131483
            ],
            [
              -90.3755438224112,
              27.07762468260307
            ],
            [
              -90.37563365393962,
              27.07762468260307
            ],
            [
              -90.37563365393962,
              27.077445019546246
            ],
            [
              -90.37581331699644,
              27.077445019546246
            ],
            [
              -90.37581331699644,
              27.077085693432597
            ],
            [
              -90.37572348546803,
              27.077085693432597
            ],
            [
              -90.37572348546803,
              27.076906030375774
            ],
            [
              -90.37563365393962,
              27.076906030375774
            ],
            [
              -90.37563365393962,
              27.076995861904187
            ],
            [
              -90.3755438224112,
              27.076995861904187
            ],
            [
              -90.3755438224112,
              27.07672636731895
            ],
            [
              -90.37545399088279,
              27.07672636731895
            ],
            [
              -90.37545399088279,
              27.076636535790538
            ],
            [
              -90.37536415935438,
              27.076636535790538
            ],
            [
              -90.37536415935438,
              27.076546704262128
            ],
            [
              -90.37527432782598,
              27.076546704262128
            ],
            [
              -90.37527432782598,
              27.076456872733715
            ],
            [
              -90.37518449629756,
              27.076456872733715
            ],
            [
              -90.37518449629756,
              27.0763670412053
            ],
            [
              -90.37500483324074,
              27.0763670412053
            ],
            [
              -90.37500483324074,
              27.076277209676892
            ],
            [
              -90.37482517018391,
              27.076277209676892
            ],
            [
              -90.37482517018391,
              27.07618737814848
            ],
            [
              -90.3747353386555,
              27.07618737814848
            ],
            [
              -90.3747353386555,
              27.076097546620066
            ],
            [
              -90.37455567559867,
              27.076097546620066
            ],
            [
              -90.37455567559867,
              27.075648388978006
            ],
            [
              -90.37464550712708,
              27.075648388978006
            ],
            [
              -90.37464550712708,
              27.07573822050642
            ],
            [
              -90.3747353386555,
              27.07573822050642
            ],
            [
              -90.3747353386555,
              27.075558557449597
            ],
            [
              -90.37482517018391,
              27.075558557449597
            ],
            [
              -90.37482517018391,
              27.07528906286436
            ],
            [
              -90.37464550712708,
              27.07528906286436
            ],
            [
              -90.37464550712708,
              27.075109399807534
            ],
            [
              -90.37455567559867,
              27.075109399807534
            ],
            [
              -90.37455567559867,
              27.07492973675071
            ],
            [
              -90.37446584407026,
              27.07492973675071
            ],
            [
              -90.37446584407026,
              27.0748399052223
            ],
            [
              -90.37437601254184,
              27.0748399052223
            ],
            [
              -90.37437601254184,
              27.074750073693888
            ],
            [
              -90.37419634948503,
              27.074750073693888
            ],
            [
              -90.37419634948503,
              27.074660242165475
            ],
            [
              -90.37410651795662,
              27.074660242165475
            ],
            [
              -90.37410651795662,
              27.074480579108652
            ],
            [
              -90.3740166864282,
              27.074480579108652
            ],
            [
              -90.3740166864282,
              27.07439074758024
            ],
            [
              -90.37392685489979,
              27.07439074758024
            ],
            [
              -90.37392685489979,
              27.07430091605183
            ],
            [
              -90.37383702337138,
              27.07430091605183
            ],
            [
              -90.37383702337138,
              27.074121252995003
            ],
            [
              -90.37374719184297,
              27.074121252995003
            ],
            [
              -90.37374719184297,
              27.074031421466593
            ],
            [
              -90.37365736031455,
              27.074031421466593
            ],
            [
              -90.37365736031455,
              27.07394158993818
            ],
            [
              -90.37356752878614,
              27.07394158993818
            ],
            [
              -90.37356752878614,
              27.073672095352944
            ],
            [
              -90.37347769725773,
              27.073672095352944
            ],
            [
              -90.37347769725773,
              27.073582263824534
            ],
            [
              -90.37338786572931,
              27.073582263824534
            ],
            [
              -90.37338786572931,
              27.07349243229612
            ],
            [
              -90.37329803420091,
              27.07349243229612
            ],
            [
              -90.37329803420091,
              27.073402600767707
            ],
            [
              -90.3732082026725,
              27.073402600767707
            ],
            [
              -90.3732082026725,
              27.073222937710884
            ],
            [
              -90.37311837114409,
              27.073222937710884
            ],
            [
              -90.37311837114409,
              27.07313310618247
            ],
            [
              -90.3732082026725,
              27.07313310618247
            ],
            [
              -90.3732082026725,
              27.07286361159724
            ],
            [
              -90.37311837114409,
              27.07286361159724
            ],
            [
              -90.37311837114409,
              27.072683948540412
            ],
            [
              -90.37302853961567,
              27.072683948540412
            ],
            [
              -90.37302853961567,
              27.072414453955176
            ],
            [
              -90.37293870808726,
              27.072414453955176
            ],
            [
              -90.37293870808726,
              27.072234790898353
            ],
            [
              -90.37284887655885,
              27.072234790898353
            ],
            [
              -90.37284887655885,
              27.07214495936994
            ],
            [
              -90.37275904503043,
              27.07214495936994
            ],
            [
              -90.37275904503043,
              27.07205512784153
            ],
            [
              -90.37266921350202,
              27.07205512784153
            ],
            [
              -90.37266921350202,
              27.071965296313117
            ],
            [
              -90.37257938197361,
              27.071965296313117
            ],
            [
              -90.37257938197361,
              27.071875464784707
            ],
            [
              -90.37239971891678,
              27.071875464784707
            ],
            [
              -90.37239971891678,
              27.071785633256294
            ],
            [
              -90.37230988738838,
              27.071785633256294
            ],
            [
              -90.37230988738838,
              27.07169580172788
            ],
            [
              -90.37222005585997,
              27.07169580172788
            ],
            [
              -90.37222005585997,
              27.07160597019947
            ],
            [
              -90.37213022433156,
              27.07160597019947
            ],
            [
              -90.37213022433156,
              27.071516138671058
            ],
            [
              -90.37204039280314,
              27.071516138671058
            ],
            [
              -90.37204039280314,
              27.071336475614235
            ],
            [
              -90.37195056127473,
              27.071336475614235
            ],
            [
              -90.37195056127473,
              27.07124664408582
            ],
            [
              -90.3717708982179,
              27.07124664408582
            ],
            [
              -90.3717708982179,
              27.071066981029
            ],
            [
              -90.37168106668949,
              27.071066981029
            ],
            [
              -90.37168106668949,
              27.070977149500585
            ],
            [
              -90.37159123516108,
              27.070977149500585
            ],
            [
              -90.37159123516108,
              27.070887317972176
            ],
            [
              -90.37150140363266,
              27.070887317972176
            ],
            [
              -90.37150140363266,
              27.070797486443762
            ],
            [
              -90.37141157210425,
              27.070797486443762
            ],
            [
              -90.37141157210425,
              27.07070765491535
            ],
            [
              -90.37132174057585,
              27.07070765491535
            ],
            [
              -90.37132174057585,
              27.070527991858526
            ],
            [
              -90.37123190904744,
              27.070527991858526
            ],
            [
              -90.37123190904744,
              27.070438160330113
            ],
            [
              -90.37114207751902,
              27.070438160330113
            ],
            [
              -90.37114207751902,
              27.070348328801703
            ],
            [
              -90.3709624144622,
              27.070348328801703
            ],
            [
              -90.3709624144622,
              27.070168665744877
            ],
            [
              -90.37087258293379,
              27.070168665744877
            ],
            [
              -90.37087258293379,
              27.069989002688054
            ],
            [
              -90.37078275140537,
              27.069989002688054
            ],
            [
              -90.37078275140537,
              27.069899171159644
            ],
            [
              -90.37069291987696,
              27.069899171159644
            ],
            [
              -90.37069291987696,
              27.069719508102818
            ],
            [
              -90.37060308834855,
              27.069719508102818
            ],
            [
              -90.37060308834855,
              27.069629676574408
            ],
            [
              -90.37051325682013,
              27.069629676574408
            ],
            [
              -90.37051325682013,
              27.069539845045995
            ],
            [
              -90.37042342529172,
              27.069539845045995
            ],
            [
              -90.37042342529172,
              27.06945001351758
            ],
            [
              -90.37033359376332,
              27.06945001351758
            ],
            [
              -90.37033359376332,
              27.069360181989172
            ],
            [
              -90.3702437622349,
              27.069360181989172
            ],
            [
              -90.3702437622349,
              27.069180518932345
            ],
            [
              -90.3701539307065,
              27.069180518932345
            ],
            [
              -90.3701539307065,
              27.069090687403936
            ],
            [
              -90.36997426764967,
              27.069090687403936
            ],
            [
              -90.36997426764967,
              27.06891102434711
            ],
            [
              -90.36988443612125,
              27.06891102434711
            ],
            [
              -90.36988443612125,
              27.0688211928187
            ],
            [
              -90.36979460459284,
              27.0688211928187
            ],
            [
              -90.36979460459284,
              27.068731361290286
            ],
            [
              -90.36970477306443,
              27.068731361290286
            ],
            [
              -90.36970477306443,
              27.068641529761877
            ],
            [
              -90.36961494153601,
              27.068641529761877
            ],
            [
              -90.36961494153601,
              27.068551698233463
            ],
            [
              -90.3695251100076,
              27.068551698233463
            ],
            [
              -90.3695251100076,
              27.06837203517664
            ],
            [
              -90.36943527847919,
              27.06837203517664
            ],
            [
              -90.36943527847919,
              27.068282203648227
            ],
            [
              -90.3695251100076,
              27.068282203648227
            ],
            [
              -90.3695251100076,
              27.068192372119814
            ],
            [
              -90.36943527847919,
              27.068192372119814
            ],
            [
              -90.36943527847919,
              27.06801270906299
            ],
            [
              -90.36934544695079,
              27.06801270906299
            ],
            [
              -90.36934544695079,
              27.067922877534578
            ],
            [
              -90.36925561542238,
              27.067922877534578
            ],
            [
              -90.36925561542238,
              27.067833046006168
            ],
            [
              -90.36916578389396,
              27.067833046006168
            ],
            [
              -90.36916578389396,
              27.067653382949345
            ],
            [
              -90.36907595236555,
              27.067653382949345
            ],
            [
              -90.36907595236555,
              27.06738388836411
            ],
            [
              -90.36898612083714,
              27.06738388836411
            ],
            [
              -90.36898612083714,
              27.067294056835696
            ],
            [
              -90.36889628930872,
              27.067294056835696
            ],
            [
              -90.36889628930872,
              27.067114393778873
            ],
            [
              -90.36880645778031,
              27.067114393778873
            ],
            [
              -90.36880645778031,
              27.066665236136814
            ],
            [
              -90.3687166262519,
              27.066665236136814
            ],
            [
              -90.3687166262519,
              27.066485573079987
            ],
            [
              -90.36862679472348,
              27.066485573079987
            ],
            [
              -90.36862679472348,
              27.066305910023164
            ],
            [
              -90.36853696319507,
              27.066305910023164
            ],
            [
              -90.36853696319507,
              27.06612624696634
            ],
            [
              -90.36844713166666,
              27.06612624696634
            ],
            [
              -90.36844713166666,
              27.066036415437928
            ],
            [
              -90.36835730013826,
              27.066036415437928
            ],
            [
              -90.36835730013826,
              27.065946583909515
            ],
            [
              -90.36826746860984,
              27.065946583909515
            ],
            [
              -90.36826746860984,
              27.065856752381105
            ],
            [
              -90.36817763708143,
              27.065856752381105
            ],
            [
              -90.36817763708143,
              27.065677089324282
            ],
            [
              -90.36808780555302,
              27.065677089324282
            ],
            [
              -90.36808780555302,
              27.06513810015381
            ],
            [
              -90.3679979740246,
              27.06513810015381
            ],
            [
              -90.3679979740246,
              27.064958437096983
            ],
            [
              -90.36808780555302,
              27.064958437096983
            ],
            [
              -90.36808780555302,
              27.064868605568574
            ],
            [
              -90.3679979740246,
              27.064868605568574
            ],
            [
              -90.3679979740246,
              27.064419447926515
            ],
            [
              -90.36790814249619,
              27.064419447926515
            ],
            [
              -90.36790814249619,
              27.06414995334128
            ],
            [
              -90.36781831096778,
              27.06414995334128
            ],
            [
              -90.36781831096778,
              27.063970290284452
            ],
            [
              -90.36763864791095,
              27.063970290284452
            ],
            [
              -90.36763864791095,
              27.06379062722763
            ],
            [
              -90.36745898485412,
              27.06379062722763
            ],
            [
              -90.36745898485412,
              27.063610964170806
            ],
            [
              -90.36736915332573,
              27.063610964170806
            ],
            [
              -90.36736915332573,
              27.063521132642393
            ],
            [
              -90.36727932179731,
              27.063521132642393
            ],
            [
              -90.36727932179731,
              27.063431301113983
            ],
            [
              -90.3671894902689,
              27.063431301113983
            ],
            [
              -90.3671894902689,
              27.06334146958557
            ],
            [
              -90.36709965874049,
              27.06334146958557
            ],
            [
              -90.36709965874049,
              27.063251638057157
            ],
            [
              -90.36700982721207,
              27.063251638057157
            ],
            [
              -90.36700982721207,
              27.063161806528747
            ],
            [
              -90.36691999568366,
              27.063161806528747
            ],
            [
              -90.36691999568366,
              27.063071975000334
            ],
            [
              -90.36683016415525,
              27.063071975000334
            ],
            [
              -90.36683016415525,
              27.06298214347192
            ],
            [
              -90.36674033262683,
              27.06298214347192
            ],
            [
              -90.36674033262683,
              27.06289231194351
            ],
            [
              -90.36665050109842,
              27.06289231194351
            ],
            [
              -90.36665050109842,
              27.062802480415098
            ],
            [
              -90.36656066957,
              27.062802480415098
            ],
            [
              -90.36656066957,
              27.062712648886688
            ],
            [
              -90.3663810065132,
              27.062712648886688
            ],
            [
              -90.3663810065132,
              27.06253298582986
            ],
            [
              -90.36629117498478,
              27.06253298582986
            ],
            [
              -90.36629117498478,
              27.06244315430145
            ],
            [
              -90.36620134345637,
              27.06244315430145
            ],
            [
              -90.36620134345637,
              27.06235332277304
            ],
            [
              -90.36611151192795,
              27.06235332277304
            ],
            [
              -90.36611151192795,
              27.062263491244625
            ],
            [
              -90.36602168039954,
              27.062263491244625
            ],
            [
              -90.36602168039954,
              27.062083828187802
            ],
            [
              -90.36593184887113,
              27.062083828187802
            ],
            [
              -90.36593184887113,
              27.06190416513098
            ],
            [
              -90.36584201734271,
              27.06190416513098
            ],
            [
              -90.36584201734271,
              27.061814333602566
            ],
            [
              -90.3657521858143,
              27.061814333602566
            ],
            [
              -90.3657521858143,
              27.061724502074156
            ],
            [
              -90.36566235428589,
              27.061724502074156
            ],
            [
              -90.36566235428589,
              27.06145500748892
            ],
            [
              -90.36557252275747,
              27.06145500748892
            ],
            [
              -90.36557252275747,
              27.061185512903684
            ],
            [
              -90.36548269122906,
              27.061185512903684
            ],
            [
              -90.36548269122906,
              27.060916018318448
            ],
            [
              -90.36539285970066,
              27.060916018318448
            ],
            [
              -90.36539285970066,
              27.060826186790035
            ],
            [
              -90.36530302817225,
              27.060826186790035
            ],
            [
              -90.36530302817225,
              27.060736355261625
            ],
            [
              -90.36521319664384,
              27.060736355261625
            ],
            [
              -90.36521319664384,
              27.06064652373321
            ],
            [
              -90.36503353358701,
              27.06064652373321
            ],
            [
              -90.36503353358701,
              27.0605566922048
            ],
            [
              -90.3649437020586,
              27.0605566922048
            ],
            [
              -90.3649437020586,
              27.06046686067639
            ],
            [
              -90.36476403900177,
              27.06046686067639
            ],
            [
              -90.36476403900177,
              27.060377029147975
            ],
            [
              -90.36467420747336,
              27.060377029147975
            ],
            [
              -90.36467420747336,
              27.060287197619562
            ],
            [
              -90.36458437594494,
              27.060287197619562
            ],
            [
              -90.36458437594494,
              27.060017703034326
            ],
            [
              -90.36449454441653,
              27.060017703034326
            ],
            [
              -90.36449454441653,
              27.059838039977503
            ],
            [
              -90.36440471288813,
              27.059838039977503
            ],
            [
              -90.36440471288813,
              27.05965837692068
            ],
            [
              -90.36431488135972,
              27.05965837692068
            ],
            [
              -90.36431488135972,
              27.059568545392267
            ],
            [
              -90.36413521830289,
              27.059568545392267
            ],
            [
              -90.36413521830289,
              27.059388882335444
            ],
            [
              -90.36377589218924,
              27.059388882335444
            ],
            [
              -90.36377589218924,
              27.056244778841027
            ],
            [
              -90.36386572371765,
              27.056244778841027
            ],
            [
              -90.36386572371765,
              27.056154947312614
            ],
            [
              -90.36395555524606,
              27.056154947312614
            ],
            [
              -90.36395555524606,
              27.056244778841027
            ],
            [
              -90.36404538677448,
              27.056244778841027
            ],
            [
              -90.36404538677448,
              27.056334610369436
            ],
            [
              -90.36413521830289,
              27.056334610369436
            ],
            [
              -90.36413521830289,
              27.05642444189785
            ],
            [
              -90.3642250498313,
              27.05642444189785
            ],
            [
              -90.3642250498313,
              27.056514273426263
            ],
            [
              -90.36431488135972,
              27.056514273426263
            ],
            [
              -90.36431488135972,
              27.056693936483086
            ],
            [
              -90.36449454441653,
              27.056693936483086
            ],
            [
              -90.36449454441653,
              27.05687359953991
            ],
            [
              -90.36458437594494,
              27.05687359953991
            ],
            [
              -90.36458437594494,
              27.056963431068322
            ],
            [
              -90.36467420747336,
              27.056963431068322
            ],
            [
              -90.36467420747336,
              27.057143094125145
            ],
            [
              -90.36485387053018,
              27.057143094125145
            ],
            [
              -90.36485387053018,
              27.057322757181968
            ],
            [
              -90.3649437020586,
              27.057322757181968
            ],
            [
              -90.3649437020586,
              27.05741258871038
            ],
            [
              -90.36503353358701,
              27.05741258871038
            ],
            [
              -90.36503353358701,
              27.057502420238794
            ],
            [
              -90.36521319664384,
              27.057502420238794
            ],
            [
              -90.36521319664384,
              27.05786174635244
            ],
            [
              -90.36530302817225,
              27.05786174635244
            ],
            [
              -90.36530302817225,
              27.057951577880853
            ],
            [
              -90.36539285970066,
              27.057951577880853
            ],
            [
              -90.36539285970066,
              27.058131240937676
            ],
            [
              -90.36557252275747,
              27.058131240937676
            ],
            [
              -90.36557252275747,
              27.0583109039945
            ],
            [
              -90.36566235428589,
              27.0583109039945
            ],
            [
              -90.36566235428589,
              27.058400735522913
            ],
            [
              -90.3657521858143,
              27.058400735522913
            ],
            [
              -90.3657521858143,
              27.058490567051326
            ],
            [
              -90.36593184887113,
              27.058490567051326
            ],
            [
              -90.36593184887113,
              27.058760061636562
            ],
            [
              -90.36602168039954,
              27.058760061636562
            ],
            [
              -90.36602168039954,
              27.05884989316497
            ],
            [
              -90.36611151192795,
              27.05884989316497
            ],
            [
              -90.36611151192795,
              27.058939724693385
            ],
            [
              -90.36629117498478,
              27.058939724693385
            ],
            [
              -90.36629117498478,
              27.059119387750208
            ],
            [
              -90.3663810065132,
              27.059119387750208
            ],
            [
              -90.3663810065132,
              27.05920921927862
            ],
            [
              -90.3664708380416,
              27.05920921927862
            ],
            [
              -90.3664708380416,
              27.05929905080703
            ],
            [
              -90.36656066957,
              27.05929905080703
            ],
            [
              -90.36656066957,
              27.059568545392267
            ],
            [
              -90.3671894902689,
              27.059568545392267
            ],
            [
              -90.3671894902689,
              27.05965837692068
            ],
            [
              -90.36727932179731,
              27.05965837692068
            ],
            [
              -90.36727932179731,
              27.059568545392267
            ],
            [
              -90.36736915332573,
              27.059568545392267
            ],
            [
              -90.36736915332573,
              27.05965837692068
            ],
            [
              -90.36763864791095,
              27.05965837692068
            ],
            [
              -90.36763864791095,
              27.059568545392267
            ],
            [
              -90.36772847943936,
              27.059568545392267
            ],
            [
              -90.36772847943936,
              27.059478713863857
            ],
            [
              -90.36781831096778,
              27.059478713863857
            ],
            [
              -90.36781831096778,
              27.059568545392267
            ],
            [
              -90.36808780555302,
              27.059568545392267
            ],
            [
              -90.36808780555302,
              27.05965837692068
            ],
            [
              -90.36826746860984,
              27.05965837692068
            ],
            [
              -90.36826746860984,
              27.059748208449093
            ],
            [
              -90.36844713166666,
              27.059748208449093
            ],
            [
              -90.36844713166666,
              27.059838039977503
            ],
            [
              -90.36853696319507,
              27.059838039977503
            ],
            [
              -90.36853696319507,
              27.059927871505916
            ],
            [
              -90.36862679472348,
              27.059927871505916
            ],
            [
              -90.36862679472348,
              27.060017703034326
            ],
            [
              -90.36880645778031,
              27.060017703034326
            ],
            [
              -90.36880645778031,
              27.060197366091153
            ],
            [
              -90.36889628930872,
              27.060197366091153
            ],
            [
              -90.36889628930872,
              27.060287197619562
            ],
            [
              -90.36898612083714,
              27.060287197619562
            ],
            [
              -90.36898612083714,
              27.060377029147975
            ],
            [
              -90.36907595236555,
              27.060377029147975
            ],
            [
              -90.36907595236555,
              27.060287197619562
            ],
            [
              -90.36916578389396,
              27.060287197619562
            ],
            [
              -90.36916578389396,
              27.06046686067639
            ],
            [
              -90.36943527847919,
              27.06046686067639
            ],
            [
              -90.36943527847919,
              27.06064652373321
            ],
            [
              -90.3695251100076,
              27.06064652373321
            ],
            [
              -90.3695251100076,
              27.060916018318448
            ],
            [
              -90.36961494153601,
              27.060916018318448
            ],
            [
              -90.36961494153601,
              27.061005849846858
            ],
            [
              -90.36970477306443,
              27.061005849846858
            ],
            [
              -90.36970477306443,
              27.06109568137527
            ],
            [
              -90.36988443612125,
              27.06109568137527
            ],
            [
              -90.36988443612125,
              27.061634670545743
            ],
            [
              -90.36979460459284,
              27.061634670545743
            ],
            [
              -90.36979460459284,
              27.061724502074156
            ],
            [
              -90.36988443612125,
              27.061724502074156
            ],
            [
              -90.36988443612125,
              27.06199399665939
            ],
            [
              -90.36979460459284,
              27.06199399665939
            ],
            [
              -90.36979460459284,
              27.062083828187802
            ],
            [
              -90.36988443612125,
              27.062083828187802
            ],
            [
              -90.36988443612125,
              27.06244315430145
            ],
            [
              -90.36997426764967,
              27.06244315430145
            ],
            [
              -90.36997426764967,
              27.062622817358275
            ],
            [
              -90.3701539307065,
              27.062622817358275
            ],
            [
              -90.3701539307065,
              27.062802480415098
            ],
            [
              -90.3702437622349,
              27.062802480415098
            ],
            [
              -90.3702437622349,
              27.06289231194351
            ],
            [
              -90.37060308834855,
              27.06289231194351
            ],
            [
              -90.37060308834855,
              27.063071975000334
            ],
            [
              -90.37069291987696,
              27.063071975000334
            ],
            [
              -90.37069291987696,
              27.063161806528747
            ],
            [
              -90.37078275140537,
              27.063161806528747
            ],
            [
              -90.37078275140537,
              27.06334146958557
            ],
            [
              -90.37087258293379,
              27.06334146958557
            ],
            [
              -90.37087258293379,
              27.063431301113983
            ],
            [
              -90.37078275140537,
              27.063431301113983
            ],
            [
              -90.37078275140537,
              27.063610964170806
            ],
            [
              -90.37087258293379,
              27.063610964170806
            ],
            [
              -90.37087258293379,
              27.06370079569922
            ],
            [
              -90.37078275140537,
              27.06370079569922
            ],
            [
              -90.37078275140537,
              27.063880458756042
            ],
            [
              -90.37087258293379,
              27.063880458756042
            ],
            [
              -90.37087258293379,
              27.063970290284452
            ],
            [
              -90.3709624144622,
              27.063970290284452
            ],
            [
              -90.3709624144622,
              27.064239784869688
            ],
            [
              -90.37114207751902,
              27.064239784869688
            ],
            [
              -90.37114207751902,
              27.064419447926515
            ],
            [
              -90.37123190904744,
              27.064419447926515
            ],
            [
              -90.37123190904744,
              27.064599110983337
            ],
            [
              -90.37132174057585,
              27.064599110983337
            ],
            [
              -90.37132174057585,
              27.06477877404016
            ],
            [
              -90.37141157210425,
              27.06477877404016
            ],
            [
              -90.37141157210425,
              27.064958437096983
            ],
            [
              -90.37132174057585,
              27.064958437096983
            ],
            [
              -90.37132174057585,
              27.065497426267456
            ],
            [
              -90.37123190904744,
              27.065497426267456
            ],
            [
              -90.37123190904744,
              27.06558725779587
            ],
            [
              -90.37105224599061,
              27.06558725779587
            ],
            [
              -90.37105224599061,
              27.065677089324282
            ],
            [
              -90.3709624144622,
              27.065677089324282
            ],
            [
              -90.3709624144622,
              27.065946583909515
            ],
            [
              -90.37105224599061,
              27.065946583909515
            ],
            [
              -90.37105224599061,
              27.06621607849475
            ],
            [
              -90.37123190904744,
              27.06621607849475
            ],
            [
              -90.37123190904744,
              27.066305910023164
            ],
            [
              -90.37105224599061,
              27.066305910023164
            ],
            [
              -90.37105224599061,
              27.066395741551577
            ],
            [
              -90.37114207751902,
              27.066395741551577
            ],
            [
              -90.37114207751902,
              27.066665236136814
            ],
            [
              -90.37123190904744,
              27.066665236136814
            ],
            [
              -90.37123190904744,
              27.066755067665223
            ],
            [
              -90.37132174057585,
              27.066755067665223
            ],
            [
              -90.37132174057585,
              27.066844899193637
            ],
            [
              -90.37141157210425,
              27.066844899193637
            ],
            [
              -90.37141157210425,
              27.066934730722046
            ],
            [
              -90.37159123516108,
              27.066934730722046
            ],
            [
              -90.37159123516108,
              27.06702456225046
            ],
            [
              -90.37150140363266,
              27.06702456225046
            ],
            [
              -90.37150140363266,
              27.067114393778873
            ],
            [
              -90.37168106668949,
              27.067114393778873
            ],
            [
              -90.37168106668949,
              27.06738388836411
            ],
            [
              -90.37186072974632,
              27.06738388836411
            ],
            [
              -90.37186072974632,
              27.06747371989252
            ],
            [
              -90.37213022433156,
              27.06747371989252
            ],
            [
              -90.37213022433156,
              27.067743214477755
            ],
            [
              -90.37222005585997,
              27.067743214477755
            ],
            [
              -90.37222005585997,
              27.067922877534578
            ],
            [
              -90.37230988738838,
              27.067922877534578
            ],
            [
              -90.37230988738838,
              27.067833046006168
            ],
            [
              -90.37239971891678,
              27.067833046006168
            ],
            [
              -90.37239971891678,
              27.068102540591404
            ],
            [
              -90.37213022433156,
              27.068102540591404
            ],
            [
              -90.37213022433156,
              27.068282203648227
            ],
            [
              -90.37222005585997,
              27.068282203648227
            ],
            [
              -90.37222005585997,
              27.06837203517664
            ],
            [
              -90.37230988738838,
              27.06837203517664
            ],
            [
              -90.37230988738838,
              27.068282203648227
            ],
            [
              -90.37239971891678,
              27.068282203648227
            ],
            [
              -90.37239971891678,
              27.06846186670505
            ],
            [
              -90.37257938197361,
              27.06846186670505
            ],
            [
              -90.37257938197361,
              27.068282203648227
            ],
            [
              -90.37266921350202,
              27.068282203648227
            ],
            [
              -90.37266921350202,
              27.068192372119814
            ],
            [
              -90.37275904503043,
              27.068192372119814
            ],
            [
              -90.37275904503043,
              27.068282203648227
            ],
            [
              -90.37302853961567,
              27.068282203648227
            ],
            [
              -90.37302853961567,
              27.068192372119814
            ],
            [
              -90.37311837114409,
              27.068192372119814
            ],
            [
              -90.37311837114409,
              27.068282203648227
            ],
            [
              -90.3732082026725,
              27.068282203648227
            ],
            [
              -90.3732082026725,
              27.06837203517664
            ],
            [
              -90.37329803420091,
              27.06837203517664
            ],
            [
              -90.37329803420091,
              27.06846186670505
            ],
            [
              -90.3732082026725,
              27.06846186670505
            ],
            [
              -90.3732082026725,
              27.068551698233463
            ],
            [
              -90.37329803420091,
              27.068551698233463
            ],
            [
              -90.37329803420091,
              27.068641529761877
            ],
            [
              -90.37347769725773,
              27.068641529761877
            ],
            [
              -90.37347769725773,
              27.0688211928187
            ],
            [
              -90.37365736031455,
              27.0688211928187
            ],
            [
              -90.37365736031455,
              27.06891102434711
            ],
            [
              -90.37383702337138,
              27.06891102434711
            ],
            [
              -90.37383702337138,
              27.069000855875522
            ],
            [
              -90.37392685489979,
              27.069000855875522
            ],
            [
              -90.37392685489979,
              27.069090687403936
            ],
            [
              -90.3740166864282,
              27.069090687403936
            ],
            [
              -90.3740166864282,
              27.069180518932345
            ],
            [
              -90.37410651795662,
              27.069180518932345
            ],
            [
              -90.37410651795662,
              27.06927035046076
            ],
            [
              -90.37419634948503,
              27.06927035046076
            ],
            [
              -90.37419634948503,
              27.069360181989172
            ],
            [
              -90.37428618101345,
              27.069360181989172
            ],
            [
              -90.37428618101345,
              27.069539845045995
            ],
            [
              -90.37446584407026,
              27.069539845045995
            ],
            [
              -90.37446584407026,
              27.069629676574408
            ],
            [
              -90.37455567559867,
              27.069629676574408
            ],
            [
              -90.37455567559867,
              27.069719508102818
            ],
            [
              -90.37464550712708,
              27.069719508102818
            ],
            [
              -90.37464550712708,
              27.06980933963123
            ],
            [
              -90.3747353386555,
              27.06980933963123
            ],
            [
              -90.3747353386555,
              27.069989002688054
            ],
            [
              -90.37491500171232,
              27.069989002688054
            ],
            [
              -90.37491500171232,
              27.070078834216467
            ],
            [
              -90.37500483324074,
              27.070078834216467
            ],
            [
              -90.37500483324074,
              27.070168665744877
            ],
            [
              -90.37509466476915,
              27.070168665744877
            ],
            [
              -90.37509466476915,
              27.07025849727329
            ],
            [
              -90.37518449629756,
              27.07025849727329
            ],
            [
              -90.37518449629756,
              27.070168665744877
            ],
            [
              -90.37527432782598,
              27.070168665744877
            ],
            [
              -90.37527432782598,
              27.07025849727329
            ],
            [
              -90.37536415935438,
              27.07025849727329
            ],
            [
              -90.37536415935438,
              27.070348328801703
            ],
            [
              -90.37563365393962,
              27.070348328801703
            ],
            [
              -90.37563365393962,
              27.070438160330113
            ],
            [
              -90.37581331699644,
              27.070438160330113
            ],
            [
              -90.37581331699644,
              27.070527991858526
            ],
            [
              -90.37590314852486,
              27.070527991858526
            ],
            [
              -90.37590314852486,
              27.07061782338694
            ],
            [
              -90.37599298005327,
              27.07061782338694
            ],
            [
              -90.37599298005327,
              27.07070765491535
            ],
            [
              -90.37608281158168,
              27.07070765491535
            ],
            [
              -90.37608281158168,
              27.070797486443762
            ],
            [
              -90.3761726431101,
              27.070797486443762
            ],
            [
              -90.3761726431101,
              27.070887317972176
            ],
            [
              -90.37626247463851,
              27.070887317972176
            ],
            [
              -90.37626247463851,
              27.070977149500585
            ],
            [
              -90.37635230616691,
              27.070977149500585
            ],
            [
              -90.37635230616691,
              27.071066981029
            ],
            [
              -90.37644213769532,
              27.071066981029
            ],
            [
              -90.37644213769532,
              27.071426307142644
            ],
            [
              -90.37653196922373,
              27.071426307142644
            ],
            [
              -90.37653196922373,
              27.07205512784153
            ],
            [
              -90.37644213769532,
              27.07205512784153
            ],
            [
              -90.37644213769532,
              27.07214495936994
            ],
            [
              -90.37653196922373,
              27.07214495936994
            ],
            [
              -90.37653196922373,
              27.072234790898353
            ],
            [
              -90.37644213769532,
              27.072234790898353
            ],
            [
              -90.37644213769532,
              27.072324622426766
            ],
            [
              -90.37653196922373,
              27.072324622426766
            ],
            [
              -90.37653196922373,
              27.07250428548359
            ],
            [
              -90.37671163228056,
              27.07250428548359
            ],
            [
              -90.37671163228056,
              27.072773780068825
            ],
            [
              -90.37662180075215,
              27.072773780068825
            ],
            [
              -90.37662180075215,
              27.07286361159724
            ],
            [
              -90.37671163228056,
              27.07286361159724
            ],
            [
              -90.37671163228056,
              27.07313310618247
            ],
            [
              -90.37680146380897,
              27.07313310618247
            ],
            [
              -90.37680146380897,
              27.073312769239298
            ],
            [
              -90.37689129533739,
              27.073312769239298
            ],
            [
              -90.37689129533739,
              27.073402600767707
            ],
            [
              -90.3769811268658,
              27.073402600767707
            ],
            [
              -90.3769811268658,
              27.073312769239298
            ],
            [
              -90.37707095839421,
              27.073312769239298
            ],
            [
              -90.37707095839421,
              27.07349243229612
            ],
            [
              -90.37689129533739,
              27.07349243229612
            ],
            [
              -90.37689129533739,
              27.073582263824534
            ],
            [
              -90.3769811268658,
              27.073582263824534
            ],
            [
              -90.3769811268658,
              27.073672095352944
            ],
            [
              -90.37707095839421,
              27.073672095352944
            ],
            [
              -90.37707095839421,
              27.07385175840977
            ],
            [
              -90.3769811268658,
              27.07385175840977
            ],
            [
              -90.3769811268658,
              27.07394158993818
            ],
            [
              -90.37707095839421,
              27.07394158993818
            ],
            [
              -90.37707095839421,
              27.074121252995003
            ],
            [
              -90.37716078992263,
              27.074121252995003
            ],
            [
              -90.37716078992263,
              27.07430091605183
            ],
            [
              -90.37725062145104,
              27.07430091605183
            ],
            [
              -90.37725062145104,
              27.07439074758024
            ],
            [
              -90.37743028450785,
              27.07439074758024
            ],
            [
              -90.37743028450785,
              27.074570410637065
            ],
            [
              -90.37760994756468,
              27.074570410637065
            ],
            [
              -90.37760994756468,
              27.074480579108652
            ],
            [
              -90.37769977909309,
              27.074480579108652
            ],
            [
              -90.37769977909309,
              27.07439074758024
            ],
            [
              -90.3777896106215,
              27.07439074758024
            ],
            [
              -90.3777896106215,
              27.074480579108652
            ],
            [
              -90.37787944214992,
              27.074480579108652
            ],
            [
              -90.37787944214992,
              27.07430091605183
            ],
            [
              -90.37796927367833,
              27.07430091605183
            ],
            [
              -90.37796927367833,
              27.07439074758024
            ],
            [
              -90.37805910520675,
              27.07439074758024
            ],
            [
              -90.37805910520675,
              27.07430091605183
            ],
            [
              -90.37814893673516,
              27.07430091605183
            ],
            [
              -90.37814893673516,
              27.07439074758024
            ],
            [
              -90.37823876826357,
              27.07439074758024
            ],
            [
              -90.37823876826357,
              27.074480579108652
            ],
            [
              -90.37832859979197,
              27.074480579108652
            ],
            [
              -90.37832859979197,
              27.074660242165475
            ],
            [
              -90.3785082628488,
              27.074660242165475
            ],
            [
              -90.3785082628488,
              27.0748399052223
            ],
            [
              -90.37859809437721,
              27.0748399052223
            ],
            [
              -90.37859809437721,
              27.07492973675071
            ],
            [
              -90.37868792590562,
              27.07492973675071
            ],
            [
              -90.37868792590562,
              27.075019568279124
            ],
            [
              -90.37886758896245,
              27.075019568279124
            ],
            [
              -90.37886758896245,
              27.07528906286436
            ],
            [
              -90.37895742049086,
              27.07528906286436
            ],
            [
              -90.37895742049086,
              27.07537889439277
            ],
            [
              -90.37904725201928,
              27.07537889439277
            ],
            [
              -90.37904725201928,
              27.075468725921183
            ],
            [
              -90.3792269150761,
              27.075468725921183
            ],
            [
              -90.3792269150761,
              27.075558557449597
            ],
            [
              -90.3793167466045,
              27.075558557449597
            ],
            [
              -90.3793167466045,
              27.075468725921183
            ],
            [
              -90.37940657813292,
              27.075468725921183
            ],
            [
              -90.37940657813292,
              27.075558557449597
            ],
            [
              -90.37949640966133,
              27.075558557449597
            ],
            [
              -90.37949640966133,
              27.075468725921183
            ],
            [
              -90.37958624118974,
              27.075468725921183
            ],
            [
              -90.37958624118974,
              27.075558557449597
            ],
            [
              -90.37967607271815,
              27.075558557449597
            ],
            [
              -90.37967607271815,
              27.075648388978006
            ],
            [
              -90.37976590424657,
              27.075648388978006
            ],
            [
              -90.37976590424657,
              27.07573822050642
            ],
            [
              -90.3799455673034,
              27.07573822050642
            ],
            [
              -90.3799455673034,
              27.075828052034833
            ],
            [
              -90.38003539883181,
              27.075828052034833
            ],
            [
              -90.38003539883181,
              27.076007715091656
            ],
            [
              -90.38012523036022,
              27.076007715091656
            ],
            [
              -90.38012523036022,
              27.076097546620066
            ],
            [
              -90.38030489341703,
              27.076097546620066
            ],
            [
              -90.38030489341703,
              27.076277209676892
            ],
            [
              -90.38039472494545,
              27.076277209676892
            ],
            [
              -90.38039472494545,
              27.076456872733715
            ],
            [
              -90.38048455647386,
              27.076456872733715
            ],
            [
              -90.38048455647386,
              27.076906030375774
            ],
            [
              -90.38057438800227,
              27.076906030375774
            ],
            [
              -90.38057438800227,
              27.076816198847364
            ],
            [
              -90.38066421953069,
              27.076816198847364
            ],
            [
              -90.38066421953069,
              27.077085693432597
            ],
            [
              -90.38057438800227,
              27.077085693432597
            ],
            [
              -90.38057438800227,
              27.07717552496101
            ],
            [
              -90.38066421953069,
              27.07717552496101
            ],
            [
              -90.38066421953069,
              27.077265356489423
            ],
            [
              -90.3807540510591,
              27.077265356489423
            ],
            [
              -90.3807540510591,
              27.077355188017833
            ],
            [
              -90.38084388258751,
              27.077355188017833
            ],
            [
              -90.38084388258751,
              27.07762468260307
            ],
            [
              -90.3807540510591,
              27.07762468260307
            ],
            [
              -90.3807540510591,
              27.077804345659896
            ],
            [
              -90.38066421953069,
              27.077804345659896
            ],
            [
              -90.38066421953069,
              27.077894177188305
            ],
            [
              -90.38057438800227,
              27.077894177188305
            ],
            [
              -90.38057438800227,
              27.07798400871672
            ],
            [
              -90.38048455647386,
              27.07798400871672
            ],
            [
              -90.38048455647386,
              27.07807384024513
            ],
            [
              -90.38039472494545,
              27.07807384024513
            ],
            [
              -90.38039472494545,
              27.07852299788719
            ],
            [
              -90.38048455647386,
              27.07852299788719
            ],
            [
              -90.38048455647386,
              27.078702660944014
            ],
            [
              -90.38066421953069,
              27.078702660944014
            ],
            [
              -90.38066421953069,
              27.078792492472427
            ],
            [
              -90.38057438800227,
              27.078792492472427
            ],
            [
              -90.38057438800227,
              27.078882324000837
            ],
            [
              -90.3807540510591,
              27.078882324000837
            ],
            [
              -90.3807540510591,
              27.07897215552925
            ],
            [
              -90.38084388258751,
              27.07897215552925
            ],
            [
              -90.38084388258751,
              27.07906198705766
            ],
            [
              -90.38093371411593,
              27.07906198705766
            ],
            [
              -90.38093371411593,
              27.07897215552925
            ],
            [
              -90.38102354564434,
              27.07897215552925
            ],
            [
              -90.38102354564434,
              27.07906198705766
            ],
            [
              -90.38138287175798,
              27.07906198705766
            ],
            [
              -90.38138287175798,
              27.079151818586073
            ],
            [
              -90.38147270328639,
              27.079151818586073
            ],
            [
              -90.38147270328639,
              27.07906198705766
            ],
            [
              -90.38165236634322,
              27.07906198705766
            ],
            [
              -90.38165236634322,
              27.07897215552925
            ],
            [
              -90.38183202940004,
              27.07897215552925
            ],
            [
              -90.38183202940004,
              27.07906198705766
            ],
            [
              -90.38192186092846,
              27.07906198705766
            ],
            [
              -90.38192186092846,
              27.079151818586073
            ],
            [
              -90.38210152398528,
              27.079151818586073
            ],
            [
              -90.38210152398528,
              27.079511144699723
            ],
            [
              -90.3821913555137,
              27.079511144699723
            ],
            [
              -90.3821913555137,
              27.079600976228132
            ],
            [
              -90.38210152398528,
              27.079600976228132
            ],
            [
              -90.38210152398528,
              27.079690807756545
            ],
            [
              -90.38201169245687,
              27.079690807756545
            ],
            [
              -90.38201169245687,
              27.079600976228132
            ],
            [
              -90.38183202940004,
              27.079600976228132
            ],
            [
              -90.38183202940004,
              27.079690807756545
            ],
            [
              -90.38174219787163,
              27.079690807756545
            ],
            [
              -90.38174219787163,
              27.07996030234178
            ],
            [
              -90.38183202940004,
              27.07996030234178
            ],
            [
              -90.38183202940004,
              27.08005013387019
            ],
            [
              -90.38192186092846,
              27.08005013387019
            ],
            [
              -90.38192186092846,
              27.080139965398605
            ],
            [
              -90.38210152398528,
              27.080139965398605
            ],
            [
              -90.38210152398528,
              27.080229796927018
            ],
            [
              -90.38201169245687,
              27.080229796927018
            ],
            [
              -90.38201169245687,
              27.080319628455428
            ],
            [
              -90.38210152398528,
              27.080319628455428
            ],
            [
              -90.38210152398528,
              27.080499291512254
            ],
            [
              -90.3821913555137,
              27.080499291512254
            ],
            [
              -90.3821913555137,
              27.080589123040664
            ],
            [
              -90.3822811870421,
              27.080589123040664
            ],
            [
              -90.3822811870421,
              27.080678954569077
            ],
            [
              -90.38237101857051,
              27.080678954569077
            ],
            [
              -90.38237101857051,
              27.08076878609749
            ],
            [
              -90.38255068162734,
              27.08076878609749
            ],
            [
              -90.38255068162734,
              27.0808586176259
            ],
            [
              -90.38264051315575,
              27.0808586176259
            ],
            [
              -90.38264051315575,
              27.080948449154313
            ],
            [
              -90.38273034468416,
              27.080948449154313
            ],
            [
              -90.38273034468416,
              27.081038280682723
            ],
            [
              -90.38291000774099,
              27.081038280682723
            ],
            [
              -90.38291000774099,
              27.08121794373955
            ],
            [
              -90.38317950232623,
              27.08121794373955
            ],
            [
              -90.38317950232623,
              27.08130777526796
            ],
            [
              -90.38308967079782,
              27.08130777526796
            ],
            [
              -90.38308967079782,
              27.081397606796372
            ],
            [
              -90.38326933385463,
              27.081397606796372
            ],
            [
              -90.38326933385463,
              27.081487438324785
            ],
            [
              -90.38353882843987,
              27.081487438324785
            ],
            [
              -90.38353882843987,
              27.081397606796372
            ],
            [
              -90.38362865996828,
              27.081397606796372
            ],
            [
              -90.38362865996828,
              27.081577269853195
            ],
            [
              -90.38380832302511,
              27.081577269853195
            ],
            [
              -90.38380832302511,
              27.081487438324785
            ],
            [
              -90.38389815455352,
              27.081487438324785
            ],
            [
              -90.38389815455352,
              27.081397606796372
            ],
            [
              -90.3837184914967,
              27.081397606796372
            ],
            [
              -90.3837184914967,
              27.08121794373955
            ],
            [
              -90.38380832302511,
              27.08121794373955
            ],
            [
              -90.38380832302511,
              27.081128112211136
            ],
            [
              -90.38389815455352,
              27.081128112211136
            ],
            [
              -90.38389815455352,
              27.081038280682723
            ],
            [
              -90.3837184914967,
              27.081038280682723
            ],
            [
              -90.3837184914967,
              27.0808586176259
            ],
            [
              -90.38362865996828,
              27.0808586176259
            ],
            [
              -90.38362865996828,
              27.08076878609749
            ],
            [
              -90.3837184914967,
              27.08076878609749
            ],
            [
              -90.3837184914967,
              27.080678954569077
            ],
            [
              -90.38362865996828,
              27.080678954569077
            ],
            [
              -90.38362865996828,
              27.080499291512254
            ]
          ],
          [
            [
              -90.39081518224124,
              27.093524863131986
            ],
            [
              -90.39081518224124,
              27.093435031603573
            ],
            [
              -90.39072535071283,
              27.093435031603573
            ],
            [
              -90.39072535071283,
              27.093524863131986
            ],
            [
              -90.39081518224124,
              27.093524863131986
            ]
          ],
          [
            [
              -90.3807540510591,
              27.0831044058362
            ],
            [
              -90.3807540510591,
              27.083014574307786
            ],
            [
              -90.38066421953069,
              27.083014574307786
            ],
            [
              -90.38066421953069,
              27.0831044058362
            ],
            [
              -90.3807540510591,
              27.0831044058362
            ]
          ],
          [
            [
              -90.37563365393962,
              27.077714514131483
            ],
            [
              -90.37572348546803,
              27.077714514131483
            ],
            [
              -90.37572348546803,
              27.07762468260307
            ],
            [
              -90.37563365393962,
              27.07762468260307
            ],
            [
              -90.37563365393962,
              27.077714514131483
            ]
          ],
          [
            [
              -90.37689129533739,
              27.073672095352944
            ],
            [
              -90.37689129533739,
              27.073761926881357
            ],
            [
              -90.3769811268658,
              27.073761926881357
            ],
            [
              -90.3769811268658,
              27.073672095352944
            ],
            [
              -90.37689129533739,
              27.073672095352944
            ]
          ],
          [
            [
              -90.38614394276382,
              27.08364339500667
            ],
            [
              -90.38614394276382,
              27.083733226535085
            ],
            [
              -90.38623377429222,
              27.083733226535085
            ],
            [
              -90.38623377429222,
              27.08364339500667
            ],
            [
              -90.38614394276382,
              27.08364339500667
            ]
          ]
        ]
      },
      "properties": {
        "feature_type": "observed_detection",
        "event_id": "00260_00608_new_0010",
        "observation_time": "2024-05-13T00:00:00+00:00",
        "area_m2": 2530230.61
      }
    },
    {
      "type": "Feature",
      "id": "00260_00608_new_0010_p001_w010",
      "geometry": {
        "type": "LineString",
        "coordinates": [
          [
            -90.384315,
            27.088674
          ],
          [
            -90.382228,
            27.090949
          ],
          [
            -90.38014,
            27.093223
          ],
          [
            -90.378053,
            27.095497
          ],
          [
            -90.375966,
            27.097771
          ],
          [
            -90.373878,
            27.100046
          ],
          [
            -90.371791,
            27.10232
          ],
          [
            -90.369704,
            27.104594
          ],
          [
            -90.367616,
            27.106869
          ],
          [
            -90.365529,
            27.109143
          ],
          [
            -90.363441,
            27.111417
          ],
          [
            -90.361353,
            27.113691
          ],
          [
            -90.359266,
            27.115966
          ],
          [
            -90.357178,
            27.11824
          ],
          [
            -90.35509,
            27.120514
          ],
          [
            -90.353003,
            27.122788
          ],
          [
            -90.350915,
            27.125063
          ],
          [
            -90.348827,
            27.127337
          ],
          [
            -90.346739,
            27.129611
          ],
          [
            -90.344651,
            27.131885
          ],
          [
            -90.342563,
            27.13416
          ],
          [
            -90.340475,
            27.136434
          ],
          [
            -90.338387,
            27.138708
          ],
          [
            -90.336299,
            27.140982
          ]
        ]
      },
      "properties": {
        "particle_id": "00260_00608_new_0010_p001_w010",
        "windage_factor": 0.01,
        "initial_point": [
          -90.386402,
          27.0864
        ],
        "terminal_point": [
          -90.336299,
          27.140982
        ],
        "step_count": 24,
        "total_distance_m": 7826.83,
        "net_displacement_m": 7826.83
      }
    },
    {
      "type": "Feature",
      "id": "00260_00608_new_0010_p002_w020",
      "geometry": {
        "type": "LineString",
        "coordinates": [
          [
            -90.38495,
            27.089324
          ],
          [
            -90.383498,
            27.092248
          ],
          [
            -90.382046,
            27.095172
          ],
          [
            -90.380594,
            27.098096
          ],
          [
            -90.379142,
            27.10102
          ],
          [
            -90.37769,
            27.103944
          ],
          [
            -90.376238,
            27.106869
          ],
          [
            -90.374785,
            27.109793
          ],
          [
            -90.373333,
            27.112717
          ],
          [
            -90.371881,
            27.115641
          ],
          [
            -90.370429,
            27.118565
          ],
          [
            -90.368976,
            27.121489
          ],
          [
            -90.367524,
            27.124413
          ],
          [
            -90.366072,
            27.127337
          ],
          [
            -90.364619,
            27.130261
          ],
          [
            -90.363167,
            27.133185
          ],
          [
            -90.361714,
            27.136109
          ],
          [
            -90.360262,
            27.139033
          ],
          [
            -90.358809,
            27.141957
          ],
          [
            -90.357356,
            27.144881
          ],
          [
            -90.355904,
            27.147805
          ],
          [
            -90.354451,
            27.150729
          ],
          [
            -90.352998,
            27.153653
          ],
          [
            -90.351545,
            27.156577
          ]
        ]
      },
      "properties": {
        "particle_id": "00260_00608_new_0010_p002_w020",
        "windage_factor": 0.02,
        "initial_point": [
          -90.386402,
          27.0864
        ],
        "terminal_point": [
          -90.351545,
          27.156577
        ],
        "step_count": 24,
        "total_distance_m": 8509.41,
        "net_displacement_m": 8509.41
      }
    },
    {
      "type": "Feature",
      "id": "00260_00608_new_0010_p003_w030",
      "geometry": {
        "type": "LineString",
        "coordinates": [
          [
            -90.385585,
            27.089974
          ],
          [
            -90.384768,
            27.093548
          ],
          [
            -90.383952,
            27.097122
          ],
          [
            -90.383135,
            27.100696
          ],
          [
            -90.382318,
            27.104269
          ],
          [
            -90.381501,
            27.107843
          ],
          [
            -90.380684,
            27.111417
          ],
          [
            -90.379868,
            27.114991
          ],
          [
            -90.379051,
            27.118565
          ],
          [
            -90.378234,
            27.122139
          ],
          [
            -90.377417,
            27.125712
          ],
          [
            -90.3766,
            27.129286
          ],
          [
            -90.375783,
            27.13286
          ],
          [
            -90.374966,
            27.136434
          ],
          [
            -90.374149,
            27.140008
          ],
          [
            -90.373332,
            27.143582
          ],
          [
            -90.372514,
            27.147155
          ],
          [
            -90.371697,
            27.150729
          ],
          [
            -90.37088,
            27.154303
          ],
          [
            -90.370063,
            27.157877
          ],
          [
            -90.369246,
            27.161451
          ],
          [
            -90.368428,
            27.165024
          ],
          [
            -90.367611,
            27.168598
          ],
          [
            -90.366794,
            27.172172
          ]
        ]
      },
      "properties": {
        "particle_id": "00260_00608_new_0010_p003_w030",
        "windage_factor": 0.03,
        "initial_point": [
          -90.386402,
          27.0864
        ],
        "terminal_point": [
          -90.366794,
          27.172172
        ],
        "step_count": 24,
        "total_distance_m": 9700.78,
        "net_displacement_m": 9700.78
      }
    },
    {
      "type": "Feature",
      "id": "00260_00608_new_0010_p004_w040",
      "geometry": {
        "type": "LineString",
        "coordinates": [
          [
            -90.38622,
            27.090624
          ],
          [
            -90.386039,
            27.094847
          ],
          [
            -90.385857,
            27.099071
          ],
          [
            -90.385676,
            27.103295
          ],
          [
            -90.385494,
            27.107518
          ],
          [
            -90.385313,
            27.111742
          ],
          [
            -90.385131,
            27.115966
          ],
          [
            -90.38495,
            27.120189
          ],
          [
            -90.384768,
            27.124413
          ],
          [
            -90.384587,
            27.128636
          ],
          [
            -90.384405,
            27.13286
          ],
          [
            -90.384224,
            27.137084
          ],
          [
            -90.384042,
            27.141307
          ],
          [
            -90.38386,
            27.145531
          ],
          [
            -90.383679,
            27.149755
          ],
          [
            -90.383497,
            27.153978
          ],
          [
            -90.383316,
            27.158202
          ],
          [
            -90.383134,
            27.162425
          ],
          [
            -90.382952,
            27.166649
          ],
          [
            -90.382771,
            27.170872
          ],
          [
            -90.382589,
            27.175096
          ],
          [
            -90.382408,
            27.17932
          ],
          [
            -90.382226,
            27.183543
          ],
          [
            -90.382044,
            27.187767
          ]
        ]
      },
      "properties": {
        "particle_id": "00260_00608_new_0010_p004_w040",
        "windage_factor": 0.04,
        "initial_point": [
          -90.386402,
          27.0864
        ],
        "terminal_point": [
          -90.382044,
          27.187767
        ],
        "step_count": 24,
        "total_distance_m": 11240.3,
        "net_displacement_m": 11240.3
      }
    },
    {
      "type": "Feature",
      "id": "00260_00608_new_0010_p005_w010",
      "geometry": {
        "type": "LineString",
        "coordinates": [
          [
            -90.403083,
            27.112678
          ],
          [
            -90.400995,
            27.114953
          ],
          [
            -90.398907,
            27.117227
          ],
          [
            -90.39682,
            27.119501
          ],
          [
            -90.394732,
            27.121776
          ],
          [
            -90.392644,
            27.12405
          ],
          [
            -90.390556,
            27.126324
          ],
          [
            -90.388468,
            27.128598
          ],
          [
            -90.386381,
            27.130873
          ],
          [
            -90.384293,
            27.133147
          ],
          [
            -90.382205,
            27.135421
          ],
          [
            -90.380116,
            27.137695
          ],
          [
            -90.378028,
            27.13997
          ],
          [
            -90.37594,
            27.142244
          ],
          [
            -90.373852,
            27.144518
          ],
          [
            -90.371764,
            27.146792
          ],
          [
            -90.369676,
            27.149067
          ],
          [
            -90.367587,
            27.151341
          ],
          [
            -90.365499,
            27.153615
          ],
          [
            -90.363411,
            27.155889
          ],
          [
            -90.361322,
            27.158164
          ],
          [
            -90.359234,
            27.160438
          ],
          [
            -90.357145,
            27.162712
          ],
          [
            -90.355057,
            27.164986
          ]
        ]
      },
      "properties": {
        "particle_id": "00260_00608_new_0010_p005_w010",
        "windage_factor": 0.01,
        "initial_point": [
          -90.40517,
          27.110404
        ],
        "terminal_point": [
          -90.355057,
          27.164986
        ],
        "step_count": 24,
        "total_distance_m": 7826.83,
        "net_displacement_m": 7826.83
      }
    },
    {
      "type": "Feature",
      "id": "00260_00608_new_0010_p006_w020",
      "geometry": {
        "type": "LineString",
        "coordinates": [
          [
            -90.403718,
            27.113328
          ],
          [
            -90.402266,
            27.116252
          ],
          [
            -90.400813,
            27.119176
          ],
          [
            -90.399361,
            27.1221
          ],
          [
            -90.397909,
            27.125024
          ],
          [
            -90.396456,
            27.127948
          ],
          [
            -90.395004,
            27.130873
          ],
          [
            -90.393551,
            27.133797
          ],
          [
            -90.392099,
            27.136721
          ],
          [
            -90.390646,
            27.139645
          ],
          [
            -90.389194,
            27.142569
          ],
          [
            -90.387741,
            27.145493
          ],
          [
            -90.386288,
            27.148417
          ],
          [
            -90.384836,
            27.151341
          ],
          [
            -90.383383,
            27.154265
          ],
          [
            -90.38193,
            27.157189
          ],
          [
            -90.380477,
            27.160113
          ],
          [
            -90.379024,
            27.163037
          ],
          [
            -90.377571,
            27.165961
          ],
          [
            -90.376118,
            27.168885
          ],
          [
            -90.374665,
            27.171809
          ],
          [
            -90.373212,
            27.174733
          ],
          [
            -90.371759,
            27.177657
          ],
          [
            -90.370306,
            27.180581
          ]
        ]
      },
      "properties": {
        "particle_id": "00260_00608_new_0010_p006_w020",
        "windage_factor": 0.02,
        "initial_point": [
          -90.40517,
          27.110404
        ],
        "terminal_point": [
          -90.370306,
          27.180581
        ],
        "step_count": 24,
        "total_distance_m": 8509.41,
        "net_displacement_m": 8509.41
      }
    },
    {
      "type": "Feature",
      "id": "00260_00608_new_0010_p007_w030",
      "geometry": {
        "type": "LineString",
        "coordinates": [
          [
            -90.404353,
            27.113978
          ],
          [
            -90.403536,
            27.117552
          ],
          [
            -90.40272,
            27.121126
          ],
          [
            -90.401903,
            27.1247
          ],
          [
            -90.401086,
            27.128273
          ],
          [
            -90.400269,
            27.131847
          ],
          [
            -90.399452,
            27.135421
          ],
          [
            -90.398634,
            27.138995
          ],
          [
            -90.397817,
            27.142569
          ],
          [
            -90.397,
            27.146143
          ],
          [
            -90.396183,
            27.149716
          ],
          [
            -90.395366,
            27.15329
          ],
          [
            -90.394549,
            27.156864
          ],
          [
            -90.393732,
            27.160438
          ],
          [
            -90.392914,
            27.164012
          ],
          [
            -90.392097,
            27.167585
          ],
          [
            -90.39128,
            27.171159
          ],
          [
            -90.390462,
            27.174733
          ],
          [
            -90.389645,
            27.178307
          ],
          [
            -90.388828,
            27.181881
          ],
          [
            -90.38801,
            27.185454
          ],
          [
            -90.387193,
            27.189028
          ],
          [
            -90.386375,
            27.192602
          ],
          [
            -90.385558,
            27.196176
          ]
        ]
      },
      "properties": {
        "particle_id": "00260_00608_new_0010_p007_w030",
        "windage_factor": 0.03,
        "initial_point": [
          -90.40517,
          27.110404
        ],
        "terminal_point": [
          -90.385558,
          27.196176
        ],
        "step_count": 24,
        "total_distance_m": 9700.78,
        "net_displacement_m": 9700.78
      }
    },
    {
      "type": "Feature",
      "id": "00260_00608_new_0010_p008_w040",
      "geometry": {
        "type": "LineString",
        "coordinates": [
          [
            -90.404989,
            27.114628
          ],
          [
            -90.404807,
            27.118851
          ],
          [
            -90.404626,
            27.123075
          ],
          [
            -90.404444,
            27.127299
          ],
          [
            -90.404263,
            27.131522
          ],
          [
            -90.404081,
            27.135746
          ],
          [
            -90.403899,
            27.13997
          ],
          [
            -90.403718,
            27.144193
          ],
          [
            -90.403536,
            27.148417
          ],
          [
            -90.403355,
            27.15264
          ],
          [
            -90.403173,
            27.156864
          ],
          [
            -90.402991,
            27.161088
          ],
          [
            -90.40281,
            27.165311
          ],
          [
            -90.402628,
            27.169535
          ],
          [
            -90.402447,
            27.173758
          ],
          [
            -90.402265,
            27.177982
          ],
          [
            -90.402083,
            27.182206
          ],
          [
            -90.401902,
            27.186429
          ],
          [
            -90.40172,
            27.190653
          ],
          [
            -90.401538,
            27.194876
          ],
          [
            -90.401357,
            27.1991
          ],
          [
            -90.401175,
            27.203323
          ],
          [
            -90.400993,
            27.207547
          ],
          [
            -90.400812,
            27.211771
          ]
        ]
      },
      "properties": {
        "particle_id": "00260_00608_new_0010_p008_w040",
        "windage_factor": 0.04,
        "initial_point": [
          -90.40517,
          27.110404
        ],
        "terminal_point": [
          -90.400812,
          27.211771
        ],
        "step_count": 24,
        "total_distance_m": 11240.3,
        "net_displacement_m": 11240.3
      }
    },
    {
      "type": "Feature",
      "id": "00260_00608_new_0010_p009_w010",
      "geometry": {
        "type": "LineString",
        "coordinates": [
          [
            -90.390818,
            27.096605
          ],
          [
            -90.388731,
            27.098879
          ],
          [
            -90.386643,
            27.101153
          ],
          [
            -90.384556,
            27.103427
          ],
          [
            -90.382468,
            27.105702
          ],
          [
            -90.380381,
            27.107976
          ],
          [
            -90.378293,
            27.11025
          ],
          [
            -90.376206,
            27.112524
          ],
          [
            -90.374118,
            27.114799
          ],
          [
            -90.372031,
            27.117073
          ],
          [
            -90.369943,
            27.119347
          ],
          [
            -90.367855,
            27.121621
          ],
          [
            -90.365767,
            27.123896
          ],
          [
            -90.363679,
            27.12617
          ],
          [
            -90.361592,
            27.128444
          ],
          [
            -90.359504,
            27.130719
          ],
          [
            -90.357416,
            27.132993
          ],
          [
            -90.355328,
            27.135267
          ],
          [
            -90.35324,
            27.137541
          ],
          [
            -90.351152,
            27.139816
          ],
          [
            -90.349063,
            27.14209
          ],
          [
            -90.346975,
            27.144364
          ],
          [
            -90.344887,
            27.146638
          ],
          [
            -90.342799,
            27.148913
          ]
        ]
      },
      "properties": {
        "particle_id": "00260_00608_new_0010_p009_w010",
        "windage_factor": 0.01,
        "initial_point": [
          -90.392905,
          27.09433
        ],
        "terminal_point": [
          -90.342799,
          27.148913
        ],
        "step_count": 24,
        "total_distance_m": 7826.83,
        "net_displacement_m": 7826.83
      }
    },
    {
      "type": "Feature",
      "id": "00260_00608_new_0010_p010_w020",
      "geometry": {
        "type": "LineString",
        "coordinates": [
          [
            -90.391453,
            27.097254
          ],
          [
            -90.390001,
            27.100178
          ],
          [
            -90.388549,
            27.103103
          ],
          [
            -90.387097,
            27.106027
          ],
          [
            -90.385645,
            27.108951
          ],
          [
            -90.384193,
            27.111875
          ],
          [
            -90.38274,
            27.114799
          ],
          [
            -90.381288,
            27.117723
          ],
          [
            -90.379836,
            27.120647
          ],
          [
            -90.378383,
            27.123571
          ],
          [
            -90.376931,
            27.126495
          ],
          [
            -90.375478,
            27.129419
          ],
          [
            -90.374026,
            27.132343
          ],
          [
            -90.372573,
            27.135267
          ],
          [
            -90.371121,
            27.138191
          ],
          [
            -90.369668,
            27.141115
          ],
          [
            -90.368216,
            27.144039
          ],
          [
            -90.366763,
            27.146963
          ],
          [
            -90.36531,
            27.149887
          ],
          [
            -90.363858,
            27.152811
          ],
          [
            -90.362405,
            27.155735
          ],
          [
            -90.360952,
            27.158659
          ],
          [
            -90.359499,
            27.161583
          ],
          [
            -90.358046,
            27.164507
          ]
        ]
      },
      "properties": {
        "particle_id": "00260_00608_new_0010_p010_w020",
        "windage_factor": 0.02,
        "initial_point": [
          -90.392905,
          27.09433
        ],
        "terminal_point": [
          -90.358046,
          27.164507
        ],
        "step_count": 24,
        "total_distance_m": 8509.41,
        "net_displacement_m": 8509.41
      }
    },
    {
      "type": "Feature",
      "id": "00260_00608_new_0010_p011_w030",
      "geometry": {
        "type": "LineString",
        "coordinates": [
          [
            -90.392088,
            27.097904
          ],
          [
            -90.391272,
            27.101478
          ],
          [
            -90.390455,
            27.105052
          ],
          [
            -90.389638,
            27.108626
          ],
          [
            -90.388821,
            27.1122
          ],
          [
            -90.388004,
            27.115773
          ],
          [
            -90.387187,
            27.119347
          ],
          [
            -90.38637,
            27.122921
          ],
          [
            -90.385553,
            27.126495
          ],
          [
            -90.384736,
            27.130069
          ],
          [
            -90.383919,
            27.133643
          ],
          [
            -90.383102,
            27.137216
          ],
          [
            -90.382285,
            27.14079
          ],
          [
            -90.381468,
            27.144364
          ],
          [
            -90.380651,
            27.147938
          ],
          [
            -90.379834,
            27.151512
          ],
          [
            -90.379017,
            27.155085
          ],
          [
            -90.3782,
            27.158659
          ],
          [
            -90.377382,
            27.162233
          ],
          [
            -90.376565,
            27.165807
          ],
          [
            -90.375748,
            27.169381
          ],
          [
            -90.37493,
            27.172955
          ],
          [
            -90.374113,
            27.176528
          ],
          [
            -90.373296,
            27.180102
          ]
        ]
      },
      "properties": {
        "particle_id": "00260_00608_new_0010_p011_w030",
        "windage_factor": 0.03,
        "initial_point": [
          -90.392905,
          27.09433
        ],
        "terminal_point": [
          -90.373296,
          27.180102
        ],
        "step_count": 24,
        "total_distance_m": 9700.78,
        "net_displacement_m": 9700.78
      }
    },
    {
      "type": "Feature",
      "id": "00260_00608_new_0010_p012_w040",
      "geometry": {
        "type": "LineString",
        "coordinates": [
          [
            -90.392724,
            27.098554
          ],
          [
            -90.392542,
            27.102778
          ],
          [
            -90.392361,
            27.107001
          ],
          [
            -90.392179,
            27.111225
          ],
          [
            -90.391998,
            27.115449
          ],
          [
            -90.391816,
            27.119672
          ],
          [
            -90.391635,
            27.123896
          ],
          [
            -90.391453,
            27.128119
          ],
          [
            -90.391271,
            27.132343
          ],
          [
            -90.39109,
            27.136567
          ],
          [
            -90.390908,
            27.14079
          ],
          [
            -90.390727,
            27.145014
          ],
          [
            -90.390545,
            27.149237
          ],
          [
            -90.390364,
            27.153461
          ],
          [
            -90.390182,
            27.157685
          ],
          [
            -90.39,
            27.161908
          ],
          [
            -90.389819,
            27.166132
          ],
          [
            -90.389637,
            27.170355
          ],
          [
            -90.389456,
            27.174579
          ],
          [
            -90.389274,
            27.178803
          ],
          [
            -90.389092,
            27.183026
          ],
          [
            -90.388911,
            27.18725
          ],
          [
            -90.388729,
            27.191473
          ],
          [
            -90.388547,
            27.195697
          ]
        ]
      },
      "properties": {
        "particle_id": "00260_00608_new_0010_p012_w040",
        "windage_factor": 0.04,
        "initial_point": [
          -90.392905,
          27.09433
        ],
        "terminal_point": [
          -90.388547,
          27.195697
        ],
        "step_count": 24,
        "total_distance_m": 11240.3,
        "net_displacement_m": 11240.3
      }
    },
    {
      "type": "Feature",
      "id": "00260_00608_new_0010_p013_w010",
      "geometry": {
        "type": "LineString",
        "coordinates": [
          [
            -90.366289,
            27.064457
          ],
          [
            -90.364202,
            27.066731
          ],
          [
            -90.362115,
            27.069005
          ],
          [
            -90.360028,
            27.07128
          ],
          [
            -90.357941,
            27.073554
          ],
          [
            -90.355855,
            27.075828
          ],
          [
            -90.353768,
            27.078103
          ],
          [
            -90.351681,
            27.080377
          ],
          [
            -90.349594,
            27.082651
          ],
          [
            -90.347506,
            27.084925
          ],
          [
            -90.345419,
            27.0872
          ],
          [
            -90.343332,
            27.089474
          ],
          [
            -90.341245,
            27.091748
          ],
          [
            -90.339158,
            27.094022
          ],
          [
            -90.337071,
            27.096297
          ],
          [
            -90.334983,
            27.098571
          ],
          [
            -90.332896,
            27.100845
          ],
          [
            -90.330808,
            27.103119
          ],
          [
            -90.328721,
            27.105394
          ],
          [
            -90.326633,
            27.107668
          ],
          [
            -90.324546,
            27.109942
          ],
          [
            -90.322458,
            27.112217
          ],
          [
            -90.320371,
            27.114491
          ],
          [
            -90.318283,
            27.116765
          ]
        ]
      },
      "properties": {
        "particle_id": "00260_00608_new_0010_p013_w010",
        "windage_factor": 0.01,
        "initial_point": [
          -90.368375,
          27.062183
        ],
        "terminal_point": [
          -90.318283,
          27.116765
        ],
        "step_count": 24,
        "total_distance_m": 7826.83,
        "net_displacement_m": 7826.83
      }
    },
    {
      "type": "Feature",
      "id": "00260_00608_new_0010_p014_w020",
      "geometry": {
        "type": "LineString",
        "coordinates": [
          [
            -90.366924,
            27.065107
          ],
          [
            -90.365472,
            27.068031
          ],
          [
            -90.36402,
            27.070955
          ],
          [
            -90.362569,
            27.073879
          ],
          [
            -90.361117,
            27.076803
          ],
          [
            -90.359665,
            27.079727
          ],
          [
            -90.358213,
            27.082651
          ],
          [
            -90.356761,
            27.085575
          ],
          [
            -90.355309,
            27.088499
          ],
          [
            -90.353857,
            27.091423
          ],
          [
            -90.352405,
            27.094347
          ],
          [
            -90.350953,
            27.097271
          ],
          [
            -90.349501,
            27.100195
          ],
          [
            -90.348049,
            27.103119
          ],
          [
            -90.346597,
            27.106044
          ],
          [
            -90.345145,
            27.108968
          ],
          [
            -90.343693,
            27.111892
          ],
          [
            -90.342241,
            27.114816
          ],
          [
            -90.340788,
            27.11774
          ],
          [
            -90.339336,
            27.120664
          ],
          [
            -90.337884,
            27.123588
          ],
          [
            -90.336431,
            27.126512
          ],
          [
            -90.334979,
            27.129436
          ],
          [
            -90.333526,
            27.13236
          ]
        ]
      },
      "properties": {
        "particle_id": "00260_00608_new_0010_p014_w020",
        "windage_factor": 0.02,
        "initial_point": [
          -90.368375,
          27.062183
        ],
        "terminal_point": [
          -90.333526,
          27.13236
        ],
        "step_count": 24,
        "total_distance_m": 8509.41,
        "net_displacement_m": 8509.41
      }
    },
    {
      "type": "Feature",
      "id": "00260_00608_new_0010_p015_w030",
      "geometry": {
        "type": "LineString",
        "coordinates": [
          [
            -90.367559,
            27.065757
          ],
          [
            -90.366742,
            27.06933
          ],
          [
            -90.365926,
            27.072904
          ],
          [
            -90.365109,
            27.076478
          ],
          [
            -90.364292,
            27.080052
          ],
          [
            -90.363476,
            27.083626
          ],
          [
            -90.362659,
            27.0872
          ],
          [
            -90.361842,
            27.090773
          ],
          [
            -90.361026,
            27.094347
          ],
          [
            -90.360209,
            27.097921
          ],
          [
            -90.359392,
            27.101495
          ],
          [
            -90.358575,
            27.105069
          ],
          [
            -90.357758,
            27.108643
          ],
          [
            -90.356941,
            27.112217
          ],
          [
            -90.356125,
            27.11579
          ],
          [
            -90.355308,
            27.119364
          ],
          [
            -90.354491,
            27.122938
          ],
          [
            -90.353674,
            27.126512
          ],
          [
            -90.352857,
            27.130086
          ],
          [
            -90.35204,
            27.13366
          ],
          [
            -90.351223,
            27.137233
          ],
          [
            -90.350406,
            27.140807
          ],
          [
            -90.349589,
            27.144381
          ],
          [
            -90.348771,
            27.147955
          ]
        ]
      },
      "properties": {
        "particle_id": "00260_00608_new_0010_p015_w030",
        "windage_factor": 0.03,
        "initial_point": [
          -90.368375,
          27.062183
        ],
        "terminal_point": [
          -90.348771,
          27.147955
        ],
        "step_count": 24,
        "total_distance_m": 9700.78,
        "net_displacement_m": 9700.78
      }
    },
    {
      "type": "Feature",
      "id": "00260_00608_new_0010_p016_w040",
      "geometry": {
        "type": "LineString",
        "coordinates": [
          [
            -90.368194,
            27.066406
          ],
          [
            -90.368012,
            27.07063
          ],
          [
            -90.367831,
            27.074854
          ],
          [
            -90.367649,
            27.079077
          ],
          [
            -90.367468,
            27.083301
          ],
          [
            -90.367286,
            27.087525
          ],
          [
            -90.367105,
            27.091748
          ],
          [
            -90.366923,
            27.095972
          ],
          [
            -90.366742,
            27.100195
          ],
          [
            -90.36656,
            27.104419
          ],
          [
            -90.366379,
            27.108643
          ],
          [
            -90.366197,
            27.112866
          ],
          [
            -90.366016,
            27.11709
          ],
          [
            -90.365834,
            27.121314
          ],
          [
            -90.365653,
            27.125537
          ],
          [
            -90.365471,
            27.129761
          ],
          [
            -90.36529,
            27.133984
          ],
          [
            -90.365108,
            27.138208
          ],
          [
            -90.364927,
            27.142432
          ],
          [
            -90.364745,
            27.146655
          ],
          [
            -90.364563,
            27.150879
          ],
          [
            -90.364382,
            27.155102
          ],
          [
            -90.3642,
            27.159326
          ],
          [
            -90.364019,
            27.16355
          ]
        ]
      },
      "properties": {
        "particle_id": "00260_00608_new_0010_p016_w040",
        "windage_factor": 0.04,
        "initial_point": [
          -90.368375,
          27.062183
        ],
        "terminal_point": [
          -90.364019,
          27.16355
        ],
        "step_count": 24,
        "total_distance_m": 11240.3,
        "net_displacement_m": 11240.3
      }
    },
    {
      "type": "Feature",
      "id": "00260_00608_new_0010_p017_w010",
      "geometry": {
        "type": "LineString",
        "coordinates": [
          [
            -90.381542,
            27.082774
          ],
          [
            -90.379455,
            27.085048
          ],
          [
            -90.377367,
            27.087322
          ],
          [
            -90.37528,
            27.089596
          ],
          [
            -90.373193,
            27.091871
          ],
          [
            -90.371106,
            27.094145
          ],
          [
            -90.369019,
            27.096419
          ],
          [
            -90.366931,
            27.098693
          ],
          [
            -90.364844,
            27.100968
          ],
          [
            -90.362756,
            27.103242
          ],
          [
            -90.360669,
            27.105516
          ],
          [
            -90.358582,
            27.10779
          ],
          [
            -90.356494,
            27.110065
          ],
          [
            -90.354406,
            27.112339
          ],
          [
            -90.352319,
            27.114613
          ],
          [
            -90.350231,
            27.116888
          ],
          [
            -90.348143,
            27.119162
          ],
          [
            -90.346056,
            27.121436
          ],
          [
            -90.343968,
            27.12371
          ],
          [
            -90.34188,
            27.125985
          ],
          [
            -90.339792,
            27.128259
          ],
          [
            -90.337704,
            27.130533
          ],
          [
            -90.335616,
            27.132807
          ],
          [
            -90.333528,
            27.135082
          ]
        ]
      },
      "properties": {
        "particle_id": "00260_00608_new_0010_p017_w010",
        "windage_factor": 0.01,
        "initial_point": [
          -90.383629,
          27.080499
        ],
        "terminal_point": [
          -90.333528,
          27.135082
        ],
        "step_count": 24,
        "total_distance_m": 7826.83,
        "net_displacement_m": 7826.83
      }
    },
    {
      "type": "Feature",
      "id": "00260_00608_new_0010_p018_w020",
      "geometry": {
        "type": "LineString",
        "coordinates": [
          [
            -90.382177,
            27.083423
          ],
          [
            -90.380725,
            27.086347
          ],
          [
            -90.379273,
            27.089271
          ],
          [
            -90.377821,
            27.092196
          ],
          [
            -90.376369,
            27.09512
          ],
          [
            -90.374917,
            27.098044
          ],
          [
            -90.373465,
            27.100968
          ],
          [
            -90.372013,
            27.103892
          ],
          [
            -90.370561,
            27.106816
          ],
          [
            -90.369109,
            27.10974
          ],
          [
            -90.367656,
            27.112664
          ],
          [
            -90.366204,
            27.115588
          ],
          [
            -90.364752,
            27.118512
          ],
          [
            -90.363299,
            27.121436
          ],
          [
            -90.361847,
            27.12436
          ],
          [
            -90.360395,
            27.127284
          ],
          [
            -90.358942,
            27.130208
          ],
          [
            -90.35749,
            27.133132
          ],
          [
            -90.356037,
            27.136056
          ],
          [
            -90.354585,
            27.13898
          ],
          [
            -90.353132,
            27.141904
          ],
          [
            -90.351679,
            27.144828
          ],
          [
            -90.350227,
            27.147752
          ],
          [
            -90.348774,
            27.150676
          ]
        ]
      },
      "properties": {
        "particle_id": "00260_00608_new_0010_p018_w020",
        "windage_factor": 0.02,
        "initial_point": [
          -90.383629,
          27.080499
        ],
        "terminal_point": [
          -90.348774,
          27.150676
        ],
        "step_count": 24,
        "total_distance_m": 8509.41,
        "net_displacement_m": 8509.41
      }
    },
    {
      "type": "Feature",
      "id": "00260_00608_new_0010_p019_w030",
      "geometry": {
        "type": "LineString",
        "coordinates": [
          [
            -90.382812,
            27.084073
          ],
          [
            -90.381995,
            27.087647
          ],
          [
            -90.381179,
            27.091221
          ],
          [
            -90.380362,
            27.094795
          ],
          [
            -90.379545,
            27.098369
          ],
          [
            -90.378728,
            27.101942
          ],
          [
            -90.377911,
            27.105516
          ],
          [
            -90.377095,
            27.10909
          ],
          [
            -90.376278,
            27.112664
          ],
          [
            -90.375461,
            27.116238
          ],
          [
            -90.374644,
            27.119812
          ],
          [
            -90.373827,
            27.123385
          ],
          [
            -90.37301,
            27.126959
          ],
          [
            -90.372193,
            27.130533
          ],
          [
            -90.371376,
            27.134107
          ],
          [
            -90.370559,
            27.137681
          ],
          [
            -90.369742,
            27.141255
          ],
          [
            -90.368925,
            27.144828
          ],
          [
            -90.368108,
            27.148402
          ],
          [
            -90.36729,
            27.151976
          ],
          [
            -90.366473,
            27.15555
          ],
          [
            -90.365656,
            27.159124
          ],
          [
            -90.364839,
            27.162697
          ],
          [
            -90.364022,
            27.166271
          ]
        ]
      },
      "properties": {
        "particle_id": "00260_00608_new_0010_p019_w030",
        "windage_factor": 0.03,
        "initial_point": [
          -90.383629,
          27.080499
        ],
        "terminal_point": [
          -90.364022,
          27.166271
        ],
        "step_count": 24,
        "total_distance_m": 9700.78,
        "net_displacement_m": 9700.78
      }
    },
    {
      "type": "Feature",
      "id": "00260_00608_new_0010_p020_w040",
      "geometry": {
        "type": "LineString",
        "coordinates": [
          [
            -90.383447,
            27.084723
          ],
          [
            -90.383266,
            27.088947
          ],
          [
            -90.383084,
            27.09317
          ],
          [
            -90.382903,
            27.097394
          ],
          [
            -90.382721,
            27.101617
          ],
          [
            -90.38254,
            27.105841
          ],
          [
            -90.382358,
            27.110065
          ],
          [
            -90.382177,
            27.114288
          ],
          [
            -90.381995,
            27.118512
          ],
          [
            -90.381814,
            27.122736
          ],
          [
            -90.381632,
            27.126959
          ],
          [
            -90.38145,
            27.131183
          ],
          [
            -90.381269,
            27.135406
          ],
          [
            -90.381087,
            27.13963
          ],
          [
            -90.380906,
            27.143854
          ],
          [
            -90.380724,
            27.148077
          ],
          [
            -90.380543,
            27.152301
          ],
          [
            -90.380361,
            27.156524
          ],
          [
            -90.380179,
            27.160748
          ],
          [
            -90.379998,
            27.164972
          ],
          [
            -90.379816,
            27.169195
          ],
          [
            -90.379635,
            27.173419
          ],
          [
            -90.379453,
            27.177642
          ],
          [
            -90.379271,
            27.181866
          ]
        ]
      },
      "properties": {
        "particle_id": "00260_00608_new_0010_p020_w040",
        "windage_factor": 0.04,
        "initial_point": [
          -90.383629,
          27.080499
        ],
        "terminal_point": [
          -90.379271,
          27.181866
        ],
        "step_count": 24,
        "total_distance_m": 11240.3,
        "net_displacement_m": 11240.3
      }
    },
    {
      "type": "Feature",
      "id": "00260_00608_new_0010_p021_w010",
      "geometry": {
        "type": "LineString",
        "coordinates": [
          [
            -90.381721,
            27.082774
          ],
          [
            -90.379634,
            27.085048
          ],
          [
            -90.377547,
            27.087322
          ],
          [
            -90.37546,
            27.089596
          ],
          [
            -90.373373,
            27.091871
          ],
          [
            -90.371286,
            27.094145
          ],
          [
            -90.369198,
            27.096419
          ],
          [
            -90.367111,
            27.098693
          ],
          [
            -90.365024,
            27.100968
          ],
          [
            -90.362936,
            27.103242
          ],
          [
            -90.360849,
            27.105516
          ],
          [
            -90.358761,
            27.10779
          ],
          [
            -90.356674,
            27.110065
          ],
          [
            -90.354586,
            27.112339
          ],
          [
            -90.352498,
            27.114613
          ],
          [
            -90.350411,
            27.116888
          ],
          [
            -90.348323,
            27.119162
          ],
          [
            -90.346235,
            27.121436
          ],
          [
            -90.344148,
            27.12371
          ],
          [
            -90.34206,
            27.125985
          ],
          [
            -90.339972,
            27.128259
          ],
          [
            -90.337884,
            27.130533
          ],
          [
            -90.335796,
            27.132807
          ],
          [
            -90.333708,
            27.135082
          ]
        ]
      },
      "properties": {
        "particle_id": "00260_00608_new_0010_p021_w010",
        "windage_factor": 0.01,
        "initial_point": [
          -90.383808,
          27.080499
        ],
        "terminal_point": [
          -90.333708,
          27.135082
        ],
        "step_count": 24,
        "total_distance_m": 7826.83,
        "net_displacement_m": 7826.83
      }
    },
    {
      "type": "Feature",
      "id": "00260_00608_new_0010_p022_w020",
      "geometry": {
        "type": "LineString",
        "coordinates": [
          [
            -90.382356,
            27.083423
          ],
          [
            -90.380905,
            27.086347
          ],
          [
            -90.379453,
            27.089271
          ],
          [
            -90.378001,
            27.092196
          ],
          [
            -90.376549,
            27.09512
          ],
          [
            -90.375097,
            27.098044
          ],
          [
            -90.373645,
            27.100968
          ],
          [
            -90.372193,
            27.103892
          ],
          [
            -90.37074,
            27.106816
          ],
          [
            -90.369288,
            27.10974
          ],
          [
            -90.367836,
            27.112664
          ],
          [
            -90.366384,
            27.115588
          ],
          [
            -90.364931,
            27.118512
          ],
          [
            -90.363479,
            27.121436
          ],
          [
            -90.362027,
            27.12436
          ],
          [
            -90.360574,
            27.127284
          ],
          [
            -90.359122,
            27.130208
          ],
          [
            -90.357669,
            27.133132
          ],
          [
            -90.356217,
            27.136056
          ],
          [
            -90.354764,
            27.13898
          ],
          [
            -90.353312,
            27.141904
          ],
          [
            -90.351859,
            27.144828
          ],
          [
            -90.350406,
            27.147752
          ],
          [
            -90.348954,
            27.150676
          ]
        ]
      },
      "properties": {
        "particle_id": "00260_00608_new_0010_p022_w020",
        "windage_factor": 0.02,
        "initial_point": [
          -90.383808,
          27.080499
        ],
        "terminal_point": [
          -90.348954,
          27.150676
        ],
        "step_count": 24,
        "total_distance_m": 8509.41,
        "net_displacement_m": 8509.41
      }
    },
    {
      "type": "Feature",
      "id": "00260_00608_new_0010_p023_w030",
      "geometry": {
        "type": "LineString",
        "coordinates": [
          [
            -90.382992,
            27.084073
          ],
          [
            -90.382175,
            27.087647
          ],
          [
            -90.381358,
            27.091221
          ],
          [
            -90.380542,
            27.094795
          ],
          [
            -90.379725,
            27.098369
          ],
          [
            -90.378908,
            27.101942
          ],
          [
            -90.378091,
            27.105516
          ],
          [
            -90.377274,
            27.10909
          ],
          [
            -90.376457,
            27.112664
          ],
          [
            -90.375641,
            27.116238
          ],
          [
            -90.374824,
            27.119812
          ],
          [
            -90.374007,
            27.123385
          ],
          [
            -90.37319,
            27.126959
          ],
          [
            -90.372373,
            27.130533
          ],
          [
            -90.371556,
            27.134107
          ],
          [
            -90.370739,
            27.137681
          ],
          [
            -90.369922,
            27.141255
          ],
          [
            -90.369104,
            27.144828
          ],
          [
            -90.368287,
            27.148402
          ],
          [
            -90.36747,
            27.151976
          ],
          [
            -90.366653,
            27.15555
          ],
          [
            -90.365836,
            27.159124
          ],
          [
            -90.365019,
            27.162697
          ],
          [
            -90.364201,
            27.166271
          ]
        ]
      },
      "properties": {
        "particle_id": "00260_00608_new_0010_p023_w030",
        "windage_factor": 0.03,
        "initial_point": [
          -90.383808,
          27.080499
        ],
        "terminal_point": [
          -90.364201,
          27.166271
        ],
        "step_count": 24,
        "total_distance_m": 9700.78,
        "net_displacement_m": 9700.78
      }
    },
    {
      "type": "Feature",
      "id": "00260_00608_new_0010_p024_w040",
      "geometry": {
        "type": "LineString",
        "coordinates": [
          [
            -90.383627,
            27.084723
          ],
          [
            -90.383445,
            27.088947
          ],
          [
            -90.383264,
            27.09317
          ],
          [
            -90.383082,
            27.097394
          ],
          [
            -90.382901,
            27.101617
          ],
          [
            -90.382719,
            27.105841
          ],
          [
            -90.382538,
            27.110065
          ],
          [
            -90.382356,
            27.114288
          ],
          [
            -90.382175,
            27.118512
          ],
          [
            -90.381993,
            27.122736
          ],
          [
            -90.381812,
            27.126959
          ],
          [
            -90.38163,
            27.131183
          ],
          [
            -90.381449,
            27.135406
          ],
          [
            -90.381267,
            27.13963
          ],
          [
            -90.381085,
            27.143854
          ],
          [
            -90.380904,
            27.148077
          ],
          [
            -90.380722,
            27.152301
          ],
          [
            -90.380541,
            27.156524
          ],
          [
            -90.380359,
            27.160748
          ],
          [
            -90.380177,
            27.164972
          ],
          [
            -90.379996,
            27.169195
          ],
          [
            -90.379814,
            27.173419
          ],
          [
            -90.379633,
            27.177642
          ],
          [
            -90.379451,
            27.181866
          ]
        ]
      },
      "properties": {
        "particle_id": "00260_00608_new_0010_p024_w040",
        "windage_factor": 0.04,
        "initial_point": [
          -90.383808,
          27.080499
        ],
        "terminal_point": [
          -90.379451,
          27.181866
        ],
        "step_count": 24,
        "total_distance_m": 11240.3,
        "net_displacement_m": 11240.3
      }
    },
    {
      "type": "Feature",
      "id": "00260_00608_new_0010_p025_w010",
      "geometry": {
        "type": "LineString",
        "coordinates": [
          [
            -90.381721,
            27.082684
          ],
          [
            -90.379634,
            27.084958
          ],
          [
            -90.377547,
            27.087232
          ],
          [
            -90.37546,
            27.089507
          ],
          [
            -90.373373,
            27.091781
          ],
          [
            -90.371286,
            27.094055
          ],
          [
            -90.369198,
            27.096329
          ],
          [
            -90.367111,
            27.098604
          ],
          [
            -90.365024,
            27.100878
          ],
          [
            -90.362936,
            27.103152
          ],
          [
            -90.360849,
            27.105426
          ],
          [
            -90.358761,
            27.107701
          ],
          [
            -90.356674,
            27.109975
          ],
          [
            -90.354586,
            27.112249
          ],
          [
            -90.352499,
            27.114523
          ],
          [
            -90.350411,
            27.116798
          ],
          [
            -90.348323,
            27.119072
          ],
          [
            -90.346235,
            27.121346
          ],
          [
            -90.344148,
            27.12362
          ],
          [
            -90.34206,
            27.125895
          ],
          [
            -90.339972,
            27.128169
          ],
          [
            -90.337884,
            27.130443
          ],
          [
            -90.335796,
            27.132717
          ],
          [
            -90.333708,
            27.134992
          ]
        ]
      },
      "properties": {
        "particle_id": "00260_00608_new_0010_p025_w010",
        "windage_factor": 0.01,
        "initial_point": [
          -90.383808,
          27.080409
        ],
        "terminal_point": [
          -90.333708,
          27.134992
        ],
        "step_count": 24,
        "total_distance_m": 7826.83,
        "net_displacement_m": 7826.83
      }
    },
    {
      "type": "Feature",
      "id": "00260_00608_new_0010_p026_w020",
      "geometry": {
        "type": "LineString",
        "coordinates": [
          [
            -90.382356,
            27.083334
          ],
          [
            -90.380905,
            27.086258
          ],
          [
            -90.379453,
            27.089182
          ],
          [
            -90.378001,
            27.092106
          ],
          [
            -90.376549,
            27.09503
          ],
          [
            -90.375097,
            27.097954
          ],
          [
            -90.373645,
            27.100878
          ],
          [
            -90.372193,
            27.103802
          ],
          [
            -90.37074,
            27.106726
          ],
          [
            -90.369288,
            27.10965
          ],
          [
            -90.367836,
            27.112574
          ],
          [
            -90.366384,
            27.115498
          ],
          [
            -90.364931,
            27.118422
          ],
          [
            -90.363479,
            27.121346
          ],
          [
            -90.362027,
            27.12427
          ],
          [
            -90.360574,
            27.127194
          ],
          [
            -90.359122,
            27.130118
          ],
          [
            -90.357669,
            27.133042
          ],
          [
            -90.356217,
            27.135966
          ],
          [
            -90.354764,
            27.13889
          ],
          [
            -90.353312,
            27.141814
          ],
          [
            -90.351859,
            27.144739
          ],
          [
            -90.350406,
            27.147663
          ],
          [
            -90.348954,
            27.150587
          ]
        ]
      },
      "properties": {
        "particle_id": "00260_00608_new_0010_p026_w020",
        "windage_factor": 0.02,
        "initial_point": [
          -90.383808,
          27.080409
        ],
        "terminal_point": [
          -90.348954,
          27.150587
        ],
        "step_count": 24,
        "total_distance_m": 8509.41,
        "net_displacement_m": 8509.41
      }
    },
    {
      "type": "Feature",
      "id": "00260_00608_new_0010_p027_w030",
      "geometry": {
        "type": "LineString",
        "coordinates": [
          [
            -90.382992,
            27.083983
          ],
          [
            -90.382175,
            27.087557
          ],
          [
            -90.381358,
            27.091131
          ],
          [
            -90.380542,
            27.094705
          ],
          [
            -90.379725,
            27.098279
          ],
          [
            -90.378908,
            27.101853
          ],
          [
            -90.378091,
            27.105426
          ],
          [
            -90.377274,
            27.109
          ],
          [
            -90.376457,
            27.112574
          ],
          [
            -90.375641,
            27.116148
          ],
          [
            -90.374824,
            27.119722
          ],
          [
            -90.374007,
            27.123296
          ],
          [
            -90.37319,
            27.126869
          ],
          [
            -90.372373,
            27.130443
          ],
          [
            -90.371556,
            27.134017
          ],
          [
            -90.370739,
            27.137591
          ],
          [
            -90.369922,
            27.141165
          ],
          [
            -90.369104,
            27.144739
          ],
          [
            -90.368287,
            27.148312
          ],
          [
            -90.36747,
            27.151886
          ],
          [
            -90.366653,
            27.15546
          ],
          [
            -90.365836,
            27.159034
          ],
          [
            -90.365019,
            27.162608
          ],
          [
            -90.364201,
            27.166181
          ]
        ]
      },
      "properties": {
        "particle_id": "00260_00608_new_0010_p027_w030",
        "windage_factor": 0.03,
        "initial_point": [
          -90.383808,
          27.080409
        ],
        "terminal_point": [
          -90.364201,
          27.166181
        ],
        "step_count": 24,
        "total_distance_m": 9700.78,
        "net_displacement_m": 9700.78
      }
    },
    {
      "type": "Feature",
      "id": "00260_00608_new_0010_p028_w040",
      "geometry": {
        "type": "LineString",
        "coordinates": [
          [
            -90.383627,
            27.084633
          ],
          [
            -90.383445,
            27.088857
          ],
          [
            -90.383264,
            27.09308
          ],
          [
            -90.383082,
            27.097304
          ],
          [
            -90.382901,
            27.101528
          ],
          [
            -90.382719,
            27.105751
          ],
          [
            -90.382538,
            27.109975
          ],
          [
            -90.382356,
            27.114199
          ],
          [
            -90.382175,
            27.118422
          ],
          [
            -90.381993,
            27.122646
          ],
          [
            -90.381812,
            27.126869
          ],
          [
            -90.38163,
            27.131093
          ],
          [
            -90.381449,
            27.135317
          ],
          [
            -90.381267,
            27.13954
          ],
          [
            -90.381085,
            27.143764
          ],
          [
            -90.380904,
            27.147987
          ],
          [
            -90.380722,
            27.152211
          ],
          [
            -90.380541,
            27.156435
          ],
          [
            -90.380359,
            27.160658
          ],
          [
            -90.380177,
            27.164882
          ],
          [
            -90.379996,
            27.169105
          ],
          [
            -90.379814,
            27.173329
          ],
          [
            -90.379633,
            27.177553
          ],
          [
            -90.379451,
            27.181776
          ]
        ]
      },
      "properties": {
        "particle_id": "00260_00608_new_0010_p028_w040",
        "windage_factor": 0.04,
        "initial_point": [
          -90.383808,
          27.080409
        ],
        "terminal_point": [
          -90.379451,
          27.181776
        ],
        "step_count": 24,
        "total_distance_m": 11240.3,
        "net_displacement_m": 11240.3
      }
    },
    {
      "type": "Feature",
      "id": "00260_00608_new_0010_p029_w010",
      "geometry": {
        "type": "LineString",
        "coordinates": [
          [
            -90.381811,
            27.082684
          ],
          [
            -90.379724,
            27.084958
          ],
          [
            -90.377637,
            27.087232
          ],
          [
            -90.37555,
            27.089507
          ],
          [
            -90.373463,
            27.091781
          ],
          [
            -90.371375,
            27.094055
          ],
          [
            -90.369288,
            27.096329
          ],
          [
            -90.367201,
            27.098604
          ],
          [
            -90.365113,
            27.100878
          ],
          [
            -90.363026,
            27.103152
          ],
          [
            -90.360939,
            27.105426
          ],
          [
            -90.358851,
            27.107701
          ],
          [
            -90.356764,
            27.109975
          ],
          [
            -90.354676,
            27.112249
          ],
          [
            -90.352588,
            27.114523
          ],
          [
            -90.350501,
            27.116798
          ],
          [
            -90.348413,
            27.119072
          ],
          [
            -90.346325,
            27.121346
          ],
          [
            -90.344237,
            27.12362
          ],
          [
            -90.34215,
            27.125895
          ],
          [
            -90.340062,
            27.128169
          ],
          [
            -90.337974,
            27.130443
          ],
          [
            -90.335886,
            27.132717
          ],
          [
            -90.333798,
            27.134992
          ]
        ]
      },
      "properties": {
        "particle_id": "00260_00608_new_0010_p029_w010",
        "windage_factor": 0.01,
        "initial_point": [
          -90.383898,
          27.080409
        ],
        "terminal_point": [
          -90.333798,
          27.134992
        ],
        "step_count": 24,
        "total_distance_m": 7826.83,
        "net_displacement_m": 7826.83
      }
    },
    {
      "type": "Feature",
      "id": "00260_00608_new_0010_p030_w020",
      "geometry": {
        "type": "LineString",
        "coordinates": [
          [
            -90.382446,
            27.083334
          ],
          [
            -90.380994,
            27.086258
          ],
          [
            -90.379543,
            27.089182
          ],
          [
            -90.378091,
            27.092106
          ],
          [
            -90.376639,
            27.09503
          ],
          [
            -90.375187,
            27.097954
          ],
          [
            -90.373734,
            27.100878
          ],
          [
            -90.372282,
            27.103802
          ],
          [
            -90.37083,
            27.106726
          ],
          [
            -90.369378,
            27.10965
          ],
          [
            -90.367926,
            27.112574
          ],
          [
            -90.366474,
            27.115498
          ],
          [
            -90.365021,
            27.118422
          ],
          [
            -90.363569,
            27.121346
          ],
          [
            -90.362117,
            27.12427
          ],
          [
            -90.360664,
            27.127194
          ],
          [
            -90.359212,
            27.130118
          ],
          [
            -90.357759,
            27.133042
          ],
          [
            -90.356307,
            27.135966
          ],
          [
            -90.354854,
            27.13889
          ],
          [
            -90.353402,
            27.141814
          ],
          [
            -90.351949,
            27.144739
          ],
          [
            -90.350496,
            27.147663
          ],
          [
            -90.349043,
            27.150587
          ]
        ]
      },
      "properties": {
        "particle_id": "00260_00608_new_0010_p030_w020",
        "windage_factor": 0.02,
        "initial_point": [
          -90.383898,
          27.080409
        ],
        "terminal_point": [
          -90.349043,
          27.150587
        ],
        "step_count": 24,
        "total_distance_m": 8509.41,
        "net_displacement_m": 8509.41
      }
    },
    {
      "type": "Feature",
      "id": "00260_00608_new_0010_p031_w030",
      "geometry": {
        "type": "LineString",
        "coordinates": [
          [
            -90.383081,
            27.083983
          ],
          [
            -90.382265,
            27.087557
          ],
          [
            -90.381448,
            27.091131
          ],
          [
            -90.380631,
            27.094705
          ],
          [
            -90.379815,
            27.098279
          ],
          [
            -90.378998,
            27.101853
          ],
          [
            -90.378181,
            27.105426
          ],
          [
            -90.377364,
            27.109
          ],
          [
            -90.376547,
            27.112574
          ],
          [
            -90.37573,
            27.116148
          ],
          [
            -90.374913,
            27.119722
          ],
          [
            -90.374096,
            27.123296
          ],
          [
            -90.37328,
            27.126869
          ],
          [
            -90.372463,
            27.130443
          ],
          [
            -90.371645,
            27.134017
          ],
          [
            -90.370828,
            27.137591
          ],
          [
            -90.370011,
            27.141165
          ],
          [
            -90.369194,
            27.144739
          ],
          [
            -90.368377,
            27.148312
          ],
          [
            -90.36756,
            27.151886
          ],
          [
            -90.366743,
            27.15546
          ],
          [
            -90.365926,
            27.159034
          ],
          [
            -90.365108,
            27.162608
          ],
          [
            -90.364291,
            27.166181
          ]
        ]
      },
      "properties": {
        "particle_id": "00260_00608_new_0010_p031_w030",
        "windage_factor": 0.03,
        "initial_point": [
          -90.383898,
          27.080409
        ],
        "terminal_point": [
          -90.364291,
          27.166181
        ],
        "step_count": 24,
        "total_distance_m": 9700.78,
        "net_displacement_m": 9700.78
      }
    },
    {
      "type": "Feature",
      "id": "00260_00608_new_0010_p032_w040",
      "geometry": {
        "type": "LineString",
        "coordinates": [
          [
            -90.383717,
            27.084633
          ],
          [
            -90.383535,
            27.088857
          ],
          [
            -90.383354,
            27.09308
          ],
          [
            -90.383172,
            27.097304
          ],
          [
            -90.382991,
            27.101528
          ],
          [
            -90.382809,
            27.105751
          ],
          [
            -90.382628,
            27.109975
          ],
          [
            -90.382446,
            27.114199
          ],
          [
            -90.382265,
            27.118422
          ],
          [
            -90.382083,
            27.122646
          ],
          [
            -90.381901,
            27.126869
          ],
          [
            -90.38172,
            27.131093
          ],
          [
            -90.381538,
            27.135317
          ],
          [
            -90.381357,
            27.13954
          ],
          [
            -90.381175,
            27.143764
          ],
          [
            -90.380994,
            27.147987
          ],
          [
            -90.380812,
            27.152211
          ],
          [
            -90.38063,
            27.156435
          ],
          [
            -90.380449,
            27.160658
          ],
          [
            -90.380267,
            27.164882
          ],
          [
            -90.380086,
            27.169105
          ],
          [
            -90.379904,
            27.173329
          ],
          [
            -90.379722,
            27.177553
          ],
          [
            -90.379541,
            27.181776
          ]
        ]
      },
      "properties": {
        "particle_id": "00260_00608_new_0010_p032_w040",
        "windage_factor": 0.04,
        "initial_point": [
          -90.383898,
          27.080409
        ],
        "terminal_point": [
          -90.379541,
          27.181776
        ],
        "step_count": 24,
        "total_distance_m": 11240.3,
        "net_displacement_m": 11240.3
      }
    },
    {
      "type": "Feature",
      "id": "00260_00608_new_0010_p033_w010",
      "geometry": {
        "type": "LineString",
        "coordinates": [
          [
            -90.381811,
            27.082774
          ],
          [
            -90.379724,
            27.085048
          ],
          [
            -90.377637,
            27.087322
          ],
          [
            -90.37555,
            27.089596
          ],
          [
            -90.373463,
            27.091871
          ],
          [
            -90.371375,
            27.094145
          ],
          [
            -90.369288,
            27.096419
          ],
          [
            -90.367201,
            27.098693
          ],
          [
            -90.365113,
            27.100968
          ],
          [
            -90.363026,
            27.103242
          ],
          [
            -90.360939,
            27.105516
          ],
          [
            -90.358851,
            27.10779
          ],
          [
            -90.356764,
            27.110065
          ],
          [
            -90.354676,
            27.112339
          ],
          [
            -90.352588,
            27.114613
          ],
          [
            -90.350501,
            27.116888
          ],
          [
            -90.348413,
            27.119162
          ],
          [
            -90.346325,
            27.121436
          ],
          [
            -90.344237,
            27.12371
          ],
          [
            -90.34215,
            27.125985
          ],
          [
            -90.340062,
            27.128259
          ],
          [
            -90.337974,
            27.130533
          ],
          [
            -90.335886,
            27.132807
          ],
          [
            -90.333798,
            27.135082
          ]
        ]
      },
      "properties": {
        "particle_id": "00260_00608_new_0010_p033_w010",
        "windage_factor": 0.01,
        "initial_point": [
          -90.383898,
          27.080499
        ],
        "terminal_point": [
          -90.333798,
          27.135082
        ],
        "step_count": 24,
        "total_distance_m": 7826.83,
        "net_displacement_m": 7826.83
      }
    },
    {
      "type": "Feature",
      "id": "00260_00608_new_0010_p034_w020",
      "geometry": {
        "type": "LineString",
        "coordinates": [
          [
            -90.382446,
            27.083423
          ],
          [
            -90.380994,
            27.086347
          ],
          [
            -90.379543,
            27.089271
          ],
          [
            -90.378091,
            27.092196
          ],
          [
            -90.376639,
            27.09512
          ],
          [
            -90.375187,
            27.098044
          ],
          [
            -90.373734,
            27.100968
          ],
          [
            -90.372282,
            27.103892
          ],
          [
            -90.37083,
            27.106816
          ],
          [
            -90.369378,
            27.10974
          ],
          [
            -90.367926,
            27.112664
          ],
          [
            -90.366474,
            27.115588
          ],
          [
            -90.365021,
            27.118512
          ],
          [
            -90.363569,
            27.121436
          ],
          [
            -90.362117,
            27.12436
          ],
          [
            -90.360664,
            27.127284
          ],
          [
            -90.359212,
            27.130208
          ],
          [
            -90.357759,
            27.133132
          ],
          [
            -90.356307,
            27.136056
          ],
          [
            -90.354854,
            27.13898
          ],
          [
            -90.353401,
            27.141904
          ],
          [
            -90.351949,
            27.144828
          ],
          [
            -90.350496,
            27.147752
          ],
          [
            -90.349043,
            27.150676
          ]
        ]
      },
      "properties": {
        "particle_id": "00260_00608_new_0010_p034_w020",
        "windage_factor": 0.02,
        "initial_point": [
          -90.383898,
          27.080499
        ],
        "terminal_point": [
          -90.349043,
          27.150676
        ],
        "step_count": 24,
        "total_distance_m": 8509.41,
        "net_displacement_m": 8509.41
      }
    },
    {
      "type": "Feature",
      "id": "00260_00608_new_0010_p035_w030",
      "geometry": {
        "type": "LineString",
        "coordinates": [
          [
            -90.383081,
            27.084073
          ],
          [
            -90.382265,
            27.087647
          ],
          [
            -90.381448,
            27.091221
          ],
          [
            -90.380631,
            27.094795
          ],
          [
            -90.379815,
            27.098369
          ],
          [
            -90.378998,
            27.101942
          ],
          [
            -90.378181,
            27.105516
          ],
          [
            -90.377364,
            27.10909
          ],
          [
            -90.376547,
            27.112664
          ],
          [
            -90.37573,
            27.116238
          ],
          [
            -90.374913,
            27.119812
          ],
          [
            -90.374096,
            27.123385
          ],
          [
            -90.37328,
            27.126959
          ],
          [
            -90.372463,
            27.130533
          ],
          [
            -90.371645,
            27.134107
          ],
          [
            -90.370828,
            27.137681
          ],
          [
            -90.370011,
            27.141255
          ],
          [
            -90.369194,
            27.144828
          ],
          [
            -90.368377,
            27.148402
          ],
          [
            -90.36756,
            27.151976
          ],
          [
            -90.366743,
            27.15555
          ],
          [
            -90.365926,
            27.159124
          ],
          [
            -90.365108,
            27.162697
          ],
          [
            -90.364291,
            27.166271
          ]
        ]
      },
      "properties": {
        "particle_id": "00260_00608_new_0010_p035_w030",
        "windage_factor": 0.03,
        "initial_point": [
          -90.383898,
          27.080499
        ],
        "terminal_point": [
          -90.364291,
          27.166271
        ],
        "step_count": 24,
        "total_distance_m": 9700.78,
        "net_displacement_m": 9700.78
      }
    },
    {
      "type": "Feature",
      "id": "00260_00608_new_0010_p036_w040",
      "geometry": {
        "type": "LineString",
        "coordinates": [
          [
            -90.383717,
            27.084723
          ],
          [
            -90.383535,
            27.088947
          ],
          [
            -90.383354,
            27.09317
          ],
          [
            -90.383172,
            27.097394
          ],
          [
            -90.382991,
            27.101617
          ],
          [
            -90.382809,
            27.105841
          ],
          [
            -90.382628,
            27.110065
          ],
          [
            -90.382446,
            27.114288
          ],
          [
            -90.382265,
            27.118512
          ],
          [
            -90.382083,
            27.122736
          ],
          [
            -90.381901,
            27.126959
          ],
          [
            -90.38172,
            27.131183
          ],
          [
            -90.381538,
            27.135406
          ],
          [
            -90.381357,
            27.13963
          ],
          [
            -90.381175,
            27.143854
          ],
          [
            -90.380994,
            27.148077
          ],
          [
            -90.380812,
            27.152301
          ],
          [
            -90.38063,
            27.156524
          ],
          [
            -90.380449,
            27.160748
          ],
          [
            -90.380267,
            27.164972
          ],
          [
            -90.380086,
            27.169195
          ],
          [
            -90.379904,
            27.173419
          ],
          [
            -90.379722,
            27.177642
          ],
          [
            -90.379541,
            27.181866
          ]
        ]
      },
      "properties": {
        "particle_id": "00260_00608_new_0010_p036_w040",
        "windage_factor": 0.04,
        "initial_point": [
          -90.383898,
          27.080499
        ],
        "terminal_point": [
          -90.379541,
          27.181866
        ],
        "step_count": 24,
        "total_distance_m": 11240.3,
        "net_displacement_m": 11240.3
      }
    },
    {
      "type": "Feature",
      "id": "00260_00608_new_0010_p037_w010",
      "geometry": {
        "type": "LineString",
        "coordinates": [
          [
            -90.38217,
            27.082774
          ],
          [
            -90.380083,
            27.085048
          ],
          [
            -90.377996,
            27.087322
          ],
          [
            -90.375909,
            27.089596
          ],
          [
            -90.373822,
            27.091871
          ],
          [
            -90.371735,
            27.094145
          ],
          [
            -90.369647,
            27.096419
          ],
          [
            -90.36756,
            27.098693
          ],
          [
            -90.365473,
            27.100968
          ],
          [
            -90.363385,
            27.103242
          ],
          [
            -90.361298,
            27.105516
          ],
          [
            -90.35921,
            27.10779
          ],
          [
            -90.357123,
            27.110065
          ],
          [
            -90.355035,
            27.112339
          ],
          [
            -90.352948,
            27.114613
          ],
          [
            -90.35086,
            27.116888
          ],
          [
            -90.348772,
            27.119162
          ],
          [
            -90.346685,
            27.121436
          ],
          [
            -90.344597,
            27.12371
          ],
          [
            -90.342509,
            27.125985
          ],
          [
            -90.340421,
            27.128259
          ],
          [
            -90.338333,
            27.130533
          ],
          [
            -90.336245,
            27.132807
          ],
          [
            -90.334157,
            27.135082
          ]
        ]
      },
      "properties": {
        "particle_id": "00260_00608_new_0010_p037_w010",
        "windage_factor": 0.01,
        "initial_point": [
          -90.384257,
          27.080499
        ],
        "terminal_point": [
          -90.334157,
          27.135082
        ],
        "step_count": 24,
        "total_distance_m": 7826.83,
        "net_displacement_m": 7826.83
      }
    },
    {
      "type": "Feature",
      "id": "00260_00608_new_0010_p038_w020",
      "geometry": {
        "type": "LineString",
        "coordinates": [
          [
            -90.382806,
            27.083423
          ],
          [
            -90.381354,
            27.086347
          ],
          [
            -90.379902,
            27.089271
          ],
          [
            -90.37845,
            27.092196
          ],
          [
            -90.376998,
            27.09512
          ],
          [
            -90.375546,
            27.098044
          ],
          [
            -90.374094,
            27.100968
          ],
          [
            -90.372642,
            27.103892
          ],
          [
            -90.37119,
            27.106816
          ],
          [
            -90.369737,
            27.10974
          ],
          [
            -90.368285,
            27.112664
          ],
          [
            -90.366833,
            27.115588
          ],
          [
            -90.365381,
            27.118512
          ],
          [
            -90.363928,
            27.121436
          ],
          [
            -90.362476,
            27.12436
          ],
          [
            -90.361023,
            27.127284
          ],
          [
            -90.359571,
            27.130208
          ],
          [
            -90.358118,
            27.133132
          ],
          [
            -90.356666,
            27.136056
          ],
          [
            -90.355213,
            27.13898
          ],
          [
            -90.353761,
            27.141904
          ],
          [
            -90.352308,
            27.144828
          ],
          [
            -90.350855,
            27.147752
          ],
          [
            -90.349403,
            27.150676
          ]
        ]
      },
      "properties": {
        "particle_id": "00260_00608_new_0010_p038_w020",
        "windage_factor": 0.02,
        "initial_point": [
          -90.384257,
          27.080499
        ],
        "terminal_point": [
          -90.349403,
          27.150676
        ],
        "step_count": 24,
        "total_distance_m": 8509.41,
        "net_displacement_m": 8509.41
      }
    },
    {
      "type": "Feature",
      "id": "00260_00608_new_0010_p039_w030",
      "geometry": {
        "type": "LineString",
        "coordinates": [
          [
            -90.383441,
            27.084073
          ],
          [
            -90.382624,
            27.087647
          ],
          [
            -90.381807,
            27.091221
          ],
          [
            -90.380991,
            27.094795
          ],
          [
            -90.380174,
            27.098369
          ],
          [
            -90.379357,
            27.101942
          ],
          [
            -90.37854,
            27.105516
          ],
          [
            -90.377723,
            27.10909
          ],
          [
            -90.376907,
            27.112664
          ],
          [
            -90.37609,
            27.116238
          ],
          [
            -90.375273,
            27.119812
          ],
          [
            -90.374456,
            27.123385
          ],
          [
            -90.373639,
            27.126959
          ],
          [
            -90.372822,
            27.130533
          ],
          [
            -90.372005,
            27.134107
          ],
          [
            -90.371188,
            27.137681
          ],
          [
            -90.370371,
            27.141255
          ],
          [
            -90.369554,
            27.144828
          ],
          [
            -90.368736,
            27.148402
          ],
          [
            -90.367919,
            27.151976
          ],
          [
            -90.367102,
            27.15555
          ],
          [
            -90.366285,
            27.159124
          ],
          [
            -90.365468,
            27.162697
          ],
          [
            -90.36465,
            27.166271
          ]
        ]
      },
      "properties": {
        "particle_id": "00260_00608_new_0010_p039_w030",
        "windage_factor": 0.03,
        "initial_point": [
          -90.384257,
          27.080499
        ],
        "terminal_point": [
          -90.36465,
          27.166271
        ],
        "step_count": 24,
        "total_distance_m": 9700.78,
        "net_displacement_m": 9700.78
      }
    },
    {
      "type": "Feature",
      "id": "00260_00608_new_0010_p040_w040",
      "geometry": {
        "type": "LineString",
        "coordinates": [
          [
            -90.384076,
            27.084723
          ],
          [
            -90.383895,
            27.088947
          ],
          [
            -90.383713,
            27.09317
          ],
          [
            -90.383532,
            27.097394
          ],
          [
            -90.38335,
            27.101617
          ],
          [
            -90.383168,
            27.105841
          ],
          [
            -90.382987,
            27.110065
          ],
          [
            -90.382805,
            27.114288
          ],
          [
            -90.382624,
            27.118512
          ],
          [
            -90.382442,
            27.122736
          ],
          [
            -90.382261,
            27.126959
          ],
          [
            -90.382079,
            27.131183
          ],
          [
            -90.381898,
            27.135406
          ],
          [
            -90.381716,
            27.13963
          ],
          [
            -90.381535,
            27.143854
          ],
          [
            -90.381353,
            27.148077
          ],
          [
            -90.381171,
            27.152301
          ],
          [
            -90.38099,
            27.156524
          ],
          [
            -90.380808,
            27.160748
          ],
          [
            -90.380627,
            27.164972
          ],
          [
            -90.380445,
            27.169195
          ],
          [
            -90.380263,
            27.173419
          ],
          [
            -90.380082,
            27.177642
          ],
          [
            -90.3799,
            27.181866
          ]
        ]
      },
      "properties": {
        "particle_id": "00260_00608_new_0010_p040_w040",
        "windage_factor": 0.04,
        "initial_point": [
          -90.384257,
          27.080499
        ],
        "terminal_point": [
          -90.3799,
          27.181866
        ],
        "step_count": 24,
        "total_distance_m": 11240.3,
        "net_displacement_m": 11240.3
      }
    },
    {
      "type": "Feature",
      "id": "00260_00608_new_0010_trajectory_envelope",
      "geometry": {
        "type": "Polygon",
        "coordinates": [
          [
            [
              -90.36837526644393,
              27.062182642869054
            ],
            [
              -90.38425748066716,
              27.080499291512254
            ],
            [
              -90.40517026048147,
              27.11040420732059
            ],
            [
              -90.404989,
              27.114628
            ],
            [
              -90.404263,
              27.131522
            ],
            [
              -90.403355,
              27.15264
            ],
            [
              -90.402447,
              27.173758
            ],
            [
              -90.401902,
              27.186429
            ],
            [
              -90.401357,
              27.1991
            ],
            [
              -90.400812,
              27.211771
            ],
            [
              -90.385558,
              27.196176
            ],
            [
              -90.370306,
              27.180581
            ],
            [
              -90.355057,
              27.164986
            ],
            [
              -90.336299,
              27.140982
            ],
            [
              -90.318283,
              27.116765
            ],
            [
              -90.36837526644393,
              27.062182642869054
            ]
          ]
        ]
      },
      "properties": {
        "feature_type": "trajectory_envelope",
        "area_m2": 75880792.58,
        "area_km2": 75.880793
      }
    }
  ]
}