{
  "type": "FeatureCollection",
  "name": "ocean_sentinel_origin_drift",
  "metadata": {
    "mode": "DEMO",
    "direction": "BACKWARD",
    "event_id": "00260_00608_new_0010",
    "observation_time": "2024-05-13T00:00:00+00:00",
    "timestamp_provenance": "EXTERNALLY_SUPPLIED_TEST_TIMESTAMP",
    "forcing_source": "synthetic_deterministic_fixture",
    "is_authoritative": false,
    "generated_timestamp_utc": "2026-09-20T17:23:37.803629+00:00"
  },
  "features": [
    {
      "type": "Feature",
      "id": "00260_00608_new_0010_observation",
      "geometry": {
        "type": "Polygon",
        "coordinates": [
          [
            [
              -90.38362865996828,
              27.080499291512254
            ],
            [
              -90.38380832302511,
              27.080499291512254
            ],
            [
              -90.38380832302511,
              27.08040945998384
            ],
            [
              -90.38389815455352,
              27.08040945998384
            ],
            [
              -90.38389815455352,
              27.080499291512254
            ],
            [
              -90.38425748066716,
              27.080499291512254
            ],
            [
              -90.38425748066716,
              27.080589123040664
            ],
            [
              -90.38434731219557,
              27.080589123040664
            ],
            [
              -90.38434731219557,
              27.080678954569077
            ],
            [
              -90.38443714372399,
              27.080678954569077
            ],
            [
              -90.38443714372399,
              27.08076878609749
            ],
            [
              -90.38461680678081,
              27.08076878609749
            ],
            [
              -90.38461680678081,
              27.0808586176259
            ],
            [
              -90.38470663830923,
              27.0808586176259
            ],
            [
              -90.38470663830923,
              27.080948449154313
            ],
            [
              -90.38479646983764,
              27.080948449154313
            ],
            [
              -90.38479646983764,
              27.081128112211136
            ],
            [
              -90.38497613289447,
              27.081128112211136
            ],
            [
              -90.38497613289447,
              27.08121794373955
            ],
            [
              -90.38506596442288,
              27.08121794373955
            ],
            [
              -90.38506596442288,
              27.08130777526796
            ],
            [
              -90.38524562747969,
              27.08130777526796
            ],
            [
              -90.38524562747969,
              27.081487438324785
            ],
            [
              -90.3853354590081,
              27.081487438324785
            ],
            [
              -90.3853354590081,
              27.081577269853195
            ],
            [
              -90.38551512206493,
              27.081577269853195
            ],
            [
              -90.38551512206493,
              27.08166710138161
            ],
            [
              -90.38569478512176,
              27.08166710138161
            ],
            [
              -90.38569478512176,
              27.08175693291002
            ],
            [
              -90.38587444817858,
              27.08175693291002
            ],
            [
              -90.38587444817858,
              27.08184676443843
            ],
            [
              -90.38605411123541,
              27.08184676443843
            ],
            [
              -90.38605411123541,
              27.081936595966845
            ],
            [
              -90.38614394276382,
              27.081936595966845
            ],
            [
              -90.38614394276382,
              27.082026427495254
            ],
            [
              -90.38623377429222,
              27.082026427495254
            ],
            [
              -90.38623377429222,
              27.08220609055208
            ],
            [
              -90.38632360582064,
              27.08220609055208
            ],
            [
              -90.38632360582064,
              27.08229592208049
            ],
            [
              -90.38641343734905,
              27.08229592208049
            ],
            [
              -90.38641343734905,
              27.082385753608904
            ],
            [
              -90.38632360582064,
              27.082385753608904
            ],
            [
              -90.38632360582064,
              27.082565416665727
            ],
            [
              -90.38641343734905,
              27.082565416665727
            ],
            [
              -90.38641343734905,
              27.082834911250963
            ],
            [
              -90.38632360582064,
              27.082834911250963
            ],
            [
              -90.38632360582064,
              27.082924742779376
            ],
            [
              -90.38641343734905,
              27.082924742779376
            ],
            [
              -90.38641343734905,
              27.083194237364612
            ],
            [
              -90.38632360582064,
              27.083194237364612
            ],
            [
              -90.38632360582064,
              27.083284068893022
            ],
            [
              -90.38641343734905,
              27.083284068893022
            ],
            [
              -90.38641343734905,
              27.08346373194985
            ],
            [
              -90.38650326887746,
              27.08346373194985
            ],
            [
              -90.38650326887746,
              27.083373900421435
            ],
            [
              -90.38668293193429,
              27.083373900421435
            ],
            [
              -90.38668293193429,
              27.083284068893022
            ],
            [
              -90.38722192110475,
              27.083284068893022
            ],
            [
              -90.38722192110475,
              27.083373900421435
            ],
            [
              -90.38740158416158,
              27.083373900421435
            ],
            [
              -90.38740158416158,
              27.08346373194985
            ],
            [
              -90.38749141569,
              27.08346373194985
            ],
            [
              -90.38749141569,
              27.083733226535085
            ],
            [
              -90.3875812472184,
              27.083733226535085
            ],
            [
              -90.3875812472184,
              27.08409255264873
            ],
            [
              -90.38767107874682,
              27.08409255264873
            ],
            [
              -90.38767107874682,
              27.084272215705553
            ],
            [
              -90.3875812472184,
              27.084272215705553
            ],
            [
              -90.3875812472184,
              27.084362047233967
            ],
            [
              -90.38767107874682,
              27.084362047233967
            ],
            [
              -90.38767107874682,
              27.084990867932852
            ],
            [
              -90.3875812472184,
              27.084990867932852
            ],
            [
              -90.3875812472184,
              27.085080699461262
            ],
            [
              -90.38767107874682,
              27.085080699461262
            ],
            [
              -90.38767107874682,
              27.085170530989675
            ],
            [
              -90.3875812472184,
              27.085170530989675
            ],
            [
              -90.3875812472184,
              27.085260362518085
            ],
            [
              -90.38749141569,
              27.085260362518085
            ],
            [
              -90.38749141569,
              27.085350194046498
            ],
            [
              -90.3875812472184,
              27.085350194046498
            ],
            [
              -90.3875812472184,
              27.08552985710332
            ],
            [
              -90.38767107874682,
              27.08552985710332
            ],
            [
              -90.38767107874682,
              27.085619688631734
            ],
            [
              -90.38776091027523,
              27.085619688631734
            ],
            [
              -90.38776091027523,
              27.085709520160147
            ],
            [
              -90.38767107874682,
              27.085709520160147
            ],
            [
              -90.38767107874682,
              27.085799351688557
            ],
            [
              -90.38776091027523,
              27.085799351688557
            ],
            [
              -90.38776091027523,
              27.08588918321697
            ],
            [
              -90.38785074180365,
              27.08588918321697
            ],
            [
              -90.38785074180365,
              27.086158677802207
            ],
            [
              -90.38803040486047,
              27.086158677802207
            ],
            [
              -90.38803040486047,
              27.086248509330616
            ],
            [
              -90.38821006791729,
              27.086248509330616
            ],
            [
              -90.38821006791729,
              27.086428172387443
            ],
            [
              -90.3882998994457,
              27.086428172387443
            ],
            [
              -90.3882998994457,
              27.086518003915852
            ],
            [
              -90.38856939403094,
              27.086518003915852
            ],
            [
              -90.38856939403094,
              27.08669766697268
            ],
            [
              -90.38865922555935,
              27.08669766697268
            ],
            [
              -90.38865922555935,
              27.08678749850109
            ],
            [
              -90.38874905708776,
              27.08678749850109
            ],
            [
              -90.38874905708776,
              27.086877330029502
            ],
            [
              -90.38883888861618,
              27.086877330029502
            ],
            [
              -90.38883888861618,
              27.086967161557915
            ],
            [
              -90.38892872014459,
              27.086967161557915
            ],
            [
              -90.38892872014459,
              27.087236656143148
            ],
            [
              -90.38910838320142,
              27.087236656143148
            ],
            [
              -90.38910838320142,
              27.087506150728384
            ],
            [
              -90.38919821472982,
              27.087506150728384
            ],
            [
              -90.38919821472982,
              27.087595982256797
            ],
            [
              -90.38928804625823,
              27.087595982256797
            ],
            [
              -90.38928804625823,
              27.08768581378521
            ],
            [
              -90.38937787778664,
              27.08768581378521
            ],
            [
              -90.38937787778664,
              27.087865476842033
            ],
            [
              -90.38946770931506,
              27.087865476842033
            ],
            [
              -90.38946770931506,
              27.087955308370447
            ],
            [
              -90.38955754084347,
              27.087955308370447
            ],
            [
              -90.38955754084347,
              27.088045139898856
            ],
            [
              -90.38964737237188,
              27.088045139898856
            ],
            [
              -90.38964737237188,
              27.08822480295568
            ],
            [
              -90.38982703542871,
              27.08822480295568
            ],
            [
              -90.38982703542871,
              27.088314634484092
            ],
            [
              -90.39000669848554,
              27.088314634484092
            ],
            [
              -90.39000669848554,
              27.088404466012506
            ],
            [
              -90.39009653001395,
              27.088404466012506
            ],
            [
              -90.39009653001395,
              27.088494297540915
            ],
            [
              -90.39027619307076,
              27.088494297540915
            ],
            [
              -90.39027619307076,
              27.088673960597742
            ],
            [
              -90.39036602459917,
              27.088673960597742
            ],
            [
              -90.39036602459917,
              27.08876379212615
            ],
            [
              -90.39045585612759,
              27.08876379212615
            ],
            [
              -90.39045585612759,
              27.088853623654565
            ],
            [
              -90.39036602459917,
              27.088853623654565
            ],
            [
              -90.39036602459917,
              27.088943455182978
            ],
            [
              -90.39045585612759,
              27.088943455182978
            ],
            [
              -90.39045585612759,
              27.089033286711388
            ],
            [
              -90.390545687656,
              27.089033286711388
            ],
            [
              -90.390545687656,
              27.0891231182398
            ],
            [
              -90.39072535071283,
              27.0891231182398
            ],
            [
              -90.39072535071283,
              27.089392612825037
            ],
            [
              -90.39108467682648,
              27.089392612825037
            ],
            [
              -90.39108467682648,
              27.089482444353447
            ],
            [
              -90.39117450835488,
              27.089482444353447
            ],
            [
              -90.39117450835488,
              27.08957227588186
            ],
            [
              -90.39108467682648,
              27.08957227588186
            ],
            [
              -90.39108467682648,
              27.089751938938683
            ],
            [
              -90.39117450835488,
              27.089751938938683
            ],
            [
              -90.39117450835488,
              27.089841770467096
            ],
            [
              -90.39126433988329,
              27.089841770467096
            ],
            [
              -90.39126433988329,
              27.08993160199551
            ],
            [
              -90.3913541714117,
              27.08993160199551
            ],
            [
              -90.3913541714117,
              27.090111265052332
            ],
            [
              -90.39162366599695,
              27.090111265052332
            ],
            [
              -90.39162366599695,
              27.090290928109155
            ],
            [
              -90.39171349752536,
              27.090290928109155
            ],
            [
              -90.39171349752536,
              27.090470591165978
            ],
            [
              -90.39180332905377,
              27.090470591165978
            ],
            [
              -90.39180332905377,
              27.09056042269439
            ],
            [
              -90.3919829921106,
              27.09056042269439
            ],
            [
              -90.3919829921106,
              27.090650254222805
            ],
            [
              -90.39207282363901,
              27.090650254222805
            ],
            [
              -90.39207282363901,
              27.09056042269439
            ],
            [
              -90.39216265516741,
              27.09056042269439
            ],
            [
              -90.39216265516741,
              27.09100958033645
            ],
            [
              -90.39225248669582,
              27.09100958033645
            ],
            [
              -90.39225248669582,
              27.091099411864864
            ],
            [
              -90.39234231822424,
              27.091099411864864
            ],
            [
              -90.39234231822424,
              27.091279074921687
            ],
            [
              -90.39252198128106,
              27.091279074921687
            ],
            [
              -90.39252198128106,
              27.09145873797851
            ],
            [
              -90.39261181280948,
              27.09145873797851
            ],
            [
              -90.39261181280948,
              27.091548569506923
            ],
            [
              -90.39270164433789,
              27.091548569506923
            ],
            [
              -90.39270164433789,
              27.091638401035336
            ],
            [
              -90.39288130739472,
              27.091638401035336
            ],
            [
              -90.39288130739472,
              27.091907895620572
            ],
            [
              -90.39297113892313,
              27.091907895620572
            ],
            [
              -90.39297113892313,
              27.091997727148982
            ],
            [
              -90.39306097045154,
              27.091997727148982
            ],
            [
              -90.39306097045154,
              27.092087558677395
            ],
            [
              -90.39315080197994,
              27.092087558677395
            ],
            [
              -90.39315080197994,
              27.092177390205805
            ],
            [
              -90.39333046503677,
              27.092177390205805
            ],
            [
              -90.39333046503677,
              27.092267221734218
            ],
            [
              -90.39342029656518,
              27.092267221734218
            ],
            [
              -90.39342029656518,
              27.09235705326263
            ],
            [
              -90.39359995962201,
              27.09235705326263
            ],
            [
              -90.39359995962201,
              27.09244688479104
            ],
            [
              -90.39386945420725,
              27.09244688479104
            ],
            [
              -90.39386945420725,
              27.092536716319454
            ],
            [
              -90.39404911726407,
              27.092536716319454
            ],
            [
              -90.39404911726407,
              27.092626547847868
            ],
            [
              -90.39413894879247,
              27.092626547847868
            ],
            [
              -90.39413894879247,
              27.092716379376277
            ],
            [
              -90.3943186118493,
              27.092716379376277
            ],
            [
              -90.3943186118493,
              27.092896042433104
            ],
            [
              -90.39440844337771,
              27.092896042433104
            ],
            [
              -90.39440844337771,
              27.092985873961513
            ],
            [
              -90.39449827490613,
              27.092985873961513
            ],
            [
              -90.39449827490613,
              27.093075705489927
            ],
            [
              -90.39458810643454,
              27.093075705489927
            ],
            [
              -90.39458810643454,
              27.093435031603573
            ],
            [
              -90.39467793796295,
              27.093435031603573
            ],
            [
              -90.39467793796295,
              27.093524863131986
            ],
            [
              -90.39458810643454,
              27.093524863131986
            ],
            [
              -90.39458810643454,
              27.09370452618881
            ],
            [
              -90.39467793796295,
              27.09370452618881
            ],
            [
              -90.39467793796295,
              27.093974020774045
            ],
            [
              -90.39476776949137,
              27.093974020774045
            ],
            [
              -90.39476776949137,
              27.094153683830868
            ],
            [
              -90.39485760101978,
              27.094153683830868
            ],
            [
              -90.39485760101978,
              27.09424351535928
            ],
            [
              -90.3949474325482,
              27.09424351535928
            ],
            [
              -90.3949474325482,
              27.094153683830868
            ],
            [
              -90.3950372640766,
              27.094153683830868
            ],
            [
              -90.3950372640766,
              27.094333346887694
            ],
            [
              -90.395127095605,
              27.094333346887694
            ],
            [
              -90.395127095605,
              27.094423178416104
            ],
            [
              -90.39539659019024,
              27.094423178416104
            ],
            [
              -90.39539659019024,
              27.094513009944517
            ],
            [
              -90.39548642171866,
              27.094513009944517
            ],
            [
              -90.39548642171866,
              27.09469267300134
            ],
            [
              -90.39557625324707,
              27.09469267300134
            ],
            [
              -90.39557625324707,
              27.094782504529753
            ],
            [
              -90.39566608477548,
              27.094782504529753
            ],
            [
              -90.39566608477548,
              27.094872336058167
            ],
            [
              -90.3957559163039,
              27.094872336058167
            ],
            [
              -90.3957559163039,
              27.095231662171813
            ],
            [
              -90.39593557936072,
              27.095231662171813
            ],
            [
              -90.39593557936072,
              27.095411325228635
            ],
            [
              -90.39602541088914,
              27.095411325228635
            ],
            [
              -90.39602541088914,
              27.09550115675705
            ],
            [
              -90.39611524241754,
              27.09550115675705
            ],
            [
              -90.39611524241754,
              27.095590988285462
            ],
            [
              -90.39629490547436,
              27.095590988285462
            ],
            [
              -90.39629490547436,
              27.09568081981387
            ],
            [
              -90.39647456853119,
              27.09568081981387
            ],
            [
              -90.39647456853119,
              27.095770651342285
            ],
            [
              -90.3965644000596,
              27.095770651342285
            ],
            [
              -90.3965644000596,
              27.095860482870698
            ],
            [
              -90.39665423158802,
              27.095860482870698
            ],
            [
              -90.39665423158802,
              27.095950314399108
            ],
            [
              -90.39683389464484,
              27.095950314399108
            ],
            [
              -90.39683389464484,
              27.096309640512757
            ],
            [
              -90.39692372617326,
              27.096309640512757
            ],
            [
              -90.39692372617326,
              27.096399472041167
            ],
            [
              -90.39710338923007,
              27.096399472041167
            ],
            [
              -90.39710338923007,
              27.096579135097993
            ],
            [
              -90.39719322075848,
              27.096579135097993
            ],
            [
              -90.39719322075848,
              27.09648930356958
            ],
            [
              -90.3972830522869,
              27.09648930356958
            ],
            [
              -90.3972830522869,
              27.096579135097993
            ],
            [
              -90.39737288381531,
              27.096579135097993
            ],
            [
              -90.39737288381531,
              27.096668966626403
            ],
            [
              -90.39746271534372,
              27.096668966626403
            ],
            [
              -90.39746271534372,
              27.096758798154816
            ],
            [
              -90.39755254687213,
              27.096758798154816
            ],
            [
              -90.39755254687213,
              27.09693846121164
            ],
            [
              -90.39764237840055,
              27.09693846121164
            ],
            [
              -90.39764237840055,
              27.097028292740053
            ],
            [
              -90.39773220992896,
              27.097028292740053
            ],
            [
              -90.39773220992896,
              27.097118124268462
            ],
            [
              -90.39782204145737,
              27.097118124268462
            ],
            [
              -90.39782204145737,
              27.097207955796875
            ],
            [
              -90.39773220992896,
              27.097207955796875
            ],
            [
              -90.39773220992896,
              27.09729778732529
            ],
            [
              -90.39791187298579,
              27.09729778732529
            ],
            [
              -90.39791187298579,
              27.097567281910525
            ],
            [
              -90.3980017045142,
              27.097567281910525
            ],
            [
              -90.3980017045142,
              27.097657113438935
            ],
            [
              -90.3980915360426,
              27.097657113438935
            ],
            [
              -90.3980915360426,
              27.097746944967348
            ],
            [
              -90.39818136757101,
              27.097746944967348
            ],
            [
              -90.39818136757101,
              27.09783677649576
            ],
            [
              -90.39827119909943,
              27.09783677649576
            ],
            [
              -90.39827119909943,
              27.098016439552584
            ],
            [
              -90.39836103062784,
              27.098016439552584
            ],
            [
              -90.39836103062784,
              27.098196102609407
            ],
            [
              -90.39845086215625,
              27.098196102609407
            ],
            [
              -90.39845086215625,
              27.09828593413782
            ],
            [
              -90.39863052521308,
              27.09828593413782
            ],
            [
              -90.39863052521308,
              27.09837576566623
            ],
            [
              -90.3988101882699,
              27.09837576566623
            ],
            [
              -90.3988101882699,
              27.098465597194643
            ],
            [
              -90.39898985132673,
              27.098465597194643
            ],
            [
              -90.39898985132673,
              27.098645260251466
            ],
            [
              -90.39907968285513,
              27.098645260251466
            ],
            [
              -90.39907968285513,
              27.09873509177988
            ],
            [
              -90.39925934591196,
              27.09873509177988
            ],
            [
              -90.39925934591196,
              27.098824923308293
            ],
            [
              -90.39934917744037,
              27.098824923308293
            ],
            [
              -90.39934917744037,
              27.099004586365115
            ],
            [
              -90.39943900896878,
              27.099004586365115
            ],
            [
              -90.39943900896878,
              27.099094417893525
            ],
            [
              -90.3995288404972,
              27.099094417893525
            ],
            [
              -90.3995288404972,
              27.09918424942194
            ],
            [
              -90.39970850355402,
              27.09918424942194
            ],
            [
              -90.39970850355402,
              27.09936391247876
            ],
            [
              -90.39979833508244,
              27.09936391247876
            ],
            [
              -90.39979833508244,
              27.099453744007175
            ],
            [
              -90.39988816661085,
              27.099453744007175
            ],
            [
              -90.39988816661085,
              27.099633407063997
            ],
            [
              -90.39997799813926,
              27.099633407063997
            ],
            [
              -90.39997799813926,
              27.09972323859241
            ],
            [
              -90.40006782966766,
              27.09972323859241
            ],
            [
              -90.40006782966766,
              27.099813070120824
            ],
            [
              -90.40024749272449,
              27.099813070120824
            ],
            [
              -90.40024749272449,
              27.099902901649234
            ],
            [
              -90.40042715578132,
              27.099902901649234
            ],
            [
              -90.40042715578132,
              27.100082564706057
            ],
            [
              -90.4003373242529,
              27.100082564706057
            ],
            [
              -90.4003373242529,
              27.10017239623447
            ],
            [
              -90.40042715578132,
              27.10017239623447
            ],
            [
              -90.40042715578132,
              27.100352059291293
            ],
            [
              -90.4003373242529,
              27.100352059291293
            ],
            [
              -90.4003373242529,
              27.10053172234812
            ],
            [
              -90.40042715578132,
              27.10053172234812
            ],
            [
              -90.40042715578132,
              27.100711385404942
            ],
            [
              -90.40051698730973,
              27.100711385404942
            ],
            [
              -90.40051698730973,
              27.100801216933355
            ],
            [
              -90.40060681883814,
              27.100801216933355
            ],
            [
              -90.40060681883814,
              27.100891048461765
            ],
            [
              -90.40069665036656,
              27.100891048461765
            ],
            [
              -90.40069665036656,
              27.10098087999018
            ],
            [
              -90.40078648189497,
              27.10098087999018
            ],
            [
              -90.40078648189497,
              27.101160543047
            ],
            [
              -90.40087631342338,
              27.101160543047
            ],
            [
              -90.40087631342338,
              27.101250374575415
            ],
            [
              -90.4009661449518,
              27.101250374575415
            ],
            [
              -90.4009661449518,
              27.101340206103824
            ],
            [
              -90.40114580800861,
              27.101340206103824
            ],
            [
              -90.40114580800861,
              27.10160970068906
            ],
            [
              -90.40132547106543,
              27.10160970068906
            ],
            [
              -90.40132547106543,
              27.101699532217474
            ],
            [
              -90.40150513412226,
              27.101699532217474
            ],
            [
              -90.40150513412226,
              27.101879195274297
            ],
            [
              -90.40168479717909,
              27.101879195274297
            ],
            [
              -90.40168479717909,
              27.10196902680271
            ],
            [
              -90.40186446023591,
              27.10196902680271
            ],
            [
              -90.40186446023591,
              27.102058858331123
            ],
            [
              -90.40195429176433,
              27.102058858331123
            ],
            [
              -90.40195429176433,
              27.102238521387946
            ],
            [
              -90.40204412329273,
              27.102238521387946
            ],
            [
              -90.40204412329273,
              27.102328352916356
            ],
            [
              -90.40213395482114,
              27.102328352916356
            ],
            [
              -90.40213395482114,
              27.10241818444477
            ],
            [
              -90.40222378634955,
              27.10241818444477
            ],
            [
              -90.40222378634955,
              27.102597847501592
            ],
            [
              -90.40231361787797,
              27.102597847501592
            ],
            [
              -90.40231361787797,
              27.103047005143655
            ],
            [
              -90.40240344940638,
              27.103047005143655
            ],
            [
              -90.40240344940638,
              27.103136836672064
            ],
            [
              -90.40231361787797,
              27.103136836672064
            ],
            [
              -90.40231361787797,
              27.103226668200477
            ],
            [
              -90.40240344940638,
              27.103226668200477
            ],
            [
              -90.40240344940638,
              27.103316499728887
            ],
            [
              -90.40231361787797,
              27.103316499728887
            ],
            [
              -90.40231361787797,
              27.1034063312573
            ],
            [
              -90.40222378634955,
              27.1034063312573
            ],
            [
              -90.40222378634955,
              27.104124983484596
            ],
            [
              -90.4025831124632,
              27.104124983484596
            ],
            [
              -90.4025831124632,
              27.10421481501301
            ],
            [
              -90.40276277552003,
              27.10421481501301
            ],
            [
              -90.40276277552003,
              27.10430464654142
            ],
            [
              -90.40285260704844,
              27.10430464654142
            ],
            [
              -90.40285260704844,
              27.104394478069832
            ],
            [
              -90.40294243857686,
              27.104394478069832
            ],
            [
              -90.40294243857686,
              27.104484309598245
            ],
            [
              -90.40312210163367,
              27.104484309598245
            ],
            [
              -90.40312210163367,
              27.104574141126655
            ],
            [
              -90.4033017646905,
              27.104574141126655
            ],
            [
              -90.4033017646905,
              27.10475380418348
            ],
            [
              -90.40348142774732,
              27.10475380418348
            ],
            [
              -90.40348142774732,
              27.10484363571189
            ],
            [
              -90.40357125927574,
              27.10484363571189
            ],
            [
              -90.40357125927574,
              27.104933467240304
            ],
            [
              -90.40366109080415,
              27.104933467240304
            ],
            [
              -90.40366109080415,
              27.105023298768717
            ],
            [
              -90.40375092233256,
              27.105023298768717
            ],
            [
              -90.40375092233256,
              27.10520296182554
            ],
            [
              -90.40393058538939,
              27.10520296182554
            ],
            [
              -90.40393058538939,
              27.10529279335395
            ],
            [
              -90.4040204169178,
              27.10529279335395
            ],
            [
              -90.4040204169178,
              27.105562287939186
            ],
            [
              -90.4041102484462,
              27.105562287939186
            ],
            [
              -90.4041102484462,
              27.1056521194676
            ],
            [
              -90.40420007997461,
              27.1056521194676
            ],
            [
              -90.40420007997461,
              27.105921614052836
            ],
            [
              -90.40437974303144,
              27.105921614052836
            ],
            [
              -90.40437974303144,
              27.106370771694895
            ],
            [
              -90.40446957455985,
              27.106370771694895
            ],
            [
              -90.40446957455985,
              27.106460603223308
            ],
            [
              -90.40455940608827,
              27.106460603223308
            ],
            [
              -90.40455940608827,
              27.106730097808544
            ],
            [
              -90.40464923761668,
              27.106730097808544
            ],
            [
              -90.40464923761668,
              27.106909760865367
            ],
            [
              -90.4047390691451,
              27.106909760865367
            ],
            [
              -90.4047390691451,
              27.10699959239378
            ],
            [
              -90.40482890067351,
              27.10699959239378
            ],
            [
              -90.40482890067351,
              27.10708942392219
            ],
            [
              -90.40491873220192,
              27.10708942392219
            ],
            [
              -90.40491873220192,
              27.107179255450603
            ],
            [
              -90.40500856373033,
              27.107179255450603
            ],
            [
              -90.40500856373033,
              27.107358918507426
            ],
            [
              -90.40509839525873,
              27.107358918507426
            ],
            [
              -90.40509839525873,
              27.10744875003584
            ],
            [
              -90.40518822678715,
              27.10744875003584
            ],
            [
              -90.40518822678715,
              27.10753858156425
            ],
            [
              -90.40527805831556,
              27.10753858156425
            ],
            [
              -90.40527805831556,
              27.107718244621076
            ],
            [
              -90.40545772137239,
              27.107718244621076
            ],
            [
              -90.40545772137239,
              27.10798773920631
            ],
            [
              -90.40563738442921,
              27.10798773920631
            ],
            [
              -90.40563738442921,
              27.108167402263135
            ],
            [
              -90.40581704748604,
              27.108167402263135
            ],
            [
              -90.40581704748604,
              27.108347065319958
            ],
            [
              -90.40590687901445,
              27.108347065319958
            ],
            [
              -90.40590687901445,
              27.10843689684837
            ],
            [
              -90.40599671054287,
              27.10843689684837
            ],
            [
              -90.40599671054287,
              27.10852672837678
            ],
            [
              -90.40608654207126,
              27.10852672837678
            ],
            [
              -90.40608654207126,
              27.108616559905194
            ],
            [
              -90.40617637359968,
              27.108616559905194
            ],
            [
              -90.40617637359968,
              27.109155549075666
            ],
            [
              -90.40626620512809,
              27.109155549075666
            ],
            [
              -90.40626620512809,
              27.10933521213249
            ],
            [
              -90.4063560366565,
              27.10933521213249
            ],
            [
              -90.4063560366565,
              27.109514875189312
            ],
            [
              -90.40644586818492,
              27.109514875189312
            ],
            [
              -90.40644586818492,
              27.109604706717725
            ],
            [
              -90.40653569971333,
              27.109604706717725
            ],
            [
              -90.40653569971333,
              27.109964032831375
            ],
            [
              -90.40662553124174,
              27.109964032831375
            ],
            [
              -90.40662553124174,
              27.110053864359784
            ],
            [
              -90.40671536277016,
              27.110053864359784
            ],
            [
              -90.40671536277016,
              27.110233527416607
            ],
            [
              -90.40680519429857,
              27.110233527416607
            ],
            [
              -90.40680519429857,
              27.110503022001843
            ],
            [
              -90.40689502582698,
              27.110503022001843
            ],
            [
              -90.40689502582698,
              27.11068268505867
            ],
            [
              -90.4069848573554,
              27.11068268505867
            ],
            [
              -90.4069848573554,
              27.11077251658708
            ],
            [
              -90.4070746888838,
              27.11077251658708
            ],
            [
              -90.4070746888838,
              27.110952179643906
            ],
            [
              -90.40725435194062,
              27.110952179643906
            ],
            [
              -90.40725435194062,
              27.111042011172316
            ],
            [
              -90.40734418346904,
              27.111042011172316
            ],
            [
              -90.40734418346904,
              27.11122167422914
            ],
            [
              -90.40743401499745,
              27.11122167422914
            ],
            [
              -90.40743401499745,
              27.111311505757552
            ],
            [
              -90.40752384652586,
              27.111311505757552
            ],
            [
              -90.40752384652586,
              27.111401337285965
            ],
            [
              -90.40761367805428,
              27.111401337285965
            ],
            [
              -90.40761367805428,
              27.111581000342788
            ],
            [
              -90.40770350958269,
              27.111581000342788
            ],
            [
              -90.40770350958269,
              27.1116708318712
            ],
            [
              -90.4077933411111,
              27.1116708318712
            ],
            [
              -90.4077933411111,
              27.111850494928024
            ],
            [
              -90.40788317263952,
              27.111850494928024
            ],
            [
              -90.40788317263952,
              27.112030157984847
            ],
            [
              -90.40797300416793,
              27.112030157984847
            ],
            [
              -90.40797300416793,
              27.11211998951326
            ],
            [
              -90.40806283569633,
              27.11211998951326
            ],
            [
              -90.40806283569633,
              27.11220982104167
            ],
            [
              -90.40815266722474,
              27.11220982104167
            ],
            [
              -90.40815266722474,
              27.112299652570083
            ],
            [
              -90.40824249875315,
              27.112299652570083
            ],
            [
              -90.40824249875315,
              27.112389484098497
            ],
            [
              -90.40833233028157,
              27.112389484098497
            ],
            [
              -90.40833233028157,
              27.112479315626906
            ],
            [
              -90.40842216180998,
              27.112479315626906
            ],
            [
              -90.40842216180998,
              27.11256914715532
            ],
            [
              -90.4085119933384,
              27.11256914715532
            ],
            [
              -90.4085119933384,
              27.112748810212143
            ],
            [
              -90.4086018248668,
              27.112748810212143
            ],
            [
              -90.4086018248668,
              27.112838641740556
            ],
            [
              -90.40869165639522,
              27.112838641740556
            ],
            [
              -90.40869165639522,
              27.11301830479738
            ],
            [
              -90.40878148792363,
              27.11301830479738
            ],
            [
              -90.40878148792363,
              27.113108136325792
            ],
            [
              -90.40887131945205,
              27.113108136325792
            ],
            [
              -90.40887131945205,
              27.1131979678542
            ],
            [
              -90.40905098250886,
              27.1131979678542
            ],
            [
              -90.40905098250886,
              27.11355729396785
            ],
            [
              -90.40914081403727,
              27.11355729396785
            ],
            [
              -90.40914081403727,
              27.113647125496264
            ],
            [
              -90.40923064556569,
              27.113647125496264
            ],
            [
              -90.40923064556569,
              27.114096283138323
            ],
            [
              -90.4093204770941,
              27.114096283138323
            ],
            [
              -90.4093204770941,
              27.114275946195146
            ],
            [
              -90.40941030862251,
              27.114275946195146
            ],
            [
              -90.40941030862251,
              27.11445560925197
            ],
            [
              -90.40958997167934,
              27.11445560925197
            ],
            [
              -90.40958997167934,
              27.114545440780383
            ],
            [
              -90.40976963473616,
              27.114545440780383
            ],
            [
              -90.40976963473616,
              27.11535392453609
            ],
            [
              -90.40967980320775,
              27.11535392453609
            ],
            [
              -90.40967980320775,
              27.1154437560645
            ],
            [
              -90.40976963473616,
              27.1154437560645
            ],
            [
              -90.40976963473616,
              27.116072576763386
            ],
            [
              -90.40958997167934,
              27.116072576763386
            ],
            [
              -90.40958997167934,
              27.116162408291796
            ],
            [
              -90.40950014015093,
              27.116162408291796
            ],
            [
              -90.40950014015093,
              27.116072576763386
            ],
            [
              -90.40941030862251,
              27.116072576763386
            ],
            [
              -90.40941030862251,
              27.116162408291796
            ],
            [
              -90.4093204770941,
              27.116162408291796
            ],
            [
              -90.4093204770941,
              27.116072576763386
            ],
            [
              -90.40914081403727,
              27.116072576763386
            ],
            [
              -90.40914081403727,
              27.116162408291796
            ],
            [
              -90.40905098250886,
              27.116162408291796
            ],
            [
              -90.40905098250886,
              27.11625223982021
            ],
            [
              -90.40896115098046,
              27.11625223982021
            ],
            [
              -90.40896115098046,
              27.116342071348623
            ],
            [
              -90.40887131945205,
              27.116342071348623
            ],
            [
              -90.40887131945205,
              27.116431902877032
            ],
            [
              -90.4085119933384,
              27.116431902877032
            ],
            [
              -90.4085119933384,
              27.116342071348623
            ],
            [
              -90.40833233028157,
              27.116342071348623
            ],
            [
              -90.40833233028157,
              27.116162408291796
            ],
            [
              -90.40824249875315,
              27.116162408291796
            ],
            [
              -90.40824249875315,
              27.115892913706563
            ],
            [
              -90.40815266722474,
              27.115892913706563
            ],
            [
              -90.40815266722474,
              27.11580308217815
            ],
            [
              -90.40806283569633,
              27.11580308217815
            ],
            [
              -90.40806283569633,
              27.115713250649737
            ],
            [
              -90.40797300416793,
              27.115713250649737
            ],
            [
              -90.40797300416793,
              27.115533587592914
            ],
            [
              -90.40788317263952,
              27.115533587592914
            ],
            [
              -90.40788317263952,
              27.1154437560645
            ],
            [
              -90.4077933411111,
              27.1154437560645
            ],
            [
              -90.4077933411111,
              27.11535392453609
            ],
            [
              -90.40770350958269,
              27.11535392453609
            ],
            [
              -90.40770350958269,
              27.115264093007678
            ],
            [
              -90.40761367805428,
              27.115264093007678
            ],
            [
              -90.40761367805428,
              27.115174261479265
            ],
            [
              -90.40752384652586,
              27.115174261479265
            ],
            [
              -90.40752384652586,
              27.115084429950855
            ],
            [
              -90.40734418346904,
              27.115084429950855
            ],
            [
              -90.40734418346904,
              27.11499459842244
            ],
            [
              -90.40725435194062,
              27.11499459842244
            ],
            [
              -90.40725435194062,
              27.11481493536562
            ],
            [
              -90.40716452041221,
              27.11481493536562
            ],
            [
              -90.40716452041221,
              27.114725103837205
            ],
            [
              -90.4069848573554,
              27.114725103837205
            ],
            [
              -90.4069848573554,
              27.114545440780383
            ],
            [
              -90.40689502582698,
              27.114545440780383
            ],
            [
              -90.40689502582698,
              27.11445560925197
            ],
            [
              -90.40680519429857,
              27.11445560925197
            ],
            [
              -90.40680519429857,
              27.11436577772356
            ],
            [
              -90.40671536277016,
              27.11436577772356
            ],
            [
              -90.40671536277016,
              27.114275946195146
            ],
            [
              -90.40662553124174,
              27.114275946195146
            ],
            [
              -90.40662553124174,
              27.114186114666733
            ],
            [
              -90.40653569971333,
              27.114186114666733
            ],
            [
              -90.40653569971333,
              27.114096283138323
            ],
            [
              -90.40644586818492,
              27.114096283138323
            ],
            [
              -90.40644586818492,
              27.11400645160991
            ],
            [
              -90.40626620512809,
              27.11400645160991
            ],
            [
              -90.40626620512809,
              27.1139166200815
            ],
            [
              -90.40617637359968,
              27.1139166200815
            ],
            [
              -90.40617637359968,
              27.113826788553087
            ],
            [
              -90.40599671054287,
              27.113826788553087
            ],
            [
              -90.40599671054287,
              27.113736957024674
            ],
            [
              -90.40590687901445,
              27.113736957024674
            ],
            [
              -90.40590687901445,
              27.113647125496264
            ],
            [
              -90.40572721595763,
              27.113647125496264
            ],
            [
              -90.40572721595763,
              27.11355729396785
            ],
            [
              -90.4055475529008,
              27.11355729396785
            ],
            [
              -90.4055475529008,
              27.113467462439438
            ],
            [
              -90.40545772137239,
              27.113467462439438
            ],
            [
              -90.40545772137239,
              27.113287799382615
            ],
            [
              -90.40536788984397,
              27.113287799382615
            ],
            [
              -90.40536788984397,
              27.11301830479738
            ],
            [
              -90.40527805831556,
              27.11301830479738
            ],
            [
              -90.40527805831556,
              27.112748810212143
            ],
            [
              -90.40518822678715,
              27.112748810212143
            ],
            [
              -90.40518822678715,
              27.112479315626906
            ],
            [
              -90.40509839525873,
              27.112479315626906
            ],
            [
              -90.40509839525873,
              27.112299652570083
            ],
            [
              -90.40500856373033,
              27.112299652570083
            ],
            [
              -90.40500856373033,
              27.11211998951326
            ],
            [
              -90.40491873220192,
              27.11211998951326
            ],
            [
              -90.40491873220192,
              27.112030157984847
            ],
            [
              -90.4047390691451,
              27.112030157984847
            ],
            [
              -90.4047390691451,
              27.111850494928024
            ],
            [
              -90.40464923761668,
              27.111850494928024
            ],
            [
              -90.40464923761668,
              27.1116708318712
            ],
            [
              -90.40455940608827,
              27.1116708318712
            ],
            [
              -90.40455940608827,
              27.111581000342788
            ],
            [
              -90.40446957455985,
              27.111581000342788
            ],
            [
              -90.40446957455985,
              27.111401337285965
            ],
            [
              -90.40437974303144,
              27.111401337285965
            ],
            [
              -90.40437974303144,
              27.11122167422914
            ],
            [
              -90.40428991150303,
              27.11122167422914
            ],
            [
              -90.40428991150303,
              27.11113184270073
            ],
            [
              -90.40420007997461,
              27.11113184270073
            ],
            [
              -90.40420007997461,
              27.111042011172316
            ],
            [
              -90.4041102484462,
              27.111042011172316
            ],
            [
              -90.4041102484462,
              27.110952179643906
            ],
            [
              -90.4040204169178,
              27.110952179643906
            ],
            [
              -90.4040204169178,
              27.11077251658708
            ],
            [
              -90.40393058538939,
              27.11077251658708
            ],
            [
              -90.40393058538939,
              27.11068268505867
            ],
            [
              -90.40384075386098,
              27.11068268505867
            ],
            [
              -90.40384075386098,
              27.110592853530257
            ],
            [
              -90.40366109080415,
              27.110592853530257
            ],
            [
              -90.40366109080415,
              27.110413190473434
            ],
            [
              -90.40357125927574,
              27.110413190473434
            ],
            [
              -90.40357125927574,
              27.11032335894502
            ],
            [
              -90.40348142774732,
              27.11032335894502
            ],
            [
              -90.40348142774732,
              27.110233527416607
            ],
            [
              -90.4033017646905,
              27.110233527416607
            ],
            [
              -90.4033017646905,
              27.110053864359784
            ],
            [
              -90.40321193316208,
              27.110053864359784
            ],
            [
              -90.40321193316208,
              27.109784369774548
            ],
            [
              -90.40312210163367,
              27.109784369774548
            ],
            [
              -90.40312210163367,
              27.109604706717725
            ],
            [
              -90.40303227010527,
              27.109604706717725
            ],
            [
              -90.40303227010527,
              27.109514875189312
            ],
            [
              -90.40294243857686,
              27.109514875189312
            ],
            [
              -90.40294243857686,
              27.109425043660902
            ],
            [
              -90.40303227010527,
              27.109425043660902
            ],
            [
              -90.40303227010527,
              27.10933521213249
            ],
            [
              -90.40294243857686,
              27.10933521213249
            ],
            [
              -90.40294243857686,
              27.109155549075666
            ],
            [
              -90.40285260704844,
              27.109155549075666
            ],
            [
              -90.40285260704844,
              27.108975886018843
            ],
            [
              -90.40276277552003,
              27.108975886018843
            ],
            [
              -90.40276277552003,
              27.10888605449043
            ],
            [
              -90.40267294399162,
              27.10888605449043
            ],
            [
              -90.40267294399162,
              27.108796222962017
            ],
            [
              -90.4025831124632,
              27.108796222962017
            ],
            [
              -90.4025831124632,
              27.108616559905194
            ],
            [
              -90.40249328093479,
              27.108616559905194
            ],
            [
              -90.40249328093479,
              27.10843689684837
            ],
            [
              -90.40231361787797,
              27.10843689684837
            ],
            [
              -90.40231361787797,
              27.108257233791544
            ],
            [
              -90.40222378634955,
              27.108257233791544
            ],
            [
              -90.40222378634955,
              27.108167402263135
            ],
            [
              -90.40213395482114,
              27.108167402263135
            ],
            [
              -90.40213395482114,
              27.10807757073472
            ],
            [
              -90.40204412329273,
              27.10807757073472
            ],
            [
              -90.40204412329273,
              27.10798773920631
            ],
            [
              -90.40195429176433,
              27.10798773920631
            ],
            [
              -90.40195429176433,
              27.107808076149485
            ],
            [
              -90.40186446023591,
              27.107808076149485
            ],
            [
              -90.40186446023591,
              27.107628413092662
            ],
            [
              -90.4017746287075,
              27.107628413092662
            ],
            [
              -90.4017746287075,
              27.10753858156425
            ],
            [
              -90.40168479717909,
              27.10753858156425
            ],
            [
              -90.40168479717909,
              27.107358918507426
            ],
            [
              -90.40150513412226,
              27.107358918507426
            ],
            [
              -90.40150513412226,
              27.107179255450603
            ],
            [
              -90.40141530259385,
              27.107179255450603
            ],
            [
              -90.40141530259385,
              27.106909760865367
            ],
            [
              -90.40132547106543,
              27.106909760865367
            ],
            [
              -90.40132547106543,
              27.106730097808544
            ],
            [
              -90.40123563953702,
              27.106730097808544
            ],
            [
              -90.40123563953702,
              27.10664026628013
            ],
            [
              -90.40114580800861,
              27.10664026628013
            ],
            [
              -90.40114580800861,
              27.106460603223308
            ],
            [
              -90.4010559764802,
              27.106460603223308
            ],
            [
              -90.4010559764802,
              27.10628094016648
            ],
            [
              -90.4009661449518,
              27.10628094016648
            ],
            [
              -90.4009661449518,
              27.106191108638072
            ],
            [
              -90.40087631342338,
              27.106191108638072
            ],
            [
              -90.40087631342338,
              27.10610127710966
            ],
            [
              -90.40069665036656,
              27.10610127710966
            ],
            [
              -90.40069665036656,
              27.10601144558125
            ],
            [
              -90.40060681883814,
              27.10601144558125
            ],
            [
              -90.40060681883814,
              27.105921614052836
            ],
            [
              -90.40042715578132,
              27.105921614052836
            ],
            [
              -90.40042715578132,
              27.105741950996013
            ],
            [
              -90.4003373242529,
              27.105741950996013
            ],
            [
              -90.4003373242529,
              27.1056521194676
            ],
            [
              -90.40024749272449,
              27.1056521194676
            ],
            [
              -90.40024749272449,
              27.105562287939186
            ],
            [
              -90.40006782966766,
              27.105562287939186
            ],
            [
              -90.40006782966766,
              27.105382624882363
            ],
            [
              -90.39997799813926,
              27.105382624882363
            ],
            [
              -90.39997799813926,
              27.10529279335395
            ],
            [
              -90.39988816661085,
              27.10529279335395
            ],
            [
              -90.39988816661085,
              27.10520296182554
            ],
            [
              -90.39970850355402,
              27.10520296182554
            ],
            [
              -90.39970850355402,
              27.105023298768717
            ],
            [
              -90.39961867202561,
              27.105023298768717
            ],
            [
              -90.39961867202561,
              27.104933467240304
            ],
            [
              -90.3995288404972,
              27.104933467240304
            ],
            [
              -90.3995288404972,
              27.10484363571189
            ],
            [
              -90.39934917744037,
              27.10484363571189
            ],
            [
              -90.39934917744037,
              27.104663972655068
            ],
            [
              -90.39925934591196,
              27.104663972655068
            ],
            [
              -90.39925934591196,
              27.104484309598245
            ],
            [
              -90.39916951438354,
              27.104484309598245
            ],
            [
              -90.39916951438354,
              27.104394478069832
            ],
            [
              -90.39907968285513,
              27.104394478069832
            ],
            [
              -90.39907968285513,
              27.10421481501301
            ],
            [
              -90.39898985132673,
              27.10421481501301
            ],
            [
              -90.39898985132673,
              27.103945320427773
            ],
            [
              -90.39890001979832,
              27.103945320427773
            ],
            [
              -90.39890001979832,
              27.103675825842537
            ],
            [
              -90.39872035674149,
              27.103675825842537
            ],
            [
              -90.39872035674149,
              27.103496162785714
            ],
            [
              -90.39863052521308,
              27.103496162785714
            ],
            [
              -90.39863052521308,
              27.1034063312573
            ],
            [
              -90.39854069368467,
              27.1034063312573
            ],
            [
              -90.39854069368467,
              27.103316499728887
            ],
            [
              -90.39845086215625,
              27.103316499728887
            ],
            [
              -90.39845086215625,
              27.103226668200477
            ],
            [
              -90.39836103062784,
              27.103226668200477
            ],
            [
              -90.39836103062784,
              27.103136836672064
            ],
            [
              -90.39827119909943,
              27.103136836672064
            ],
            [
              -90.39827119909943,
              27.10295717361524
            ],
            [
              -90.39818136757101,
              27.10295717361524
            ],
            [
              -90.39818136757101,
              27.102867342086828
            ],
            [
              -90.3980915360426,
              27.102867342086828
            ],
            [
              -90.3980915360426,
              27.10277751055842
            ],
            [
              -90.3980017045142,
              27.10277751055842
            ],
            [
              -90.3980017045142,
              27.102687679030005
            ],
            [
              -90.39791187298579,
              27.102687679030005
            ],
            [
              -90.39791187298579,
              27.102597847501592
            ],
            [
              -90.39782204145737,
              27.102597847501592
            ],
            [
              -90.39782204145737,
              27.10241818444477
            ],
            [
              -90.39773220992896,
              27.10241818444477
            ],
            [
              -90.39773220992896,
              27.102328352916356
            ],
            [
              -90.39755254687213,
              27.102328352916356
            ],
            [
              -90.39755254687213,
              27.102148689859533
            ],
            [
              -90.39746271534372,
              27.102148689859533
            ],
            [
              -90.39746271534372,
              27.102058858331123
            ],
            [
              -90.39737288381531,
              27.102058858331123
            ],
            [
              -90.39737288381531,
              27.10196902680271
            ],
            [
              -90.3972830522869,
              27.10196902680271
            ],
            [
              -90.3972830522869,
              27.101699532217474
            ],
            [
              -90.39719322075848,
              27.101699532217474
            ],
            [
              -90.39719322075848,
              27.10160970068906
            ],
            [
              -90.39710338923007,
              27.10160970068906
            ],
            [
              -90.39710338923007,
              27.10151986916065
            ],
            [
              -90.39701355770167,
              27.10151986916065
            ],
            [
              -90.39701355770167,
              27.101340206103824
            ],
            [
              -90.39692372617326,
              27.101340206103824
            ],
            [
              -90.39692372617326,
              27.101250374575415
            ],
            [
              -90.39683389464484,
              27.101250374575415
            ],
            [
              -90.39683389464484,
              27.101070711518588
            ],
            [
              -90.39674406311643,
              27.101070711518588
            ],
            [
              -90.39674406311643,
              27.100891048461765
            ],
            [
              -90.39647456853119,
              27.100891048461765
            ],
            [
              -90.39647456853119,
              27.100801216933355
            ],
            [
              -90.3965644000596,
              27.100801216933355
            ],
            [
              -90.3965644000596,
              27.100711385404942
            ],
            [
              -90.39638473700278,
              27.100711385404942
            ],
            [
              -90.39638473700278,
              27.10053172234812
            ],
            [
              -90.39629490547436,
              27.10053172234812
            ],
            [
              -90.39629490547436,
              27.100441890819706
            ],
            [
              -90.39620507394595,
              27.100441890819706
            ],
            [
              -90.39620507394595,
              27.100352059291293
            ],
            [
              -90.39602541088914,
              27.100352059291293
            ],
            [
              -90.39602541088914,
              27.10017239623447
            ],
            [
              -90.39593557936072,
              27.10017239623447
            ],
            [
              -90.39593557936072,
              27.100082564706057
            ],
            [
              -90.39584574783231,
              27.100082564706057
            ],
            [
              -90.39584574783231,
              27.099992733177647
            ],
            [
              -90.39566608477548,
              27.099992733177647
            ],
            [
              -90.39566608477548,
              27.09972323859241
            ],
            [
              -90.39557625324707,
              27.09972323859241
            ],
            [
              -90.39557625324707,
              27.099453744007175
            ],
            [
              -90.39548642171866,
              27.099453744007175
            ],
            [
              -90.39548642171866,
              27.099094417893525
            ],
            [
              -90.39539659019024,
              27.099094417893525
            ],
            [
              -90.39539659019024,
              27.09873509177988
            ],
            [
              -90.39530675866183,
              27.09873509177988
            ],
            [
              -90.39530675866183,
              27.098645260251466
            ],
            [
              -90.39521692713342,
              27.098645260251466
            ],
            [
              -90.39521692713342,
              27.098555428723056
            ],
            [
              -90.395127095605,
              27.098555428723056
            ],
            [
              -90.395127095605,
              27.098465597194643
            ],
            [
              -90.3950372640766,
              27.098465597194643
            ],
            [
              -90.3950372640766,
              27.09837576566623
            ],
            [
              -90.3949474325482,
              27.09837576566623
            ],
            [
              -90.3949474325482,
              27.098196102609407
            ],
            [
              -90.39485760101978,
              27.098196102609407
            ],
            [
              -90.39485760101978,
              27.098106271080994
            ],
            [
              -90.39476776949137,
              27.098106271080994
            ],
            [
              -90.39476776949137,
              27.098016439552584
            ],
            [
              -90.39467793796295,
              27.098016439552584
            ],
            [
              -90.39467793796295,
              27.09792660802417
            ],
            [
              -90.39458810643454,
              27.09792660802417
            ],
            [
              -90.39458810643454,
              27.09783677649576
            ],
            [
              -90.39440844337771,
              27.09783677649576
            ],
            [
              -90.39440844337771,
              27.097746944967348
            ],
            [
              -90.3943186118493,
              27.097746944967348
            ],
            [
              -90.3943186118493,
              27.09783677649576
            ],
            [
              -90.39422878032089,
              27.09783677649576
            ],
            [
              -90.39422878032089,
              27.097746944967348
            ],
            [
              -90.39413894879247,
              27.097746944967348
            ],
            [
              -90.39413894879247,
              27.097657113438935
            ],
            [
              -90.39395928573566,
              27.097657113438935
            ],
            [
              -90.39395928573566,
              27.097567281910525
            ],
            [
              -90.39386945420725,
              27.097567281910525
            ],
            [
              -90.39386945420725,
              27.09747745038211
            ],
            [
              -90.39368979115042,
              27.09747745038211
            ],
            [
              -90.39368979115042,
              27.0973876188537
            ],
            [
              -90.3935101280936,
              27.0973876188537
            ],
            [
              -90.3935101280936,
              27.09729778732529
            ],
            [
              -90.39342029656518,
              27.09729778732529
            ],
            [
              -90.39342029656518,
              27.097207955796875
            ],
            [
              -90.39333046503677,
              27.097207955796875
            ],
            [
              -90.39333046503677,
              27.097118124268462
            ],
            [
              -90.39315080197994,
              27.097118124268462
            ],
            [
              -90.39315080197994,
              27.096758798154816
            ],
            [
              -90.39306097045154,
              27.096758798154816
            ],
            [
              -90.39306097045154,
              27.096399472041167
            ],
            [
              -90.39297113892313,
              27.096399472041167
            ],
            [
              -90.39297113892313,
              27.096309640512757
            ],
            [
              -90.39288130739472,
              27.096309640512757
            ],
            [
              -90.39288130739472,
              27.09612997745593
            ],
            [
              -90.3927914758663,
              27.09612997745593
            ],
            [
              -90.3927914758663,
              27.09604014592752
            ],
            [
              -90.39270164433789,
              27.09604014592752
            ],
            [
              -90.39270164433789,
              27.095950314399108
            ],
            [
              -90.39261181280948,
              27.095950314399108
            ],
            [
              -90.39261181280948,
              27.095860482870698
            ],
            [
              -90.39252198128106,
              27.095860482870698
            ],
            [
              -90.39252198128106,
              27.09568081981387
            ],
            [
              -90.39243214975265,
              27.09568081981387
            ],
            [
              -90.39243214975265,
              27.09550115675705
            ],
            [
              -90.39234231822424,
              27.09550115675705
            ],
            [
              -90.39234231822424,
              27.095411325228635
            ],
            [
              -90.39225248669582,
              27.095411325228635
            ],
            [
              -90.39225248669582,
              27.0951418306434
            ],
            [
              -90.39216265516741,
              27.0951418306434
            ],
            [
              -90.39216265516741,
              27.094962167586576
            ],
            [
              -90.39207282363901,
              27.094962167586576
            ],
            [
              -90.39207282363901,
              27.094872336058167
            ],
            [
              -90.3919829921106,
              27.094872336058167
            ],
            [
              -90.3919829921106,
              27.094782504529753
            ],
            [
              -90.39180332905377,
              27.094782504529753
            ],
            [
              -90.39180332905377,
              27.09460284147293
            ],
            [
              -90.39171349752536,
              27.09460284147293
            ],
            [
              -90.39171349752536,
              27.094423178416104
            ],
            [
              -90.39144400294012,
              27.094423178416104
            ],
            [
              -90.39144400294012,
              27.094333346887694
            ],
            [
              -90.3913541714117,
              27.094333346887694
            ],
            [
              -90.3913541714117,
              27.09424351535928
            ],
            [
              -90.39117450835488,
              27.09424351535928
            ],
            [
              -90.39117450835488,
              27.094153683830868
            ],
            [
              -90.39108467682648,
              27.094153683830868
            ],
            [
              -90.39108467682648,
              27.094063852302458
            ],
            [
              -90.39099484529807,
              27.094063852302458
            ],
            [
              -90.39099484529807,
              27.093974020774045
            ],
            [
              -90.39090501376965,
              27.093974020774045
            ],
            [
              -90.39090501376965,
              27.093794357717222
            ],
            [
              -90.39081518224124,
              27.093794357717222
            ],
            [
              -90.39081518224124,
              27.09370452618881
            ],
            [
              -90.39072535071283,
              27.09370452618881
            ],
            [
              -90.39072535071283,
              27.093524863131986
            ],
            [
              -90.39063551918441,
              27.093524863131986
            ],
            [
              -90.39063551918441,
              27.093435031603573
            ],
            [
              -90.390545687656,
              27.093435031603573
            ],
            [
              -90.390545687656,
              27.093345200075163
            ],
            [
              -90.39036602459917,
              27.093345200075163
            ],
            [
              -90.39036602459917,
              27.09325536854675
            ],
            [
              -90.3897372039003,
              27.09325536854675
            ],
            [
              -90.3897372039003,
              27.093075705489927
            ],
            [
              -90.38964737237188,
              27.093075705489927
            ],
            [
              -90.38964737237188,
              27.093165537018336
            ],
            [
              -90.38955754084347,
              27.093165537018336
            ],
            [
              -90.38955754084347,
              27.093075705489927
            ],
            [
              -90.38946770931506,
              27.093075705489927
            ],
            [
              -90.38946770931506,
              27.092985873961513
            ],
            [
              -90.38928804625823,
              27.092985873961513
            ],
            [
              -90.38928804625823,
              27.092896042433104
            ],
            [
              -90.38919821472982,
              27.092896042433104
            ],
            [
              -90.38919821472982,
              27.092177390205805
            ],
            [
              -90.38910838320142,
              27.092177390205805
            ],
            [
              -90.38910838320142,
              27.091907895620572
            ],
            [
              -90.389018551673,
              27.091907895620572
            ],
            [
              -90.389018551673,
              27.091638401035336
            ],
            [
              -90.38892872014459,
              27.091638401035336
            ],
            [
              -90.38892872014459,
              27.091548569506923
            ],
            [
              -90.38883888861618,
              27.091548569506923
            ],
            [
              -90.38883888861618,
              27.09145873797851
            ],
            [
              -90.38874905708776,
              27.09145873797851
            ],
            [
              -90.38874905708776,
              27.0913689064501
            ],
            [
              -90.38865922555935,
              27.0913689064501
            ],
            [
              -90.38865922555935,
              27.091279074921687
            ],
            [
              -90.38856939403094,
              27.091279074921687
            ],
            [
              -90.38856939403094,
              27.091189243393274
            ],
            [
              -90.38847956250252,
              27.091189243393274
            ],
            [
              -90.38847956250252,
              27.091099411864864
            ],
            [
              -90.38838973097411,
              27.091099411864864
            ],
            [
              -90.38838973097411,
              27.09100958033645
            ],
            [
              -90.3882998994457,
              27.09100958033645
            ],
            [
              -90.3882998994457,
              27.090829917279628
            ],
            [
              -90.38821006791729,
              27.090829917279628
            ],
            [
              -90.38821006791729,
              27.090650254222805
            ],
            [
              -90.38812023638889,
              27.090650254222805
            ],
            [
              -90.38812023638889,
              27.09038075963757
            ],
            [
              -90.38803040486047,
              27.09038075963757
            ],
            [
              -90.38803040486047,
              27.090290928109155
            ],
            [
              -90.38794057333206,
              27.090290928109155
            ],
            [
              -90.38794057333206,
              27.090111265052332
            ],
            [
              -90.38785074180365,
              27.090111265052332
            ],
            [
              -90.38785074180365,
              27.08993160199551
            ],
            [
              -90.38776091027523,
              27.08993160199551
            ],
            [
              -90.38776091027523,
              27.089662107410273
            ],
            [
              -90.3875812472184,
              27.089662107410273
            ],
            [
              -90.3875812472184,
              27.089392612825037
            ],
            [
              -90.38659310040588,
              27.089392612825037
            ],
            [
              -90.38659310040588,
              27.089302781296624
            ],
            [
              -90.38650326887746,
              27.089302781296624
            ],
            [
              -90.38650326887746,
              27.089033286711388
            ],
            [
              -90.38641343734905,
              27.089033286711388
            ],
            [
              -90.38641343734905,
              27.088853623654565
            ],
            [
              -90.38632360582064,
              27.088853623654565
            ],
            [
              -90.38632360582064,
              27.08876379212615
            ],
            [
              -90.38623377429222,
              27.08876379212615
            ],
            [
              -90.38623377429222,
              27.088673960597742
            ],
            [
              -90.38614394276382,
              27.088673960597742
            ],
            [
              -90.38614394276382,
              27.088494297540915
            ],
            [
              -90.385964279707,
              27.088494297540915
            ],
            [
              -90.385964279707,
              27.088314634484092
            ],
            [
              -90.38578461665017,
              27.088314634484092
            ],
            [
              -90.38578461665017,
              27.08813497142727
            ],
            [
              -90.38560495359334,
              27.08813497142727
            ],
            [
              -90.38560495359334,
              27.088045139898856
            ],
            [
              -90.3853354590081,
              27.088045139898856
            ],
            [
              -90.3853354590081,
              27.087955308370447
            ],
            [
              -90.38506596442288,
              27.087955308370447
            ],
            [
              -90.38506596442288,
              27.087865476842033
            ],
            [
              -90.38497613289447,
              27.087865476842033
            ],
            [
              -90.38497613289447,
              27.08777564531362
            ],
            [
              -90.38488630136605,
              27.08777564531362
            ],
            [
              -90.38488630136605,
              27.087595982256797
            ],
            [
              -90.38479646983764,
              27.087595982256797
            ],
            [
              -90.38479646983764,
              27.087506150728384
            ],
            [
              -90.38470663830923,
              27.087506150728384
            ],
            [
              -90.38470663830923,
              27.08732648767156
            ],
            [
              -90.38461680678081,
              27.08732648767156
            ],
            [
              -90.38461680678081,
              27.087236656143148
            ],
            [
              -90.3845269752524,
              27.087236656143148
            ],
            [
              -90.3845269752524,
              27.087146824614738
            ],
            [
              -90.38443714372399,
              27.087146824614738
            ],
            [
              -90.38443714372399,
              27.086967161557915
            ],
            [
              -90.38434731219557,
              27.086967161557915
            ],
            [
              -90.38434731219557,
              27.086877330029502
            ],
            [
              -90.38425748066716,
              27.086877330029502
            ],
            [
              -90.38425748066716,
              27.08678749850109
            ],
            [
              -90.38416764913876,
              27.08678749850109
            ],
            [
              -90.38416764913876,
              27.08669766697268
            ],
            [
              -90.38407781761035,
              27.08669766697268
            ],
            [
              -90.38407781761035,
              27.086607835444266
            ],
            [
              -90.38398798608193,
              27.086607835444266
            ],
            [
              -90.38398798608193,
              27.086518003915852
            ],
            [
              -90.38389815455352,
              27.086518003915852
            ],
            [
              -90.38389815455352,
              27.086428172387443
            ],
            [
              -90.38380832302511,
              27.086428172387443
            ],
            [
              -90.38380832302511,
              27.08633834085903
            ],
            [
              -90.3837184914967,
              27.08633834085903
            ],
            [
              -90.3837184914967,
              27.086248509330616
            ],
            [
              -90.38362865996828,
              27.086248509330616
            ],
            [
              -90.38362865996828,
              27.086158677802207
            ],
            [
              -90.38353882843987,
              27.086158677802207
            ],
            [
              -90.38353882843987,
              27.086068846273793
            ],
            [
              -90.38344899691145,
              27.086068846273793
            ],
            [
              -90.38344899691145,
              27.08588918321697
            ],
            [
              -90.38326933385463,
              27.08588918321697
            ],
            [
              -90.38326933385463,
              27.085799351688557
            ],
            [
              -90.38317950232623,
              27.085799351688557
            ],
            [
              -90.38317950232623,
              27.085619688631734
            ],
            [
              -90.38308967079782,
              27.085619688631734
            ],
            [
              -90.38308967079782,
              27.08552985710332
            ],
            [
              -90.3829998392694,
              27.08552985710332
            ],
            [
              -90.3829998392694,
              27.08544002557491
            ],
            [
              -90.38291000774099,
              27.08544002557491
            ],
            [
              -90.38291000774099,
              27.085260362518085
            ],
            [
              -90.38282017621258,
              27.085260362518085
            ],
            [
              -90.38282017621258,
              27.085170530989675
            ],
            [
              -90.38273034468416,
              27.085170530989675
            ],
            [
              -90.38273034468416,
              27.085080699461262
            ],
            [
              -90.38264051315575,
              27.085080699461262
            ],
            [
              -90.38264051315575,
              27.084990867932852
            ],
            [
              -90.38255068162734,
              27.084990867932852
            ],
            [
              -90.38255068162734,
              27.084811204876026
            ],
            [
              -90.38246085009892,
              27.084811204876026
            ],
            [
              -90.38246085009892,
              27.084631541819203
            ],
            [
              -90.38237101857051,
              27.084631541819203
            ],
            [
              -90.38237101857051,
              27.08454171029079
            ],
            [
              -90.3822811870421,
              27.08454171029079
            ],
            [
              -90.3822811870421,
              27.08445187876238
            ],
            [
              -90.3821913555137,
              27.08445187876238
            ],
            [
              -90.3821913555137,
              27.084362047233967
            ],
            [
              -90.38201169245687,
              27.084362047233967
            ],
            [
              -90.38201169245687,
              27.084272215705553
            ],
            [
              -90.38165236634322,
              27.084272215705553
            ],
            [
              -90.38165236634322,
              27.084182384177144
            ],
            [
              -90.38147270328639,
              27.084182384177144
            ],
            [
              -90.38147270328639,
              27.08409255264873
            ],
            [
              -90.38138287175798,
              27.08409255264873
            ],
            [
              -90.38138287175798,
              27.084182384177144
            ],
            [
              -90.38129304022956,
              27.084182384177144
            ],
            [
              -90.38129304022956,
              27.08409255264873
            ],
            [
              -90.38120320870117,
              27.08409255264873
            ],
            [
              -90.38120320870117,
              27.084002721120317
            ],
            [
              -90.38102354564434,
              27.084002721120317
            ],
            [
              -90.38102354564434,
              27.083823058063494
            ],
            [
              -90.38093371411593,
              27.083823058063494
            ],
            [
              -90.38093371411593,
              27.083733226535085
            ],
            [
              -90.38084388258751,
              27.083733226535085
            ],
            [
              -90.38084388258751,
              27.083373900421435
            ],
            [
              -90.3807540510591,
              27.083373900421435
            ],
            [
              -90.3807540510591,
              27.083284068893022
            ],
            [
              -90.38066421953069,
              27.083284068893022
            ],
            [
              -90.38066421953069,
              27.0831044058362
            ],
            [
              -90.38057438800227,
              27.0831044058362
            ],
            [
              -90.38057438800227,
              27.082834911250963
            ],
            [
              -90.38039472494545,
              27.082834911250963
            ],
            [
              -90.38039472494545,
              27.082745079722553
            ],
            [
              -90.38021506188863,
              27.082745079722553
            ],
            [
              -90.38021506188863,
              27.08265524819414
            ],
            [
              -90.38012523036022,
              27.08265524819414
            ],
            [
              -90.38012523036022,
              27.082565416665727
            ],
            [
              -90.3799455673034,
              27.082565416665727
            ],
            [
              -90.3799455673034,
              27.082385753608904
            ],
            [
              -90.37985573577498,
              27.082385753608904
            ],
            [
              -90.37985573577498,
              27.082116259023667
            ],
            [
              -90.37976590424657,
              27.082116259023667
            ],
            [
              -90.37976590424657,
              27.082026427495254
            ],
            [
              -90.37967607271815,
              27.082026427495254
            ],
            [
              -90.37967607271815,
              27.081936595966845
            ],
            [
              -90.37958624118974,
              27.081936595966845
            ],
            [
              -90.37958624118974,
              27.08175693291002
            ],
            [
              -90.37949640966133,
              27.08175693291002
            ],
            [
              -90.37949640966133,
              27.08166710138161
            ],
            [
              -90.37940657813292,
              27.08166710138161
            ],
            [
              -90.37940657813292,
              27.081577269853195
            ],
            [
              -90.3793167466045,
              27.081577269853195
            ],
            [
              -90.3793167466045,
              27.081487438324785
            ],
            [
              -90.3792269150761,
              27.081487438324785
            ],
            [
              -90.3792269150761,
              27.08130777526796
            ],
            [
              -90.37913708354769,
              27.08130777526796
            ],
            [
              -90.37913708354769,
              27.08121794373955
            ],
            [
              -90.37904725201928,
              27.08121794373955
            ],
            [
              -90.37904725201928,
              27.081038280682723
            ],
            [
              -90.37895742049086,
              27.081038280682723
            ],
            [
              -90.37895742049086,
              27.0808586176259
            ],
            [
              -90.37886758896245,
              27.0808586176259
            ],
            [
              -90.37886758896245,
              27.080678954569077
            ],
            [
              -90.37877775743404,
              27.080678954569077
            ],
            [
              -90.37877775743404,
              27.080589123040664
            ],
            [
              -90.37868792590562,
              27.080589123040664
            ],
            [
              -90.37868792590562,
              27.080499291512254
            ],
            [
              -90.37859809437721,
              27.080499291512254
            ],
            [
              -90.37859809437721,
              27.08040945998384
            ],
            [
              -90.3785082628488,
              27.08040945998384
            ],
            [
              -90.3785082628488,
              27.080229796927018
            ],
            [
              -90.37841843132038,
              27.080229796927018
            ],
            [
              -90.37841843132038,
              27.07996030234178
            ],
            [
              -90.37832859979197,
              27.07996030234178
            ],
            [
              -90.37832859979197,
              27.07987047081337
            ],
            [
              -90.37823876826357,
              27.07987047081337
            ],
            [
              -90.37823876826357,
              27.079690807756545
            ],
            [
              -90.37814893673516,
              27.079690807756545
            ],
            [
              -90.37814893673516,
              27.079600976228132
            ],
            [
              -90.37805910520675,
              27.079600976228132
            ],
            [
              -90.37805910520675,
              27.079511144699723
            ],
            [
              -90.37796927367833,
              27.079511144699723
            ],
            [
              -90.37796927367833,
              27.079331481642896
            ],
            [
              -90.3777896106215,
              27.079331481642896
            ],
            [
              -90.3777896106215,
              27.079241650114486
            ],
            [
              -90.37769977909309,
              27.079241650114486
            ],
            [
              -90.37769977909309,
              27.07906198705766
            ],
            [
              -90.37760994756468,
              27.07906198705766
            ],
            [
              -90.37760994756468,
              27.07897215552925
            ],
            [
              -90.37743028450785,
              27.07897215552925
            ],
            [
              -90.37743028450785,
              27.078792492472427
            ],
            [
              -90.37734045297944,
              27.078792492472427
            ],
            [
              -90.37734045297944,
              27.078702660944014
            ],
            [
              -90.3769811268658,
              27.078702660944014
            ],
            [
              -90.3769811268658,
              27.0786128294156
            ],
            [
              -90.37662180075215,
              27.0786128294156
            ],
            [
              -90.37662180075215,
              27.07852299788719
            ],
            [
              -90.37653196922373,
              27.07852299788719
            ],
            [
              -90.37653196922373,
              27.0786128294156
            ],
            [
              -90.37635230616691,
              27.0786128294156
            ],
            [
              -90.37635230616691,
              27.07852299788719
            ],
            [
              -90.3761726431101,
              27.07852299788719
            ],
            [
              -90.3761726431101,
              27.078433166358778
            ],
            [
              -90.37608281158168,
              27.078433166358778
            ],
            [
              -90.37608281158168,
              27.078343334830365
            ],
            [
              -90.37599298005327,
              27.078343334830365
            ],
            [
              -90.37599298005327,
              27.078433166358778
            ],
            [
              -90.37590314852486,
              27.078433166358778
            ],
            [
              -90.37590314852486,
              27.078343334830365
            ],
            [
              -90.37572348546803,
              27.078343334830365
            ],
            [
              -90.37572348546803,
              27.078433166358778
            ],
            [
              -90.37563365393962,
              27.078433166358778
            ],
            [
              -90.37563365393962,
              27.07852299788719
            ],
            [
              -90.37518449629756,
              27.07852299788719
            ],
            [
              -90.37518449629756,
              27.078433166358778
            ],
            [
              -90.37509466476915,
              27.078433166358778
            ],
            [
              -90.37509466476915,
              27.078343334830365
            ],
            [
              -90.37518449629756,
              27.078343334830365
            ],
            [
              -90.37518449629756,
              27.078253503301955
            ],
            [
              -90.37509466476915,
              27.078253503301955
            ],
            [
              -90.37509466476915,
              27.07816367177354
            ],
            [
              -90.37500483324074,
              27.07816367177354
            ],
            [
              -90.37500483324074,
              27.07807384024513
            ],
            [
              -90.37509466476915,
              27.07807384024513
            ],
            [
              -90.37509466476915,
              27.077894177188305
            ],
            [
              -90.37527432782598,
              27.077894177188305
            ],
            [
              -90.37527432782598,
              27.077804345659896
            ],
            [
              -90.37545399088279,
              27.077804345659896
            ],
            [
              -90.37545399088279,
              27.077714514131483
            ],
            [
              -90.3755438224112,
              27.077714514131483
            ],
            [
              -90.3755438224112,
              27.07762468260307
            ],
            [
              -90.37563365393962,
              27.07762468260307
            ],
            [
              -90.37563365393962,
              27.077445019546246
            ],
            [
              -90.37581331699644,
              27.077445019546246
            ],
            [
              -90.37581331699644,
              27.077085693432597
            ],
            [
              -90.37572348546803,
              27.077085693432597
            ],
            [
              -90.37572348546803,
              27.076906030375774
            ],
            [
              -90.37563365393962,
              27.076906030375774
            ],
            [
              -90.37563365393962,
              27.076995861904187
            ],
            [
              -90.3755438224112,
              27.076995861904187
            ],
            [
              -90.3755438224112,
              27.07672636731895
            ],
            [
              -90.37545399088279,
              27.07672636731895
            ],
            [
              -90.37545399088279,
              27.076636535790538
            ],
            [
              -90.37536415935438,
              27.076636535790538
            ],
            [
              -90.37536415935438,
              27.076546704262128
            ],
            [
              -90.37527432782598,
              27.076546704262128
            ],
            [
              -90.37527432782598,
              27.076456872733715
            ],
            [
              -90.37518449629756,
              27.076456872733715
            ],
            [
              -90.37518449629756,
              27.0763670412053
            ],
            [
              -90.37500483324074,
              27.0763670412053
            ],
            [
              -90.37500483324074,
              27.076277209676892
            ],
            [
              -90.37482517018391,
              27.076277209676892
            ],
            [
              -90.37482517018391,
              27.07618737814848
            ],
            [
              -90.3747353386555,
              27.07618737814848
            ],
            [
              -90.3747353386555,
              27.076097546620066
            ],
            [
              -90.37455567559867,
              27.076097546620066
            ],
            [
              -90.37455567559867,
              27.075648388978006
            ],
            [
              -90.37464550712708,
              27.075648388978006
            ],
            [
              -90.37464550712708,
              27.07573822050642
            ],
            [
              -90.3747353386555,
              27.07573822050642
            ],
            [
              -90.3747353386555,
              27.075558557449597
            ],
            [
              -90.37482517018391,
              27.075558557449597
            ],
            [
              -90.37482517018391,
              27.07528906286436
            ],
            [
              -90.37464550712708,
              27.07528906286436
            ],
            [
              -90.37464550712708,
              27.075109399807534
            ],
            [
              -90.37455567559867,
              27.075109399807534
            ],
            [
              -90.37455567559867,
              27.07492973675071
            ],
            [
              -90.37446584407026,
              27.07492973675071
            ],
            [
              -90.37446584407026,
              27.0748399052223
            ],
            [
              -90.37437601254184,
              27.0748399052223
            ],
            [
              -90.37437601254184,
              27.074750073693888
            ],
            [
              -90.37419634948503,
              27.074750073693888
            ],
            [
              -90.37419634948503,
              27.074660242165475
            ],
            [
              -90.37410651795662,
              27.074660242165475
            ],
            [
              -90.37410651795662,
              27.074480579108652
            ],
            [
              -90.3740166864282,
              27.074480579108652
            ],
            [
              -90.3740166864282,
              27.07439074758024
            ],
            [
              -90.37392685489979,
              27.07439074758024
            ],
            [
              -90.37392685489979,
              27.07430091605183
            ],
            [
              -90.37383702337138,
              27.07430091605183
            ],
            [
              -90.37383702337138,
              27.074121252995003
            ],
            [
              -90.37374719184297,
              27.074121252995003
            ],
            [
              -90.37374719184297,
              27.074031421466593
            ],
            [
              -90.37365736031455,
              27.074031421466593
            ],
            [
              -90.37365736031455,
              27.07394158993818
            ],
            [
              -90.37356752878614,
              27.07394158993818
            ],
            [
              -90.37356752878614,
              27.073672095352944
            ],
            [
              -90.37347769725773,
              27.073672095352944
            ],
            [
              -90.37347769725773,
              27.073582263824534
            ],
            [
              -90.37338786572931,
              27.073582263824534
            ],
            [
              -90.37338786572931,
              27.07349243229612
            ],
            [
              -90.37329803420091,
              27.07349243229612
            ],
            [
              -90.37329803420091,
              27.073402600767707
            ],
            [
              -90.3732082026725,
              27.073402600767707
            ],
            [
              -90.3732082026725,
              27.073222937710884
            ],
            [
              -90.37311837114409,
              27.073222937710884
            ],
            [
              -90.37311837114409,
              27.07313310618247
            ],
            [
              -90.3732082026725,
              27.07313310618247
            ],
            [
              -90.3732082026725,
              27.07286361159724
            ],
            [
              -90.37311837114409,
              27.07286361159724
            ],
            [
              -90.37311837114409,
              27.072683948540412
            ],
            [
              -90.37302853961567,
              27.072683948540412
            ],
            [
              -90.37302853961567,
              27.072414453955176
            ],
            [
              -90.37293870808726,
              27.072414453955176
            ],
            [
              -90.37293870808726,
              27.072234790898353
            ],
            [
              -90.37284887655885,
              27.072234790898353
            ],
            [
              -90.37284887655885,
              27.07214495936994
            ],
            [
              -90.37275904503043,
              27.07214495936994
            ],
            [
              -90.37275904503043,
              27.07205512784153
            ],
            [
              -90.37266921350202,
              27.07205512784153
            ],
            [
              -90.37266921350202,
              27.071965296313117
            ],
            [
              -90.37257938197361,
              27.071965296313117
            ],
            [
              -90.37257938197361,
              27.071875464784707
            ],
            [
              -90.37239971891678,
              27.071875464784707
            ],
            [
              -90.37239971891678,
              27.071785633256294
            ],
            [
              -90.37230988738838,
              27.071785633256294
            ],
            [
              -90.37230988738838,
              27.07169580172788
            ],
            [
              -90.37222005585997,
              27.07169580172788
            ],
            [
              -90.37222005585997,
              27.07160597019947
            ],
            [
              -90.37213022433156,
              27.07160597019947
            ],
            [
              -90.37213022433156,
              27.071516138671058
            ],
            [
              -90.37204039280314,
              27.071516138671058
            ],
            [
              -90.37204039280314,
              27.071336475614235
            ],
            [
              -90.37195056127473,
              27.071336475614235
            ],
            [
              -90.37195056127473,
              27.07124664408582
            ],
            [
              -90.3717708982179,
              27.07124664408582
            ],
            [
              -90.3717708982179,
              27.071066981029
            ],
            [
              -90.37168106668949,
              27.071066981029
            ],
            [
              -90.37168106668949,
              27.070977149500585
            ],
            [
              -90.37159123516108,
              27.070977149500585
            ],
            [
              -90.37159123516108,
              27.070887317972176
            ],
            [
              -90.37150140363266,
              27.070887317972176
            ],
            [
              -90.37150140363266,
              27.070797486443762
            ],
            [
              -90.37141157210425,
              27.070797486443762
            ],
            [
              -90.37141157210425,
              27.07070765491535
            ],
            [
              -90.37132174057585,
              27.07070765491535
            ],
            [
              -90.37132174057585,
              27.070527991858526
            ],
            [
              -90.37123190904744,
              27.070527991858526
            ],
            [
              -90.37123190904744,
              27.070438160330113
            ],
            [
              -90.37114207751902,
              27.070438160330113
            ],
            [
              -90.37114207751902,
              27.070348328801703
            ],
            [
              -90.3709624144622,
              27.070348328801703
            ],
            [
              -90.3709624144622,
              27.070168665744877
            ],
            [
              -90.37087258293379,
              27.070168665744877
            ],
            [
              -90.37087258293379,
              27.069989002688054
            ],
            [
              -90.37078275140537,
              27.069989002688054
            ],
            [
              -90.37078275140537,
              27.069899171159644
            ],
            [
              -90.37069291987696,
              27.069899171159644
            ],
            [
              -90.37069291987696,
              27.069719508102818
            ],
            [
              -90.37060308834855,
              27.069719508102818
            ],
            [
              -90.37060308834855,
              27.069629676574408
            ],
            [
              -90.37051325682013,
              27.069629676574408
            ],
            [
              -90.37051325682013,
              27.069539845045995
            ],
            [
              -90.37042342529172,
              27.069539845045995
            ],
            [
              -90.37042342529172,
              27.06945001351758
            ],
            [
              -90.37033359376332,
              27.06945001351758
            ],
            [
              -90.37033359376332,
              27.069360181989172
            ],
            [
              -90.3702437622349,
              27.069360181989172
            ],
            [
              -90.3702437622349,
              27.069180518932345
            ],
            [
              -90.3701539307065,
              27.069180518932345
            ],
            [
              -90.3701539307065,
              27.069090687403936
            ],
            [
              -90.36997426764967,
              27.069090687403936
            ],
            [
              -90.36997426764967,
              27.06891102434711
            ],
            [
              -90.36988443612125,
              27.06891102434711
            ],
            [
              -90.36988443612125,
              27.0688211928187
            ],
            [
              -90.36979460459284,
              27.0688211928187
            ],
            [
              -90.36979460459284,
              27.068731361290286
            ],
            [
              -90.36970477306443,
              27.068731361290286
            ],
            [
              -90.36970477306443,
              27.068641529761877
            ],
            [
              -90.36961494153601,
              27.068641529761877
            ],
            [
              -90.36961494153601,
              27.068551698233463
            ],
            [
              -90.3695251100076,
              27.068551698233463
            ],
            [
              -90.3695251100076,
              27.06837203517664
            ],
            [
              -90.36943527847919,
              27.06837203517664
            ],
            [
              -90.36943527847919,
              27.068282203648227
            ],
            [
              -90.3695251100076,
              27.068282203648227
            ],
            [
              -90.3695251100076,
              27.068192372119814
            ],
            [
              -90.36943527847919,
              27.068192372119814
            ],
            [
              -90.36943527847919,
              27.06801270906299
            ],
            [
              -90.36934544695079,
              27.06801270906299
            ],
            [
              -90.36934544695079,
              27.067922877534578
            ],
            [
              -90.36925561542238,
              27.067922877534578
            ],
            [
              -90.36925561542238,
              27.067833046006168
            ],
            [
              -90.36916578389396,
              27.067833046006168
            ],
            [
              -90.36916578389396,
              27.067653382949345
            ],
            [
              -90.36907595236555,
              27.067653382949345
            ],
            [
              -90.36907595236555,
              27.06738388836411
            ],
            [
              -90.36898612083714,
              27.06738388836411
            ],
            [
              -90.36898612083714,
              27.067294056835696
            ],
            [
              -90.36889628930872,
              27.067294056835696
            ],
            [
              -90.36889628930872,
              27.067114393778873
            ],
            [
              -90.36880645778031,
              27.067114393778873
            ],
            [
              -90.36880645778031,
              27.066665236136814
            ],
            [
              -90.3687166262519,
              27.066665236136814
            ],
            [
              -90.3687166262519,
              27.066485573079987
            ],
            [
              -90.36862679472348,
              27.066485573079987
            ],
            [
              -90.36862679472348,
              27.066305910023164
            ],
            [
              -90.36853696319507,
              27.066305910023164
            ],
            [
              -90.36853696319507,
              27.06612624696634
            ],
            [
              -90.36844713166666,
              27.06612624696634
            ],
            [
              -90.36844713166666,
              27.066036415437928
            ],
            [
              -90.36835730013826,
              27.066036415437928
            ],
            [
              -90.36835730013826,
              27.065946583909515
            ],
            [
              -90.36826746860984,
              27.065946583909515
            ],
            [
              -90.36826746860984,
              27.065856752381105
            ],
            [
              -90.36817763708143,
              27.065856752381105
            ],
            [
              -90.36817763708143,
              27.065677089324282
            ],
            [
              -90.36808780555302,
              27.065677089324282
            ],
            [
              -90.36808780555302,
              27.06513810015381
            ],
            [
              -90.3679979740246,
              27.06513810015381
            ],
            [
              -90.3679979740246,
              27.064958437096983
            ],
            [
              -90.36808780555302,
              27.064958437096983
            ],
            [
              -90.36808780555302,
              27.064868605568574
            ],
            [
              -90.3679979740246,
              27.064868605568574
            ],
            [
              -90.3679979740246,
              27.064419447926515
            ],
            [
              -90.36790814249619,
              27.064419447926515
            ],
            [
              -90.36790814249619,
              27.06414995334128
            ],
            [
              -90.36781831096778,
              27.06414995334128
            ],
            [
              -90.36781831096778,
              27.063970290284452
            ],
            [
              -90.36763864791095,
              27.063970290284452
            ],
            [
              -90.36763864791095,
              27.06379062722763
            ],
            [
              -90.36745898485412,
              27.06379062722763
            ],
            [
              -90.36745898485412,
              27.063610964170806
            ],
            [
              -90.36736915332573,
              27.063610964170806
            ],
            [
              -90.36736915332573,
              27.063521132642393
            ],
            [
              -90.36727932179731,
              27.063521132642393
            ],
            [
              -90.36727932179731,
              27.063431301113983
            ],
            [
              -90.3671894902689,
              27.063431301113983
            ],
            [
              -90.3671894902689,
              27.06334146958557
            ],
            [
              -90.36709965874049,
              27.06334146958557
            ],
            [
              -90.36709965874049,
              27.063251638057157
            ],
            [
              -90.36700982721207,
              27.063251638057157
            ],
            [
              -90.36700982721207,
              27.063161806528747
            ],
            [
              -90.36691999568366,
              27.063161806528747
            ],
            [
              -90.36691999568366,
              27.063071975000334
            ],
            [
              -90.36683016415525,
              27.063071975000334
            ],
            [
              -90.36683016415525,
              27.06298214347192
            ],
            [
              -90.36674033262683,
              27.06298214347192
            ],
            [
              -90.36674033262683,
              27.06289231194351
            ],
            [
              -90.36665050109842,
              27.06289231194351
            ],
            [
              -90.36665050109842,
              27.062802480415098
            ],
            [
              -90.36656066957,
              27.062802480415098
            ],
            [
              -90.36656066957,
              27.062712648886688
            ],
            [
              -90.3663810065132,
              27.062712648886688
            ],
            [
              -90.3663810065132,
              27.06253298582986
            ],
            [
              -90.36629117498478,
              27.06253298582986
            ],
            [
              -90.36629117498478,
              27.06244315430145
            ],
            [
              -90.36620134345637,
              27.06244315430145
            ],
            [
              -90.36620134345637,
              27.06235332277304
            ],
            [
              -90.36611151192795,
              27.06235332277304
            ],
            [
              -90.36611151192795,
              27.062263491244625
            ],
            [
              -90.36602168039954,
              27.062263491244625
            ],
            [
              -90.36602168039954,
              27.062083828187802
            ],
            [
              -90.36593184887113,
              27.062083828187802
            ],
            [
              -90.36593184887113,
              27.06190416513098
            ],
            [
              -90.36584201734271,
              27.06190416513098
            ],
            [
              -90.36584201734271,
              27.061814333602566
            ],
            [
              -90.3657521858143,
              27.061814333602566
            ],
            [
              -90.3657521858143,
              27.061724502074156
            ],
            [
              -90.36566235428589,
              27.061724502074156
            ],
            [
              -90.36566235428589,
              27.06145500748892
            ],
            [
              -90.36557252275747,
              27.06145500748892
            ],
            [
              -90.36557252275747,
              27.061185512903684
            ],
            [
              -90.36548269122906,
              27.061185512903684
            ],
            [
              -90.36548269122906,
              27.060916018318448
            ],
            [
              -90.36539285970066,
              27.060916018318448
            ],
            [
              -90.36539285970066,
              27.060826186790035
            ],
            [
              -90.36530302817225,
              27.060826186790035
            ],
            [
              -90.36530302817225,
              27.060736355261625
            ],
            [
              -90.36521319664384,
              27.060736355261625
            ],
            [
              -90.36521319664384,
              27.06064652373321
            ],
            [
              -90.36503353358701,
              27.06064652373321
            ],
            [
              -90.36503353358701,
              27.0605566922048
            ],
            [
              -90.3649437020586,
              27.0605566922048
            ],
            [
              -90.3649437020586,
              27.06046686067639
            ],
            [
              -90.36476403900177,
              27.06046686067639
            ],
            [
              -90.36476403900177,
              27.060377029147975
            ],
            [
              -90.36467420747336,
              27.060377029147975
            ],
            [
              -90.36467420747336,
              27.060287197619562
            ],
            [
              -90.36458437594494,
              27.060287197619562
            ],
            [
              -90.36458437594494,
              27.060017703034326
            ],
            [
              -90.36449454441653,
              27.060017703034326
            ],
            [
              -90.36449454441653,
              27.059838039977503
            ],
            [
              -90.36440471288813,
              27.059838039977503
            ],
            [
              -90.36440471288813,
              27.05965837692068
            ],
            [
              -90.36431488135972,
              27.05965837692068
            ],
            [
              -90.36431488135972,
              27.059568545392267
            ],
            [
              -90.36413521830289,
              27.059568545392267
            ],
            [
              -90.36413521830289,
              27.059388882335444
            ],
            [
              -90.36377589218924,
              27.059388882335444
            ],
            [
              -90.36377589218924,
              27.056244778841027
            ],
            [
              -90.36386572371765,
              27.056244778841027
            ],
            [
              -90.36386572371765,
              27.056154947312614
            ],
            [
              -90.36395555524606,
              27.056154947312614
            ],
            [
              -90.36395555524606,
              27.056244778841027
            ],
            [
              -90.36404538677448,
              27.056244778841027
            ],
            [
              -90.36404538677448,
              27.056334610369436
            ],
            [
              -90.36413521830289,
              27.056334610369436
            ],
            [
              -90.36413521830289,
              27.05642444189785
            ],
            [
              -90.3642250498313,
              27.05642444189785
            ],
            [
              -90.3642250498313,
              27.056514273426263
            ],
            [
              -90.36431488135972,
              27.056514273426263
            ],
            [
              -90.36431488135972,
              27.056693936483086
            ],
            [
              -90.36449454441653,
              27.056693936483086
            ],
            [
              -90.36449454441653,
              27.05687359953991
            ],
            [
              -90.36458437594494,
              27.05687359953991
            ],
            [
              -90.36458437594494,
              27.056963431068322
            ],
            [
              -90.36467420747336,
              27.056963431068322
            ],
            [
              -90.36467420747336,
              27.057143094125145
            ],
            [
              -90.36485387053018,
              27.057143094125145
            ],
            [
              -90.36485387053018,
              27.057322757181968
            ],
            [
              -90.3649437020586,
              27.057322757181968
            ],
            [
              -90.3649437020586,
              27.05741258871038
            ],
            [
              -90.36503353358701,
              27.05741258871038
            ],
            [
              -90.36503353358701,
              27.057502420238794
            ],
            [
              -90.36521319664384,
              27.057502420238794
            ],
            [
              -90.36521319664384,
              27.05786174635244
            ],
            [
              -90.36530302817225,
              27.05786174635244
            ],
            [
              -90.36530302817225,
              27.057951577880853
            ],
            [
              -90.36539285970066,
              27.057951577880853
            ],
            [
              -90.36539285970066,
              27.058131240937676
            ],
            [
              -90.36557252275747,
              27.058131240937676
            ],
            [
              -90.36557252275747,
              27.0583109039945
            ],
            [
              -90.36566235428589,
              27.0583109039945
            ],
            [
              -90.36566235428589,
              27.058400735522913
            ],
            [
              -90.3657521858143,
              27.058400735522913
            ],
            [
              -90.3657521858143,
              27.058490567051326
            ],
            [
              -90.36593184887113,
              27.058490567051326
            ],
            [
              -90.36593184887113,
              27.058760061636562
            ],
            [
              -90.36602168039954,
              27.058760061636562
            ],
            [
              -90.36602168039954,
              27.05884989316497
            ],
            [
              -90.36611151192795,
              27.05884989316497
            ],
            [
              -90.36611151192795,
              27.058939724693385
            ],
            [
              -90.36629117498478,
              27.058939724693385
            ],
            [
              -90.36629117498478,
              27.059119387750208
            ],
            [
              -90.3663810065132,
              27.059119387750208
            ],
            [
              -90.3663810065132,
              27.05920921927862
            ],
            [
              -90.3664708380416,
              27.05920921927862
            ],
            [
              -90.3664708380416,
              27.05929905080703
            ],
            [
              -90.36656066957,
              27.05929905080703
            ],
            [
              -90.36656066957,
              27.059568545392267
            ],
            [
              -90.3671894902689,
              27.059568545392267
            ],
            [
              -90.3671894902689,
              27.05965837692068
            ],
            [
              -90.36727932179731,
              27.05965837692068
            ],
            [
              -90.36727932179731,
              27.059568545392267
            ],
            [
              -90.36736915332573,
              27.059568545392267
            ],
            [
              -90.36736915332573,
              27.05965837692068
            ],
            [
              -90.36763864791095,
              27.05965837692068
            ],
            [
              -90.36763864791095,
              27.059568545392267
            ],
            [
              -90.36772847943936,
              27.059568545392267
            ],
            [
              -90.36772847943936,
              27.059478713863857
            ],
            [
              -90.36781831096778,
              27.059478713863857
            ],
            [
              -90.36781831096778,
              27.059568545392267
            ],
            [
              -90.36808780555302,
              27.059568545392267
            ],
            [
              -90.36808780555302,
              27.05965837692068
            ],
            [
              -90.36826746860984,
              27.05965837692068
            ],
            [
              -90.36826746860984,
              27.059748208449093
            ],
            [
              -90.36844713166666,
              27.059748208449093
            ],
            [
              -90.36844713166666,
              27.059838039977503
            ],
            [
              -90.36853696319507,
              27.059838039977503
            ],
            [
              -90.36853696319507,
              27.059927871505916
            ],
            [
              -90.36862679472348,
              27.059927871505916
            ],
            [
              -90.36862679472348,
              27.060017703034326
            ],
            [
              -90.36880645778031,
              27.060017703034326
            ],
            [
              -90.36880645778031,
              27.060197366091153
            ],
            [
              -90.36889628930872,
              27.060197366091153
            ],
            [
              -90.36889628930872,
              27.060287197619562
            ],
            [
              -90.36898612083714,
              27.060287197619562
            ],
            [
              -90.36898612083714,
              27.060377029147975
            ],
            [
              -90.36907595236555,
              27.060377029147975
            ],
            [
              -90.36907595236555,
              27.060287197619562
            ],
            [
              -90.36916578389396,
              27.060287197619562
            ],
            [
              -90.36916578389396,
              27.06046686067639
            ],
            [
              -90.36943527847919,
              27.06046686067639
            ],
            [
              -90.36943527847919,
              27.06064652373321
            ],
            [
              -90.3695251100076,
              27.06064652373321
            ],
            [
              -90.3695251100076,
              27.060916018318448
            ],
            [
              -90.36961494153601,
              27.060916018318448
            ],
            [
              -90.36961494153601,
              27.061005849846858
            ],
            [
              -90.36970477306443,
              27.061005849846858
            ],
            [
              -90.36970477306443,
              27.06109568137527
            ],
            [
              -90.36988443612125,
              27.06109568137527
            ],
            [
              -90.36988443612125,
              27.061634670545743
            ],
            [
              -90.36979460459284,
              27.061634670545743
            ],
            [
              -90.36979460459284,
              27.061724502074156
            ],
            [
              -90.36988443612125,
              27.061724502074156
            ],
            [
              -90.36988443612125,
              27.06199399665939
            ],
            [
              -90.36979460459284,
              27.06199399665939
            ],
            [
              -90.36979460459284,
              27.062083828187802
            ],
            [
              -90.36988443612125,
              27.062083828187802
            ],
            [
              -90.36988443612125,
              27.06244315430145
            ],
            [
              -90.36997426764967,
              27.06244315430145
            ],
            [
              -90.36997426764967,
              27.062622817358275
            ],
            [
              -90.3701539307065,
              27.062622817358275
            ],
            [
              -90.3701539307065,
              27.062802480415098
            ],
            [
              -90.3702437622349,
              27.062802480415098
            ],
            [
              -90.3702437622349,
              27.06289231194351
            ],
            [
              -90.37060308834855,
              27.06289231194351
            ],
            [
              -90.37060308834855,
              27.063071975000334
            ],
            [
              -90.37069291987696,
              27.063071975000334
            ],
            [
              -90.37069291987696,
              27.063161806528747
            ],
            [
              -90.37078275140537,
              27.063161806528747
            ],
            [
              -90.37078275140537,
              27.06334146958557
            ],
            [
              -90.37087258293379,
              27.06334146958557
            ],
            [
              -90.37087258293379,
              27.063431301113983
            ],
            [
              -90.37078275140537,
              27.063431301113983
            ],
            [
              -90.37078275140537,
              27.063610964170806
            ],
            [
              -90.37087258293379,
              27.063610964170806
            ],
            [
              -90.37087258293379,
              27.06370079569922
            ],
            [
              -90.37078275140537,
              27.06370079569922
            ],
            [
              -90.37078275140537,
              27.063880458756042
            ],
            [
              -90.37087258293379,
              27.063880458756042
            ],
            [
              -90.37087258293379,
              27.063970290284452
            ],
            [
              -90.3709624144622,
              27.063970290284452
            ],
            [
              -90.3709624144622,
              27.064239784869688
            ],
            [
              -90.37114207751902,
              27.064239784869688
            ],
            [
              -90.37114207751902,
              27.064419447926515
            ],
            [
              -90.37123190904744,
              27.064419447926515
            ],
            [
              -90.37123190904744,
              27.064599110983337
            ],
            [
              -90.37132174057585,
              27.064599110983337
            ],
            [
              -90.37132174057585,
              27.06477877404016
            ],
            [
              -90.37141157210425,
              27.06477877404016
            ],
            [
              -90.37141157210425,
              27.064958437096983
            ],
            [
              -90.37132174057585,
              27.064958437096983
            ],
            [
              -90.37132174057585,
              27.065497426267456
            ],
            [
              -90.37123190904744,
              27.065497426267456
            ],
            [
              -90.37123190904744,
              27.06558725779587
            ],
            [
              -90.37105224599061,
              27.06558725779587
            ],
            [
              -90.37105224599061,
              27.065677089324282
            ],
            [
              -90.3709624144622,
              27.065677089324282
            ],
            [
              -90.3709624144622,
              27.065946583909515
            ],
            [
              -90.37105224599061,
              27.065946583909515
            ],
            [
              -90.37105224599061,
              27.06621607849475
            ],
            [
              -90.37123190904744,
              27.06621607849475
            ],
            [
              -90.37123190904744,
              27.066305910023164
            ],
            [
              -90.37105224599061,
              27.066305910023164
            ],
            [
              -90.37105224599061,
              27.066395741551577
            ],
            [
              -90.37114207751902,
              27.066395741551577
            ],
            [
              -90.37114207751902,
              27.066665236136814
            ],
            [
              -90.37123190904744,
              27.066665236136814
            ],
            [
              -90.37123190904744,
              27.066755067665223
            ],
            [
              -90.37132174057585,
              27.066755067665223
            ],
            [
              -90.37132174057585,
              27.066844899193637
            ],
            [
              -90.37141157210425,
              27.066844899193637
            ],
            [
              -90.37141157210425,
              27.066934730722046
            ],
            [
              -90.37159123516108,
              27.066934730722046
            ],
            [
              -90.37159123516108,
              27.06702456225046
            ],
            [
              -90.37150140363266,
              27.06702456225046
            ],
            [
              -90.37150140363266,
              27.067114393778873
            ],
            [
              -90.37168106668949,
              27.067114393778873
            ],
            [
              -90.37168106668949,
              27.06738388836411
            ],
            [
              -90.37186072974632,
              27.06738388836411
            ],
            [
              -90.37186072974632,
              27.06747371989252
            ],
            [
              -90.37213022433156,
              27.06747371989252
            ],
            [
              -90.37213022433156,
              27.067743214477755
            ],
            [
              -90.37222005585997,
              27.067743214477755
            ],
            [
              -90.37222005585997,
              27.067922877534578
            ],
            [
              -90.37230988738838,
              27.067922877534578
            ],
            [
              -90.37230988738838,
              27.067833046006168
            ],
            [
              -90.37239971891678,
              27.067833046006168
            ],
            [
              -90.37239971891678,
              27.068102540591404
            ],
            [
              -90.37213022433156,
              27.068102540591404
            ],
            [
              -90.37213022433156,
              27.068282203648227
            ],
            [
              -90.37222005585997,
              27.068282203648227
            ],
            [
              -90.37222005585997,
              27.06837203517664
            ],
            [
              -90.37230988738838,
              27.06837203517664
            ],
            [
              -90.37230988738838,
              27.068282203648227
            ],
            [
              -90.37239971891678,
              27.068282203648227
            ],
            [
              -90.37239971891678,
              27.06846186670505
            ],
            [
              -90.37257938197361,
              27.06846186670505
            ],
            [
              -90.37257938197361,
              27.068282203648227
            ],
            [
              -90.37266921350202,
              27.068282203648227
            ],
            [
              -90.37266921350202,
              27.068192372119814
            ],
            [
              -90.37275904503043,
              27.068192372119814
            ],
            [
              -90.37275904503043,
              27.068282203648227
            ],
            [
              -90.37302853961567,
              27.068282203648227
            ],
            [
              -90.37302853961567,
              27.068192372119814
            ],
            [
              -90.37311837114409,
              27.068192372119814
            ],
            [
              -90.37311837114409,
              27.068282203648227
            ],
            [
              -90.3732082026725,
              27.068282203648227
            ],
            [
              -90.3732082026725,
              27.06837203517664
            ],
            [
              -90.37329803420091,
              27.06837203517664
            ],
            [
              -90.37329803420091,
              27.06846186670505
            ],
            [
              -90.3732082026725,
              27.06846186670505
            ],
            [
              -90.3732082026725,
              27.068551698233463
            ],
            [
              -90.37329803420091,
              27.068551698233463
            ],
            [
              -90.37329803420091,
              27.068641529761877
            ],
            [
              -90.37347769725773,
              27.068641529761877
            ],
            [
              -90.37347769725773,
              27.0688211928187
            ],
            [
              -90.37365736031455,
              27.0688211928187
            ],
            [
              -90.37365736031455,
              27.06891102434711
            ],
            [
              -90.37383702337138,
              27.06891102434711
            ],
            [
              -90.37383702337138,
              27.069000855875522
            ],
            [
              -90.37392685489979,
              27.069000855875522
            ],
            [
              -90.37392685489979,
              27.069090687403936
            ],
            [
              -90.3740166864282,
              27.069090687403936
            ],
            [
              -90.3740166864282,
              27.069180518932345
            ],
            [
              -90.37410651795662,
              27.069180518932345
            ],
            [
              -90.37410651795662,
              27.06927035046076
            ],
            [
              -90.37419634948503,
              27.06927035046076
            ],
            [
              -90.37419634948503,
              27.069360181989172
            ],
            [
              -90.37428618101345,
              27.069360181989172
            ],
            [
              -90.37428618101345,
              27.069539845045995
            ],
            [
              -90.37446584407026,
              27.069539845045995
            ],
            [
              -90.37446584407026,
              27.069629676574408
            ],
            [
              -90.37455567559867,
              27.069629676574408
            ],
            [
              -90.37455567559867,
              27.069719508102818
            ],
            [
              -90.37464550712708,
              27.069719508102818
            ],
            [
              -90.37464550712708,
              27.06980933963123
            ],
            [
              -90.3747353386555,
              27.06980933963123
            ],
            [
              -90.3747353386555,
              27.069989002688054
            ],
            [
              -90.37491500171232,
              27.069989002688054
            ],
            [
              -90.37491500171232,
              27.070078834216467
            ],
            [
              -90.37500483324074,
              27.070078834216467
            ],
            [
              -90.37500483324074,
              27.070168665744877
            ],
            [
              -90.37509466476915,
              27.070168665744877
            ],
            [
              -90.37509466476915,
              27.07025849727329
            ],
            [
              -90.37518449629756,
              27.07025849727329
            ],
            [
              -90.37518449629756,
              27.070168665744877
            ],
            [
              -90.37527432782598,
              27.070168665744877
            ],
            [
              -90.37527432782598,
              27.07025849727329
            ],
            [
              -90.37536415935438,
              27.07025849727329
            ],
            [
              -90.37536415935438,
              27.070348328801703
            ],
            [
              -90.37563365393962,
              27.070348328801703
            ],
            [
              -90.37563365393962,
              27.070438160330113
            ],
            [
              -90.37581331699644,
              27.070438160330113
            ],
            [
              -90.37581331699644,
              27.070527991858526
            ],
            [
              -90.37590314852486,
              27.070527991858526
            ],
            [
              -90.37590314852486,
              27.07061782338694
            ],
            [
              -90.37599298005327,
              27.07061782338694
            ],
            [
              -90.37599298005327,
              27.07070765491535
            ],
            [
              -90.37608281158168,
              27.07070765491535
            ],
            [
              -90.37608281158168,
              27.070797486443762
            ],
            [
              -90.3761726431101,
              27.070797486443762
            ],
            [
              -90.3761726431101,
              27.070887317972176
            ],
            [
              -90.37626247463851,
              27.070887317972176
            ],
            [
              -90.37626247463851,
              27.070977149500585
            ],
            [
              -90.37635230616691,
              27.070977149500585
            ],
            [
              -90.37635230616691,
              27.071066981029
            ],
            [
              -90.37644213769532,
              27.071066981029
            ],
            [
              -90.37644213769532,
              27.071426307142644
            ],
            [
              -90.37653196922373,
              27.071426307142644
            ],
            [
              -90.37653196922373,
              27.07205512784153
            ],
            [
              -90.37644213769532,
              27.07205512784153
            ],
            [
              -90.37644213769532,
              27.07214495936994
            ],
            [
              -90.37653196922373,
              27.07214495936994
            ],
            [
              -90.37653196922373,
              27.072234790898353
            ],
            [
              -90.37644213769532,
              27.072234790898353
            ],
            [
              -90.37644213769532,
              27.072324622426766
            ],
            [
              -90.37653196922373,
              27.072324622426766
            ],
            [
              -90.37653196922373,
              27.07250428548359
            ],
            [
              -90.37671163228056,
              27.07250428548359
            ],
            [
              -90.37671163228056,
              27.072773780068825
            ],
            [
              -90.37662180075215,
              27.072773780068825
            ],
            [
              -90.37662180075215,
              27.07286361159724
            ],
            [
              -90.37671163228056,
              27.07286361159724
            ],
            [
              -90.37671163228056,
              27.07313310618247
            ],
            [
              -90.37680146380897,
              27.07313310618247
            ],
            [
              -90.37680146380897,
              27.073312769239298
            ],
            [
              -90.37689129533739,
              27.073312769239298
            ],
            [
              -90.37689129533739,
              27.073402600767707
            ],
            [
              -90.3769811268658,
              27.073402600767707
            ],
            [
              -90.3769811268658,
              27.073312769239298
            ],
            [
              -90.37707095839421,
              27.073312769239298
            ],
            [
              -90.37707095839421,
              27.07349243229612
            ],
            [
              -90.37689129533739,
              27.07349243229612
            ],
            [
              -90.37689129533739,
              27.073582263824534
            ],
            [
              -90.3769811268658,
              27.073582263824534
            ],
            [
              -90.3769811268658,
              27.073672095352944
            ],
            [
              -90.37707095839421,
              27.073672095352944
            ],
            [
              -90.37707095839421,
              27.07385175840977
            ],
            [
              -90.3769811268658,
              27.07385175840977
            ],
            [
              -90.3769811268658,
              27.07394158993818
            ],
            [
              -90.37707095839421,
              27.07394158993818
            ],
            [
              -90.37707095839421,
              27.074121252995003
            ],
            [
              -90.37716078992263,
              27.074121252995003
            ],
            [
              -90.37716078992263,
              27.07430091605183
            ],
            [
              -90.37725062145104,
              27.07430091605183
            ],
            [
              -90.37725062145104,
              27.07439074758024
            ],
            [
              -90.37743028450785,
              27.07439074758024
            ],
            [
              -90.37743028450785,
              27.074570410637065
            ],
            [
              -90.37760994756468,
              27.074570410637065
            ],
            [
              -90.37760994756468,
              27.074480579108652
            ],
            [
              -90.37769977909309,
              27.074480579108652
            ],
            [
              -90.37769977909309,
              27.07439074758024
            ],
            [
              -90.3777896106215,
              27.07439074758024
            ],
            [
              -90.3777896106215,
              27.074480579108652
            ],
            [
              -90.37787944214992,
              27.074480579108652
            ],
            [
              -90.37787944214992,
              27.07430091605183
            ],
            [
              -90.37796927367833,
              27.07430091605183
            ],
            [
              -90.37796927367833,
              27.07439074758024
            ],
            [
              -90.37805910520675,
              27.07439074758024
            ],
            [
              -90.37805910520675,
              27.07430091605183
            ],
            [
              -90.37814893673516,
              27.07430091605183
            ],
            [
              -90.37814893673516,
              27.07439074758024
            ],
            [
              -90.37823876826357,
              27.07439074758024
            ],
            [
              -90.37823876826357,
              27.074480579108652
            ],
            [
              -90.37832859979197,
              27.074480579108652
            ],
            [
              -90.37832859979197,
              27.074660242165475
            ],
            [
              -90.3785082628488,
              27.074660242165475
            ],
            [
              -90.3785082628488,
              27.0748399052223
            ],
            [
              -90.37859809437721,
              27.0748399052223
            ],
            [
              -90.37859809437721,
              27.07492973675071
            ],
            [
              -90.37868792590562,
              27.07492973675071
            ],
            [
              -90.37868792590562,
              27.075019568279124
            ],
            [
              -90.37886758896245,
              27.075019568279124
            ],
            [
              -90.37886758896245,
              27.07528906286436
            ],
            [
              -90.37895742049086,
              27.07528906286436
            ],
            [
              -90.37895742049086,
              27.07537889439277
            ],
            [
              -90.37904725201928,
              27.07537889439277
            ],
            [
              -90.37904725201928,
              27.075468725921183
            ],
            [
              -90.3792269150761,
              27.075468725921183
            ],
            [
              -90.3792269150761,
              27.075558557449597
            ],
            [
              -90.3793167466045,
              27.075558557449597
            ],
            [
              -90.3793167466045,
              27.075468725921183
            ],
            [
              -90.37940657813292,
              27.075468725921183
            ],
            [
              -90.37940657813292,
              27.075558557449597
            ],
            [
              -90.37949640966133,
              27.075558557449597
            ],
            [
              -90.37949640966133,
              27.075468725921183
            ],
            [
              -90.37958624118974,
              27.075468725921183
            ],
            [
              -90.37958624118974,
              27.075558557449597
            ],
            [
              -90.37967607271815,
              27.075558557449597
            ],
            [
              -90.37967607271815,
              27.075648388978006
            ],
            [
              -90.37976590424657,
              27.075648388978006
            ],
            [
              -90.37976590424657,
              27.07573822050642
            ],
            [
              -90.3799455673034,
              27.07573822050642
            ],
            [
              -90.3799455673034,
              27.075828052034833
            ],
            [
              -90.38003539883181,
              27.075828052034833
            ],
            [
              -90.38003539883181,
              27.076007715091656
            ],
            [
              -90.38012523036022,
              27.076007715091656
            ],
            [
              -90.38012523036022,
              27.076097546620066
            ],
            [
              -90.38030489341703,
              27.076097546620066
            ],
            [
              -90.38030489341703,
              27.076277209676892
            ],
            [
              -90.38039472494545,
              27.076277209676892
            ],
            [
              -90.38039472494545,
              27.076456872733715
            ],
            [
              -90.38048455647386,
              27.076456872733715
            ],
            [
              -90.38048455647386,
              27.076906030375774
            ],
            [
              -90.38057438800227,
              27.076906030375774
            ],
            [
              -90.38057438800227,
              27.076816198847364
            ],
            [
              -90.38066421953069,
              27.076816198847364
            ],
            [
              -90.38066421953069,
              27.077085693432597
            ],
            [
              -90.38057438800227,
              27.077085693432597
            ],
            [
              -90.38057438800227,
              27.07717552496101
            ],
            [
              -90.38066421953069,
              27.07717552496101
            ],
            [
              -90.38066421953069,
              27.077265356489423
            ],
            [
              -90.3807540510591,
              27.077265356489423
            ],
            [
              -90.3807540510591,
              27.077355188017833
            ],
            [
              -90.38084388258751,
              27.077355188017833
            ],
            [
              -90.38084388258751,
              27.07762468260307
            ],
            [
              -90.3807540510591,
              27.07762468260307
            ],
            [
              -90.3807540510591,
              27.077804345659896
            ],
            [
              -90.38066421953069,
              27.077804345659896
            ],
            [
              -90.38066421953069,
              27.077894177188305
            ],
            [
              -90.38057438800227,
              27.077894177188305
            ],
            [
              -90.38057438800227,
              27.07798400871672
            ],
            [
              -90.38048455647386,
              27.07798400871672
            ],
            [
              -90.38048455647386,
              27.07807384024513
            ],
            [
              -90.38039472494545,
              27.07807384024513
            ],
            [
              -90.38039472494545,
              27.07852299788719
            ],
            [
              -90.38048455647386,
              27.07852299788719
            ],
            [
              -90.38048455647386,
              27.078702660944014
            ],
            [
              -90.38066421953069,
              27.078702660944014
            ],
            [
              -90.38066421953069,
              27.078792492472427
            ],
            [
              -90.38057438800227,
              27.078792492472427
            ],
            [
              -90.38057438800227,
              27.078882324000837
            ],
            [
              -90.3807540510591,
              27.078882324000837
            ],
            [
              -90.3807540510591,
              27.07897215552925
            ],
            [
              -90.38084388258751,
              27.07897215552925
            ],
            [
              -90.38084388258751,
              27.07906198705766
            ],
            [
              -90.38093371411593,
              27.07906198705766
            ],
            [
              -90.38093371411593,
              27.07897215552925
            ],
            [
              -90.38102354564434,
              27.07897215552925
            ],
            [
              -90.38102354564434,
              27.07906198705766
            ],
            [
              -90.38138287175798,
              27.07906198705766
            ],
            [
              -90.38138287175798,
              27.079151818586073
            ],
            [
              -90.38147270328639,
              27.079151818586073
            ],
            [
              -90.38147270328639,
              27.07906198705766
            ],
            [
              -90.38165236634322,
              27.07906198705766
            ],
            [
              -90.38165236634322,
              27.07897215552925
            ],
            [
              -90.38183202940004,
              27.07897215552925
            ],
            [
              -90.38183202940004,
              27.07906198705766
            ],
            [
              -90.38192186092846,
              27.07906198705766
            ],
            [
              -90.38192186092846,
              27.079151818586073
            ],
            [
              -90.38210152398528,
              27.079151818586073
            ],
            [
              -90.38210152398528,
              27.079511144699723
            ],
            [
              -90.3821913555137,
              27.079511144699723
            ],
            [
              -90.3821913555137,
              27.079600976228132
            ],
            [
              -90.38210152398528,
              27.079600976228132
            ],
            [
              -90.38210152398528,
              27.079690807756545
            ],
            [
              -90.38201169245687,
              27.079690807756545
            ],
            [
              -90.38201169245687,
              27.079600976228132
            ],
            [
              -90.38183202940004,
              27.079600976228132
            ],
            [
              -90.38183202940004,
              27.079690807756545
            ],
            [
              -90.38174219787163,
              27.079690807756545
            ],
            [
              -90.38174219787163,
              27.07996030234178
            ],
            [
              -90.38183202940004,
              27.07996030234178
            ],
            [
              -90.38183202940004,
              27.08005013387019
            ],
            [
              -90.38192186092846,
              27.08005013387019
            ],
            [
              -90.38192186092846,
              27.080139965398605
            ],
            [
              -90.38210152398528,
              27.080139965398605
            ],
            [
              -90.38210152398528,
              27.080229796927018
            ],
            [
              -90.38201169245687,
              27.080229796927018
            ],
            [
              -90.38201169245687,
              27.080319628455428
            ],
            [
              -90.38210152398528,
              27.080319628455428
            ],
            [
              -90.38210152398528,
              27.080499291512254
            ],
            [
              -90.3821913555137,
              27.080499291512254
            ],
            [
              -90.3821913555137,
              27.080589123040664
            ],
            [
              -90.3822811870421,
              27.080589123040664
            ],
            [
              -90.3822811870421,
              27.080678954569077
            ],
            [
              -90.38237101857051,
              27.080678954569077
            ],
            [
              -90.38237101857051,
              27.08076878609749
            ],
            [
              -90.38255068162734,
              27.08076878609749
            ],
            [
              -90.38255068162734,
              27.0808586176259
            ],
            [
              -90.38264051315575,
              27.0808586176259
            ],
            [
              -90.38264051315575,
              27.080948449154313
            ],
            [
              -90.38273034468416,
              27.080948449154313
            ],
            [
              -90.38273034468416,
              27.081038280682723
            ],
            [
              -90.38291000774099,
              27.081038280682723
            ],
            [
              -90.38291000774099,
              27.08121794373955
            ],
            [
              -90.38317950232623,
              27.08121794373955
            ],
            [
              -90.38317950232623,
              27.08130777526796
            ],
            [
              -90.38308967079782,
              27.08130777526796
            ],
            [
              -90.38308967079782,
              27.081397606796372
            ],
            [
              -90.38326933385463,
              27.081397606796372
            ],
            [
              -90.38326933385463,
              27.081487438324785
            ],
            [
              -90.38353882843987,
              27.081487438324785
            ],
            [
              -90.38353882843987,
              27.081397606796372
            ],
            [
              -90.38362865996828,
              27.081397606796372
            ],
            [
              -90.38362865996828,
              27.081577269853195
            ],
            [
              -90.38380832302511,
              27.081577269853195
            ],
            [
              -90.38380832302511,
              27.081487438324785
            ],
            [
              -90.38389815455352,
              27.081487438324785
            ],
            [
              -90.38389815455352,
              27.081397606796372
            ],
            [
              -90.3837184914967,
              27.081397606796372
            ],
            [
              -90.3837184914967,
              27.08121794373955
            ],
            [
              -90.38380832302511,
              27.08121794373955
            ],
            [
              -90.38380832302511,
              27.081128112211136
            ],
            [
              -90.38389815455352,
              27.081128112211136
            ],
            [
              -90.38389815455352,
              27.081038280682723
            ],
            [
              -90.3837184914967,
              27.081038280682723
            ],
            [
              -90.3837184914967,
              27.0808586176259
            ],
            [
              -90.38362865996828,
              27.0808586176259
            ],
            [
              -90.38362865996828,
              27.08076878609749
            ],
            [
              -90.3837184914967,
              27.08076878609749
            ],
            [
              -90.3837184914967,
              27.080678954569077
            ],
            [
              -90.38362865996828,
              27.080678954569077
            ],
            [
              -90.38362865996828,
              27.080499291512254
            ]
          ],
          [
            [
              -90.39081518224124,
              27.093524863131986
            ],
            [
              -90.39081518224124,
              27.093435031603573
            ],
            [
              -90.39072535071283,
              27.093435031603573
            ],
            [
              -90.39072535071283,
              27.093524863131986
            ],
            [
              -90.39081518224124,
              27.093524863131986
            ]
          ],
          [
            [
              -90.3807540510591,
              27.0831044058362
            ],
            [
              -90.3807540510591,
              27.083014574307786
            ],
            [
              -90.38066421953069,
              27.083014574307786
            ],
            [
              -90.38066421953069,
              27.0831044058362
            ],
            [
              -90.3807540510591,
              27.0831044058362
            ]
          ],
          [
            [
              -90.37563365393962,
              27.077714514131483
            ],
            [
              -90.37572348546803,
              27.077714514131483
            ],
            [
              -90.37572348546803,
              27.07762468260307
            ],
            [
              -90.37563365393962,
              27.07762468260307
            ],
            [
              -90.37563365393962,
              27.077714514131483
            ]
          ],
          [
            [
              -90.37689129533739,
              27.073672095352944
            ],
            [
              -90.37689129533739,
              27.073761926881357
            ],
            [
              -90.3769811268658,
              27.073761926881357
            ],
            [
              -90.3769811268658,
              27.073672095352944
            ],
            [
              -90.37689129533739,
              27.073672095352944
            ]
          ],
          [
            [
              -90.38614394276382,
              27.08364339500667
            ],
            [
              -90.38614394276382,
              27.083733226535085
            ],
            [
              -90.38623377429222,
              27.083733226535085
            ],
            [
              -90.38623377429222,
              27.08364339500667
            ],
            [
              -90.38614394276382,
              27.08364339500667
            ]
          ]
        ]
      },
      "properties": {
        "feature_type": "observed_detection",
        "event_id": "00260_00608_new_0010",
        "observation_time": "2024-05-13T00:00:00+00:00",
        "area_m2": 2530230.61
      }
    },
    {
      "type": "Feature",
      "id": "00260_00608_new_0010_p001_w010",
      "geometry": {
        "type": "LineString",
        "coordinates": [
          [
            -90.388489,
            27.084126
          ],
          [
            -90.390576,
            27.081852
          ],
          [
            -90.392663,
            27.079577
          ],
          [
            -90.39475,
            27.077303
          ],
          [
            -90.396837,
            27.075029
          ],
          [
            -90.398924,
            27.072755
          ],
          [
            -90.401011,
            27.07048
          ],
          [
            -90.403098,
            27.068206
          ],
          [
            -90.405185,
            27.065932
          ],
          [
            -90.407271,
            27.063657
          ],
          [
            -90.409358,
            27.061383
          ],
          [
            -90.411445,
            27.059109
          ],
          [
            -90.413531,
            27.056835
          ],
          [
            -90.415618,
            27.05456
          ],
          [
            -90.417705,
            27.052286
          ],
          [
            -90.419791,
            27.050012
          ],
          [
            -90.421878,
            27.047738
          ],
          [
            -90.423964,
            27.045463
          ],
          [
            -90.42605,
            27.043189
          ],
          [
            -90.428137,
            27.040915
          ],
          [
            -90.430223,
            27.03864
          ],
          [
            -90.432309,
            27.036366
          ],
          [
            -90.434395,
            27.034092
          ],
          [
            -90.436482,
            27.031818
          ],
          [
            -90.438568,
            27.029543
          ],
          [
            -90.440654,
            27.027269
          ],
          [
            -90.44274,
            27.024995
          ],
          [
            -90.444826,
            27.02272
          ],
          [
            -90.446912,
            27.020446
          ],
          [
            -90.448998,
            27.018172
          ],
          [
            -90.451084,
            27.015898
          ],
          [
            -90.453169,
            27.013623
          ],
          [
            -90.455255,
            27.011349
          ],
          [
            -90.457341,
            27.009075
          ],
          [
            -90.459427,
            27.0068
          ],
          [
            -90.461512,
            27.004526
          ],
          [
            -90.463598,
            27.002252
          ],
          [
            -90.465684,
            26.999977
          ],
          [
            -90.467769,
            26.997703
          ],
          [
            -90.469855,
            26.995429
          ],
          [
            -90.47194,
            26.993155
          ],
          [
            -90.474025,
            26.99088
          ],
          [
            -90.476111,
            26.988606
          ],
          [
            -90.478196,
            26.986332
          ],
          [
            -90.480281,
            26.984057
          ],
          [
            -90.482367,
            26.981783
          ],
          [
            -90.484452,
            26.979509
          ],
          [
            -90.486537,
            26.977234
          ]
        ]
      },
      "properties": {
        "feature_type": "trajectory_line",
        "particle_id": "00260_00608_new_0010_p001_w010",
        "windage_factor": 0.01,
        "initial_point": [
          -90.386402,
          27.0864
        ],
        "terminal_point": [
          -90.486537,
          26.977234
        ],
        "step_count": 48,
        "total_distance_m": 15653.67,
        "net_displacement_m": 15653.67
      }
    },
    {
      "type": "Feature",
      "id": "00260_00608_new_0010_p002_w020",
      "geometry": {
        "type": "LineString",
        "coordinates": [
          [
            -90.387854,
            27.083476
          ],
          [
            -90.389306,
            27.080552
          ],
          [
            -90.390758,
            27.077628
          ],
          [
            -90.392209,
            27.074704
          ],
          [
            -90.393661,
            27.07178
          ],
          [
            -90.395113,
            27.068856
          ],
          [
            -90.396565,
            27.065932
          ],
          [
            -90.398016,
            27.063008
          ],
          [
            -90.399468,
            27.060084
          ],
          [
            -90.400919,
            27.05716
          ],
          [
            -90.402371,
            27.054235
          ],
          [
            -90.403822,
            27.051311
          ],
          [
            -90.405274,
            27.048387
          ],
          [
            -90.406725,
            27.045463
          ],
          [
            -90.408177,
            27.042539
          ],
          [
            -90.409628,
            27.039615
          ],
          [
            -90.411079,
            27.036691
          ],
          [
            -90.412531,
            27.033767
          ],
          [
            -90.413982,
            27.030843
          ],
          [
            -90.415433,
            27.027919
          ],
          [
            -90.416884,
            27.024995
          ],
          [
            -90.418335,
            27.022071
          ],
          [
            -90.419787,
            27.019146
          ],
          [
            -90.421238,
            27.016222
          ],
          [
            -90.422689,
            27.013298
          ],
          [
            -90.42414,
            27.010374
          ],
          [
            -90.425591,
            27.00745
          ],
          [
            -90.427041,
            27.004526
          ],
          [
            -90.428492,
            27.001602
          ],
          [
            -90.429943,
            26.998678
          ],
          [
            -90.431394,
            26.995754
          ],
          [
            -90.432845,
            26.99283
          ],
          [
            -90.434295,
            26.989906
          ],
          [
            -90.435746,
            26.986981
          ],
          [
            -90.437197,
            26.984057
          ],
          [
            -90.438647,
            26.981133
          ],
          [
            -90.440098,
            26.978209
          ],
          [
            -90.441548,
            26.975285
          ],
          [
            -90.442999,
            26.972361
          ],
          [
            -90.444449,
            26.969437
          ],
          [
            -90.4459,
            26.966513
          ],
          [
            -90.44735,
            26.963589
          ],
          [
            -90.448801,
            26.960665
          ],
          [
            -90.450251,
            26.95774
          ],
          [
            -90.451701,
            26.954816
          ],
          [
            -90.453151,
            26.951892
          ],
          [
            -90.454602,
            26.948968
          ],
          [
            -90.456052,
            26.946044
          ]
        ]
      },
      "properties": {
        "feature_type": "trajectory_line",
        "particle_id": "00260_00608_new_0010_p002_w020",
        "windage_factor": 0.02,
        "initial_point": [
          -90.386402,
          27.0864
        ],
        "terminal_point": [
          -90.456052,
          26.946044
        ],
        "step_count": 48,
        "total_distance_m": 17018.83,
        "net_displacement_m": 17018.83
      }
    },
    {
      "type": "Feature",
      "id": "00260_00608_new_0010_p003_w030",
      "geometry": {
        "type": "LineString",
        "coordinates": [
          [
            -90.387219,
            27.082826
          ],
          [
            -90.388035,
            27.079252
          ],
          [
            -90.388852,
            27.075679
          ],
          [
            -90.389669,
            27.072105
          ],
          [
            -90.390485,
            27.068531
          ],
          [
            -90.391302,
            27.064957
          ],
          [
            -90.392118,
            27.061383
          ],
          [
            -90.392935,
            27.057809
          ],
          [
            -90.393751,
            27.054235
          ],
          [
            -90.394568,
            27.050662
          ],
          [
            -90.395384,
            27.047088
          ],
          [
            -90.396201,
            27.043514
          ],
          [
            -90.397017,
            27.03994
          ],
          [
            -90.397833,
            27.036366
          ],
          [
            -90.39865,
            27.032792
          ],
          [
            -90.399466,
            27.029218
          ],
          [
            -90.400282,
            27.025644
          ],
          [
            -90.401099,
            27.022071
          ],
          [
            -90.401915,
            27.018497
          ],
          [
            -90.402731,
            27.014923
          ],
          [
            -90.403547,
            27.011349
          ],
          [
            -90.404363,
            27.007775
          ],
          [
            -90.40518,
            27.004201
          ],
          [
            -90.405996,
            27.000627
          ],
          [
            -90.406812,
            26.997053
          ],
          [
            -90.407628,
            26.993479
          ],
          [
            -90.408444,
            26.989906
          ],
          [
            -90.40926,
            26.986332
          ],
          [
            -90.410076,
            26.982758
          ],
          [
            -90.410892,
            26.979184
          ],
          [
            -90.411708,
            26.97561
          ],
          [
            -90.412524,
            26.972036
          ],
          [
            -90.41334,
            26.968462
          ],
          [
            -90.414155,
            26.964888
          ],
          [
            -90.414971,
            26.961314
          ],
          [
            -90.415787,
            26.95774
          ],
          [
            -90.416603,
            26.954167
          ],
          [
            -90.417419,
            26.950593
          ],
          [
            -90.418234,
            26.947019
          ],
          [
            -90.41905,
            26.943445
          ],
          [
            -90.419866,
            26.939871
          ],
          [
            -90.420681,
            26.936297
          ],
          [
            -90.421497,
            26.932723
          ],
          [
            -90.422313,
            26.929149
          ],
          [
            -90.423128,
            26.925575
          ],
          [
            -90.423944,
            26.922001
          ],
          [
            -90.424759,
            26.918427
          ],
          [
            -90.425575,
            26.914853
          ]
        ]
      },
      "properties": {
        "feature_type": "trajectory_line",
        "particle_id": "00260_00608_new_0010_p003_w030",
        "windage_factor": 0.03,
        "initial_point": [
          -90.386402,
          27.0864
        ],
        "terminal_point": [
          -90.425575,
          26.914853
        ],
        "step_count": 48,
        "total_distance_m": 19401.56,
        "net_displacement_m": 19401.56
      }
    },
    {
      "type": "Feature",
      "id": "00260_00608_new_0010_p004_w040",
      "geometry": {
        "type": "LineString",
        "coordinates": [
          [
            -90.386583,
            27.082177
          ],
          [
            -90.386765,
            27.077953
          ],
          [
            -90.386946,
            27.073729
          ],
          [
            -90.387128,
            27.069506
          ],
          [
            -90.387309,
            27.065282
          ],
          [
            -90.387491,
            27.061058
          ],
          [
            -90.387672,
            27.056835
          ],
          [
            -90.387854,
            27.052611
          ],
          [
            -90.388035,
            27.048387
          ],
          [
            -90.388217,
            27.044164
          ],
          [
            -90.388398,
            27.03994
          ],
          [
            -90.388579,
            27.035716
          ],
          [
            -90.388761,
            27.031493
          ],
          [
            -90.388942,
            27.027269
          ],
          [
            -90.389124,
            27.023045
          ],
          [
            -90.389305,
            27.018822
          ],
          [
            -90.389486,
            27.014598
          ],
          [
            -90.389668,
            27.010374
          ],
          [
            -90.389849,
            27.006151
          ],
          [
            -90.39003,
            27.001927
          ],
          [
            -90.390212,
            26.997703
          ],
          [
            -90.390393,
            26.993479
          ],
          [
            -90.390574,
            26.989256
          ],
          [
            -90.390756,
            26.985032
          ],
          [
            -90.390937,
            26.980808
          ],
          [
            -90.391118,
            26.976585
          ],
          [
            -90.3913,
            26.972361
          ],
          [
            -90.391481,
            26.968137
          ],
          [
            -90.391662,
            26.963914
          ],
          [
            -90.391844,
            26.95969
          ],
          [
            -90.392025,
            26.955466
          ],
          [
            -90.392206,
            26.951242
          ],
          [
            -90.392388,
            26.947019
          ],
          [
            -90.392569,
            26.942795
          ],
          [
            -90.39275,
            26.938571
          ],
          [
            -90.392931,
            26.934347
          ],
          [
            -90.393113,
            26.930124
          ],
          [
            -90.393294,
            26.9259
          ],
          [
            -90.393475,
            26.921676
          ],
          [
            -90.393656,
            26.917453
          ],
          [
            -90.393837,
            26.913229
          ],
          [
            -90.394019,
            26.909005
          ],
          [
            -90.3942,
            26.904781
          ],
          [
            -90.394381,
            26.900558
          ],
          [
            -90.394562,
            26.896334
          ],
          [
            -90.394743,
            26.89211
          ],
          [
            -90.394925,
            26.887886
          ],
          [
            -90.395106,
            26.883663
          ]
        ]
      },
      "properties": {
        "feature_type": "trajectory_line",
        "particle_id": "00260_00608_new_0010_p004_w040",
        "windage_factor": 0.04,
        "initial_point": [
          -90.386402,
          27.0864
        ],
        "terminal_point": [
          -90.395106,
          26.883663
        ],
        "step_count": 48,
        "total_distance_m": 22480.61,
        "net_displacement_m": 22480.61
      }
    },
    {
      "type": "Feature",
      "id": "00260_00608_new_0010_p005_w010",
      "geometry": {
        "type": "LineString",
        "coordinates": [
          [
            -90.407258,
            27.10813
          ],
          [
            -90.409345,
            27.105856
          ],
          [
            -90.411433,
            27.103581
          ],
          [
            -90.41352,
            27.101307
          ],
          [
            -90.415608,
            27.099033
          ],
          [
            -90.417695,
            27.096759
          ],
          [
            -90.419782,
            27.094484
          ],
          [
            -90.42187,
            27.09221
          ],
          [
            -90.423957,
            27.089936
          ],
          [
            -90.426044,
            27.087662
          ],
          [
            -90.428131,
            27.085387
          ],
          [
            -90.430218,
            27.083113
          ],
          [
            -90.432306,
            27.080839
          ],
          [
            -90.434393,
            27.078564
          ],
          [
            -90.43648,
            27.07629
          ],
          [
            -90.438567,
            27.074016
          ],
          [
            -90.440653,
            27.071742
          ],
          [
            -90.44274,
            27.069467
          ],
          [
            -90.444827,
            27.067193
          ],
          [
            -90.446914,
            27.064919
          ],
          [
            -90.449001,
            27.062645
          ],
          [
            -90.451087,
            27.06037
          ],
          [
            -90.453174,
            27.058096
          ],
          [
            -90.455261,
            27.055822
          ],
          [
            -90.457347,
            27.053547
          ],
          [
            -90.459434,
            27.051273
          ],
          [
            -90.46152,
            27.048999
          ],
          [
            -90.463607,
            27.046725
          ],
          [
            -90.465693,
            27.04445
          ],
          [
            -90.467779,
            27.042176
          ],
          [
            -90.469866,
            27.039902
          ],
          [
            -90.471952,
            27.037628
          ],
          [
            -90.474038,
            27.035353
          ],
          [
            -90.476124,
            27.033079
          ],
          [
            -90.478211,
            27.030805
          ],
          [
            -90.480297,
            27.02853
          ],
          [
            -90.482383,
            27.026256
          ],
          [
            -90.484469,
            27.023982
          ],
          [
            -90.486555,
            27.021708
          ],
          [
            -90.488641,
            27.019433
          ],
          [
            -90.490727,
            27.017159
          ],
          [
            -90.492812,
            27.014885
          ],
          [
            -90.494898,
            27.01261
          ],
          [
            -90.496984,
            27.010336
          ],
          [
            -90.49907,
            27.008062
          ],
          [
            -90.501155,
            27.005787
          ],
          [
            -90.503241,
            27.003513
          ],
          [
            -90.505327,
            27.001239
          ]
        ]
      },
      "properties": {
        "feature_type": "trajectory_line",
        "particle_id": "00260_00608_new_0010_p005_w010",
        "windage_factor": 0.01,
        "initial_point": [
          -90.40517,
          27.110404
        ],
        "terminal_point": [
          -90.505327,
          27.001239
        ],
        "step_count": 48,
        "total_distance_m": 15653.67,
        "net_displacement_m": 15653.67
      }
    },
    {
      "type": "Feature",
      "id": "00260_00608_new_0010_p006_w020",
      "geometry": {
        "type": "LineString",
        "coordinates": [
          [
            -90.406622,
            27.10748
          ],
          [
            -90.408075,
            27.104556
          ],
          [
            -90.409527,
            27.101632
          ],
          [
            -90.410979,
            27.098708
          ],
          [
            -90.412431,
            27.095784
          ],
          [
            -90.413883,
            27.09286
          ],
          [
            -90.415335,
            27.089936
          ],
          [
            -90.416787,
            27.087012
          ],
          [
            -90.418239,
            27.084088
          ],
          [
            -90.419691,
            27.081164
          ],
          [
            -90.421143,
            27.07824
          ],
          [
            -90.422595,
            27.075316
          ],
          [
            -90.424046,
            27.072391
          ],
          [
            -90.425498,
            27.069467
          ],
          [
            -90.42695,
            27.066543
          ],
          [
            -90.428401,
            27.063619
          ],
          [
            -90.429853,
            27.060695
          ],
          [
            -90.431305,
            27.057771
          ],
          [
            -90.432756,
            27.054847
          ],
          [
            -90.434208,
            27.051923
          ],
          [
            -90.435659,
            27.048999
          ],
          [
            -90.437111,
            27.046075
          ],
          [
            -90.438562,
            27.043151
          ],
          [
            -90.440013,
            27.040227
          ],
          [
            -90.441465,
            27.037303
          ],
          [
            -90.442916,
            27.034379
          ],
          [
            -90.444367,
            27.031454
          ],
          [
            -90.445818,
            27.02853
          ],
          [
            -90.44727,
            27.025606
          ],
          [
            -90.448721,
            27.022682
          ],
          [
            -90.450172,
            27.019758
          ],
          [
            -90.451623,
            27.016834
          ],
          [
            -90.453074,
            27.01391
          ],
          [
            -90.454525,
            27.010986
          ],
          [
            -90.455976,
            27.008062
          ],
          [
            -90.457427,
            27.005138
          ],
          [
            -90.458878,
            27.002214
          ],
          [
            -90.460329,
            26.999289
          ],
          [
            -90.461779,
            26.996365
          ],
          [
            -90.46323,
            26.993441
          ],
          [
            -90.464681,
            26.990517
          ],
          [
            -90.466132,
            26.987593
          ],
          [
            -90.467582,
            26.984669
          ],
          [
            -90.469033,
            26.981745
          ],
          [
            -90.470483,
            26.978821
          ],
          [
            -90.471934,
            26.975897
          ],
          [
            -90.473384,
            26.972973
          ],
          [
            -90.474835,
            26.970048
          ]
        ]
      },
      "properties": {
        "feature_type": "trajectory_line",
        "particle_id": "00260_00608_new_0010_p006_w020",
        "windage_factor": 0.02,
        "initial_point": [
          -90.40517,
          27.110404
        ],
        "terminal_point": [
          -90.474835,
          26.970048
        ],
        "step_count": 48,
        "total_distance_m": 17018.83,
        "net_displacement_m": 17018.83
      }
    },
    {
      "type": "Feature",
      "id": "00260_00608_new_0010_p007_w030",
      "geometry": {
        "type": "LineString",
        "coordinates": [
          [
            -90.405987,
            27.10683
          ],
          [
            -90.406804,
            27.103257
          ],
          [
            -90.407621,
            27.099683
          ],
          [
            -90.408438,
            27.096109
          ],
          [
            -90.409254,
            27.092535
          ],
          [
            -90.410071,
            27.088961
          ],
          [
            -90.410888,
            27.085387
          ],
          [
            -90.411705,
            27.081813
          ],
          [
            -90.412521,
            27.07824
          ],
          [
            -90.413338,
            27.074666
          ],
          [
            -90.414155,
            27.071092
          ],
          [
            -90.414971,
            27.067518
          ],
          [
            -90.415788,
            27.063944
          ],
          [
            -90.416604,
            27.06037
          ],
          [
            -90.417421,
            27.056796
          ],
          [
            -90.418237,
            27.053223
          ],
          [
            -90.419054,
            27.049649
          ],
          [
            -90.41987,
            27.046075
          ],
          [
            -90.420687,
            27.042501
          ],
          [
            -90.421503,
            27.038927
          ],
          [
            -90.422319,
            27.035353
          ],
          [
            -90.423136,
            27.031779
          ],
          [
            -90.423952,
            27.028205
          ],
          [
            -90.424768,
            27.024632
          ],
          [
            -90.425584,
            27.021058
          ],
          [
            -90.426401,
            27.017484
          ],
          [
            -90.427217,
            27.01391
          ],
          [
            -90.428033,
            27.010336
          ],
          [
            -90.428849,
            27.006762
          ],
          [
            -90.429665,
            27.003188
          ],
          [
            -90.430481,
            26.999614
          ],
          [
            -90.431298,
            26.996041
          ],
          [
            -90.432114,
            26.992467
          ],
          [
            -90.43293,
            26.988893
          ],
          [
            -90.433746,
            26.985319
          ],
          [
            -90.434562,
            26.981745
          ],
          [
            -90.435378,
            26.978171
          ],
          [
            -90.436194,
            26.974597
          ],
          [
            -90.437009,
            26.971023
          ],
          [
            -90.437825,
            26.967449
          ],
          [
            -90.438641,
            26.963875
          ],
          [
            -90.439457,
            26.960301
          ],
          [
            -90.440273,
            26.956728
          ],
          [
            -90.441088,
            26.953154
          ],
          [
            -90.441904,
            26.94958
          ],
          [
            -90.44272,
            26.946006
          ],
          [
            -90.443536,
            26.942432
          ],
          [
            -90.444351,
            26.938858
          ]
        ]
      },
      "properties": {
        "feature_type": "trajectory_line",
        "particle_id": "00260_00608_new_0010_p007_w030",
        "windage_factor": 0.03,
        "initial_point": [
          -90.40517,
          27.110404
        ],
        "terminal_point": [
          -90.444351,
          26.938858
        ],
        "step_count": 48,
        "total_distance_m": 19401.56,
        "net_displacement_m": 19401.56
      }
    },
    {
      "type": "Feature",
      "id": "00260_00608_new_0010_p008_w040",
      "geometry": {
        "type": "LineString",
        "coordinates": [
          [
            -90.405352,
            27.106181
          ],
          [
            -90.405533,
            27.101957
          ],
          [
            -90.405715,
            27.097733
          ],
          [
            -90.405896,
            27.09351
          ],
          [
            -90.406078,
            27.089286
          ],
          [
            -90.406259,
            27.085062
          ],
          [
            -90.406441,
            27.080839
          ],
          [
            -90.406622,
            27.076615
          ],
          [
            -90.406804,
            27.072391
          ],
          [
            -90.406985,
            27.068168
          ],
          [
            -90.407167,
            27.063944
          ],
          [
            -90.407348,
            27.059721
          ],
          [
            -90.40753,
            27.055497
          ],
          [
            -90.407711,
            27.051273
          ],
          [
            -90.407892,
            27.04705
          ],
          [
            -90.408074,
            27.042826
          ],
          [
            -90.408255,
            27.038602
          ],
          [
            -90.408437,
            27.034379
          ],
          [
            -90.408618,
            27.030155
          ],
          [
            -90.4088,
            27.025931
          ],
          [
            -90.408981,
            27.021708
          ],
          [
            -90.409162,
            27.017484
          ],
          [
            -90.409344,
            27.01326
          ],
          [
            -90.409525,
            27.009036
          ],
          [
            -90.409706,
            27.004813
          ],
          [
            -90.409888,
            27.000589
          ],
          [
            -90.410069,
            26.996365
          ],
          [
            -90.41025,
            26.992142
          ],
          [
            -90.410432,
            26.987918
          ],
          [
            -90.410613,
            26.983694
          ],
          [
            -90.410794,
            26.979471
          ],
          [
            -90.410976,
            26.975247
          ],
          [
            -90.411157,
            26.971023
          ],
          [
            -90.411338,
            26.966799
          ],
          [
            -90.41152,
            26.962576
          ],
          [
            -90.411701,
            26.958352
          ],
          [
            -90.411882,
            26.954128
          ],
          [
            -90.412064,
            26.949905
          ],
          [
            -90.412245,
            26.945681
          ],
          [
            -90.412426,
            26.941457
          ],
          [
            -90.412607,
            26.937233
          ],
          [
            -90.412789,
            26.93301
          ],
          [
            -90.41297,
            26.928786
          ],
          [
            -90.413151,
            26.924562
          ],
          [
            -90.413332,
            26.920339
          ],
          [
            -90.413514,
            26.916115
          ],
          [
            -90.413695,
            26.911891
          ],
          [
            -90.413876,
            26.907667
          ]
        ]
      },
      "properties": {
        "feature_type": "trajectory_line",
        "particle_id": "00260_00608_new_0010_p008_w040",
        "windage_factor": 0.04,
        "initial_point": [
          -90.40517,
          27.110404
        ],
        "terminal_point": [
          -90.413876,
          26.907667
        ],
        "step_count": 48,
        "total_distance_m": 22480.61,
        "net_displacement_m": 22480.61
      }
    },
    {
      "type": "Feature",
      "id": "00260_00608_new_0010_p009_w010",
      "geometry": {
        "type": "LineString",
        "coordinates": [
          [
            -90.38886,
            27.084019
          ],
          [
            -90.390947,
            27.081745
          ],
          [
            -90.393034,
            27.079471
          ],
          [
            -90.395121,
            27.077196
          ],
          [
            -90.397208,
            27.074922
          ],
          [
            -90.399295,
            27.072648
          ],
          [
            -90.401382,
            27.070374
          ],
          [
            -90.403469,
            27.068099
          ],
          [
            -90.405555,
            27.065825
          ],
          [
            -90.407642,
            27.063551
          ],
          [
            -90.409729,
            27.061276
          ],
          [
            -90.411816,
            27.059002
          ],
          [
            -90.413902,
            27.056728
          ],
          [
            -90.415989,
            27.054454
          ],
          [
            -90.418075,
            27.052179
          ],
          [
            -90.420162,
            27.049905
          ],
          [
            -90.422248,
            27.047631
          ],
          [
            -90.424335,
            27.045356
          ],
          [
            -90.426421,
            27.043082
          ],
          [
            -90.428507,
            27.040808
          ],
          [
            -90.430594,
            27.038534
          ],
          [
            -90.43268,
            27.036259
          ],
          [
            -90.434766,
            27.033985
          ],
          [
            -90.436852,
            27.031711
          ],
          [
            -90.438939,
            27.029437
          ],
          [
            -90.441025,
            27.027162
          ],
          [
            -90.443111,
            27.024888
          ],
          [
            -90.445197,
            27.022614
          ],
          [
            -90.447283,
            27.020339
          ],
          [
            -90.449369,
            27.018065
          ],
          [
            -90.451454,
            27.015791
          ],
          [
            -90.45354,
            27.013516
          ],
          [
            -90.455626,
            27.011242
          ],
          [
            -90.457712,
            27.008968
          ],
          [
            -90.459797,
            27.006694
          ],
          [
            -90.461883,
            27.004419
          ],
          [
            -90.463969,
            27.002145
          ],
          [
            -90.466054,
            26.999871
          ],
          [
            -90.46814,
            26.997596
          ],
          [
            -90.470225,
            26.995322
          ],
          [
            -90.472311,
            26.993048
          ],
          [
            -90.474396,
            26.990774
          ],
          [
            -90.476482,
            26.988499
          ],
          [
            -90.478567,
            26.986225
          ],
          [
            -90.480652,
            26.983951
          ],
          [
            -90.482737,
            26.981676
          ],
          [
            -90.484823,
            26.979402
          ],
          [
            -90.486908,
            26.977128
          ]
        ]
      },
      "properties": {
        "feature_type": "trajectory_line",
        "particle_id": "00260_00608_new_0010_p009_w010",
        "windage_factor": 0.01,
        "initial_point": [
          -90.386773,
          27.086293
        ],
        "terminal_point": [
          -90.486908,
          26.977128
        ],
        "step_count": 48,
        "total_distance_m": 15653.67,
        "net_displacement_m": 15653.67
      }
    },
    {
      "type": "Feature",
      "id": "00260_00608_new_0010_p010_w020",
      "geometry": {
        "type": "LineString",
        "coordinates": [
          [
            -90.388225,
            27.083369
          ],
          [
            -90.389677,
            27.080445
          ],
          [
            -90.391128,
            27.077521
          ],
          [
            -90.39258,
            27.074597
          ],
          [
            -90.394032,
            27.071673
          ],
          [
            -90.395484,
            27.068749
          ],
          [
            -90.396935,
            27.065825
          ],
          [
            -90.398387,
            27.062901
          ],
          [
            -90.399839,
            27.059977
          ],
          [
            -90.40129,
            27.057053
          ],
          [
            -90.402742,
            27.054129
          ],
          [
            -90.404193,
            27.051205
          ],
          [
            -90.405645,
            27.048281
          ],
          [
            -90.407096,
            27.045356
          ],
          [
            -90.408548,
            27.042432
          ],
          [
            -90.409999,
            27.039508
          ],
          [
            -90.41145,
            27.036584
          ],
          [
            -90.412902,
            27.03366
          ],
          [
            -90.414353,
            27.030736
          ],
          [
            -90.415804,
            27.027812
          ],
          [
            -90.417255,
            27.024888
          ],
          [
            -90.418706,
            27.021964
          ],
          [
            -90.420157,
            27.01904
          ],
          [
            -90.421608,
            27.016116
          ],
          [
            -90.423059,
            27.013192
          ],
          [
            -90.42451,
            27.010267
          ],
          [
            -90.425961,
            27.007343
          ],
          [
            -90.427412,
            27.004419
          ],
          [
            -90.428863,
            27.001495
          ],
          [
            -90.430314,
            26.998571
          ],
          [
            -90.431765,
            26.995647
          ],
          [
            -90.433216,
            26.992723
          ],
          [
            -90.434666,
            26.989799
          ],
          [
            -90.436117,
            26.986875
          ],
          [
            -90.437568,
            26.983951
          ],
          [
            -90.439018,
            26.981027
          ],
          [
            -90.440469,
            26.978102
          ],
          [
            -90.441919,
            26.975178
          ],
          [
            -90.44337,
            26.972254
          ],
          [
            -90.44482,
            26.96933
          ],
          [
            -90.446271,
            26.966406
          ],
          [
            -90.447721,
            26.963482
          ],
          [
            -90.449171,
            26.960558
          ],
          [
            -90.450622,
            26.957634
          ],
          [
            -90.452072,
            26.95471
          ],
          [
            -90.453522,
            26.951785
          ],
          [
            -90.454972,
            26.948861
          ],
          [
            -90.456423,
            26.945937
          ]
        ]
      },
      "properties": {
        "feature_type": "trajectory_line",
        "particle_id": "00260_00608_new_0010_p010_w020",
        "windage_factor": 0.02,
        "initial_point": [
          -90.386773,
          27.086293
        ],
        "terminal_point": [
          -90.456423,
          26.945937
        ],
        "step_count": 48,
        "total_distance_m": 17018.83,
        "net_displacement_m": 17018.83
      }
    },
    {
      "type": "Feature",
      "id": "00260_00608_new_0010_p011_w030",
      "geometry": {
        "type": "LineString",
        "coordinates": [
          [
            -90.387589,
            27.08272
          ],
          [
            -90.388406,
            27.079146
          ],
          [
            -90.389223,
            27.075572
          ],
          [
            -90.390039,
            27.071998
          ],
          [
            -90.390856,
            27.068424
          ],
          [
            -90.391673,
            27.06485
          ],
          [
            -90.392489,
            27.061276
          ],
          [
            -90.393306,
            27.057703
          ],
          [
            -90.394122,
            27.054129
          ],
          [
            -90.394939,
            27.050555
          ],
          [
            -90.395755,
            27.046981
          ],
          [
            -90.396572,
            27.043407
          ],
          [
            -90.397388,
            27.039833
          ],
          [
            -90.398204,
            27.036259
          ],
          [
            -90.399021,
            27.032685
          ],
          [
            -90.399837,
            27.029112
          ],
          [
            -90.400653,
            27.025538
          ],
          [
            -90.401469,
            27.021964
          ],
          [
            -90.402286,
            27.01839
          ],
          [
            -90.403102,
            27.014816
          ],
          [
            -90.403918,
            27.011242
          ],
          [
            -90.404734,
            27.007668
          ],
          [
            -90.40555,
            27.004094
          ],
          [
            -90.406367,
            27.000521
          ],
          [
            -90.407183,
            26.996947
          ],
          [
            -90.407999,
            26.993373
          ],
          [
            -90.408815,
            26.989799
          ],
          [
            -90.409631,
            26.986225
          ],
          [
            -90.410447,
            26.982651
          ],
          [
            -90.411263,
            26.979077
          ],
          [
            -90.412079,
            26.975503
          ],
          [
            -90.412894,
            26.971929
          ],
          [
            -90.41371,
            26.968355
          ],
          [
            -90.414526,
            26.964782
          ],
          [
            -90.415342,
            26.961208
          ],
          [
            -90.416158,
            26.957634
          ],
          [
            -90.416974,
            26.95406
          ],
          [
            -90.417789,
            26.950486
          ],
          [
            -90.418605,
            26.946912
          ],
          [
            -90.419421,
            26.943338
          ],
          [
            -90.420236,
            26.939764
          ],
          [
            -90.421052,
            26.93619
          ],
          [
            -90.421868,
            26.932616
          ],
          [
            -90.422683,
            26.929042
          ],
          [
            -90.423499,
            26.925468
          ],
          [
            -90.424314,
            26.921894
          ],
          [
            -90.42513,
            26.918321
          ],
          [
            -90.425945,
            26.914747
          ]
        ]
      },
      "properties": {
        "feature_type": "trajectory_line",
        "particle_id": "00260_00608_new_0010_p011_w030",
        "windage_factor": 0.03,
        "initial_point": [
          -90.386773,
          27.086293
        ],
        "terminal_point": [
          -90.425945,
          26.914747
        ],
        "step_count": 48,
        "total_distance_m": 19401.56,
        "net_displacement_m": 19401.56
      }
    },
    {
      "type": "Feature",
      "id": "00260_00608_new_0010_p012_w040",
      "geometry": {
        "type": "LineString",
        "coordinates": [
          [
            -90.386954,
            27.08207
          ],
          [
            -90.387136,
            27.077846
          ],
          [
            -90.387317,
            27.073622
          ],
          [
            -90.387499,
            27.069399
          ],
          [
            -90.38768,
            27.065175
          ],
          [
            -90.387862,
            27.060952
          ],
          [
            -90.388043,
            27.056728
          ],
          [
            -90.388224,
            27.052504
          ],
          [
            -90.388406,
            27.048281
          ],
          [
            -90.388587,
            27.044057
          ],
          [
            -90.388769,
            27.039833
          ],
          [
            -90.38895,
            27.03561
          ],
          [
            -90.389132,
            27.031386
          ],
          [
            -90.389313,
            27.027162
          ],
          [
            -90.389494,
            27.022939
          ],
          [
            -90.389676,
            27.018715
          ],
          [
            -90.389857,
            27.014491
          ],
          [
            -90.390039,
            27.010268
          ],
          [
            -90.39022,
            27.006044
          ],
          [
            -90.390401,
            27.00182
          ],
          [
            -90.390583,
            26.997596
          ],
          [
            -90.390764,
            26.993373
          ],
          [
            -90.390945,
            26.989149
          ],
          [
            -90.391127,
            26.984925
          ],
          [
            -90.391308,
            26.980702
          ],
          [
            -90.391489,
            26.976478
          ],
          [
            -90.391671,
            26.972254
          ],
          [
            -90.391852,
            26.968031
          ],
          [
            -90.392033,
            26.963807
          ],
          [
            -90.392215,
            26.959583
          ],
          [
            -90.392396,
            26.955359
          ],
          [
            -90.392577,
            26.951136
          ],
          [
            -90.392758,
            26.946912
          ],
          [
            -90.39294,
            26.942688
          ],
          [
            -90.393121,
            26.938464
          ],
          [
            -90.393302,
            26.934241
          ],
          [
            -90.393483,
            26.930017
          ],
          [
            -90.393665,
            26.925793
          ],
          [
            -90.393846,
            26.92157
          ],
          [
            -90.394027,
            26.917346
          ],
          [
            -90.394208,
            26.913122
          ],
          [
            -90.39439,
            26.908898
          ],
          [
            -90.394571,
            26.904675
          ],
          [
            -90.394752,
            26.900451
          ],
          [
            -90.394933,
            26.896227
          ],
          [
            -90.395114,
            26.892003
          ],
          [
            -90.395295,
            26.88778
          ],
          [
            -90.395477,
            26.883556
          ]
        ]
      },
      "properties": {
        "feature_type": "trajectory_line",
        "particle_id": "00260_00608_new_0010_p012_w040",
        "windage_factor": 0.04,
        "initial_point": [
          -90.386773,
          27.086293
        ],
        "terminal_point": [
          -90.395477,
          26.883556
        ],
        "step_count": 48,
        "total_distance_m": 22480.61,
        "net_displacement_m": 22480.61
      }
    },
    {
      "type": "Feature",
      "id": "00260_00608_new_0010_p013_w010",
      "geometry": {
        "type": "LineString",
        "coordinates": [
          [
            -90.370462,
            27.059908
          ],
          [
            -90.372549,
            27.057634
          ],
          [
            -90.374635,
            27.05536
          ],
          [
            -90.376722,
            27.053086
          ],
          [
            -90.378808,
            27.050811
          ],
          [
            -90.380895,
            27.048537
          ],
          [
            -90.382981,
            27.046263
          ],
          [
            -90.385068,
            27.043988
          ],
          [
            -90.387154,
            27.041714
          ],
          [
            -90.38924,
            27.03944
          ],
          [
            -90.391327,
            27.037166
          ],
          [
            -90.393413,
            27.034891
          ],
          [
            -90.395499,
            27.032617
          ],
          [
            -90.397585,
            27.030343
          ],
          [
            -90.399671,
            27.028068
          ],
          [
            -90.401757,
            27.025794
          ],
          [
            -90.403843,
            27.02352
          ],
          [
            -90.405929,
            27.021246
          ],
          [
            -90.408015,
            27.018971
          ],
          [
            -90.410101,
            27.016697
          ],
          [
            -90.412187,
            27.014423
          ],
          [
            -90.414273,
            27.012148
          ],
          [
            -90.416358,
            27.009874
          ],
          [
            -90.418444,
            27.0076
          ],
          [
            -90.42053,
            27.005326
          ],
          [
            -90.422616,
            27.003051
          ],
          [
            -90.424701,
            27.000777
          ],
          [
            -90.426787,
            26.998503
          ],
          [
            -90.428872,
            26.996228
          ],
          [
            -90.430958,
            26.993954
          ],
          [
            -90.433043,
            26.99168
          ],
          [
            -90.435128,
            26.989405
          ],
          [
            -90.437214,
            26.987131
          ],
          [
            -90.439299,
            26.984857
          ],
          [
            -90.441384,
            26.982583
          ],
          [
            -90.44347,
            26.980308
          ],
          [
            -90.445555,
            26.978034
          ],
          [
            -90.44764,
            26.97576
          ],
          [
            -90.449725,
            26.973485
          ],
          [
            -90.45181,
            26.971211
          ],
          [
            -90.453895,
            26.968937
          ],
          [
            -90.45598,
            26.966662
          ],
          [
            -90.458065,
            26.964388
          ],
          [
            -90.46015,
            26.962114
          ],
          [
            -90.462235,
            26.95984
          ],
          [
            -90.464319,
            26.957565
          ],
          [
            -90.466404,
            26.955291
          ],
          [
            -90.468489,
            26.953017
          ]
        ]
      },
      "properties": {
        "feature_type": "trajectory_line",
        "particle_id": "00260_00608_new_0010_p013_w010",
        "windage_factor": 0.01,
        "initial_point": [
          -90.368375,
          27.062183
        ],
        "terminal_point": [
          -90.468489,
          26.953017
        ],
        "step_count": 48,
        "total_distance_m": 15653.67,
        "net_displacement_m": 15653.67
      }
    },
    {
      "type": "Feature",
      "id": "00260_00608_new_0010_p014_w020",
      "geometry": {
        "type": "LineString",
        "coordinates": [
          [
            -90.369827,
            27.059259
          ],
          [
            -90.371278,
            27.056335
          ],
          [
            -90.37273,
            27.05341
          ],
          [
            -90.374181,
            27.050486
          ],
          [
            -90.375633,
            27.047562
          ],
          [
            -90.377084,
            27.044638
          ],
          [
            -90.378536,
            27.041714
          ],
          [
            -90.379987,
            27.03879
          ],
          [
            -90.381438,
            27.035866
          ],
          [
            -90.38289,
            27.032942
          ],
          [
            -90.384341,
            27.030018
          ],
          [
            -90.385792,
            27.027094
          ],
          [
            -90.387243,
            27.02417
          ],
          [
            -90.388694,
            27.021246
          ],
          [
            -90.390145,
            27.018321
          ],
          [
            -90.391597,
            27.015397
          ],
          [
            -90.393048,
            27.012473
          ],
          [
            -90.394498,
            27.009549
          ],
          [
            -90.395949,
            27.006625
          ],
          [
            -90.3974,
            27.003701
          ],
          [
            -90.398851,
            27.000777
          ],
          [
            -90.400302,
            26.997853
          ],
          [
            -90.401753,
            26.994929
          ],
          [
            -90.403204,
            26.992005
          ],
          [
            -90.404654,
            26.989081
          ],
          [
            -90.406105,
            26.986156
          ],
          [
            -90.407556,
            26.983232
          ],
          [
            -90.409006,
            26.980308
          ],
          [
            -90.410457,
            26.977384
          ],
          [
            -90.411907,
            26.97446
          ],
          [
            -90.413358,
            26.971536
          ],
          [
            -90.414808,
            26.968612
          ],
          [
            -90.416259,
            26.965688
          ],
          [
            -90.417709,
            26.962764
          ],
          [
            -90.419159,
            26.95984
          ],
          [
            -90.42061,
            26.956915
          ],
          [
            -90.42206,
            26.953991
          ],
          [
            -90.42351,
            26.951067
          ],
          [
            -90.42496,
            26.948143
          ],
          [
            -90.42641,
            26.945219
          ],
          [
            -90.42786,
            26.942295
          ],
          [
            -90.429311,
            26.939371
          ],
          [
            -90.430761,
            26.936447
          ],
          [
            -90.432211,
            26.933522
          ],
          [
            -90.433661,
            26.930598
          ],
          [
            -90.43511,
            26.927674
          ],
          [
            -90.43656,
            26.92475
          ],
          [
            -90.43801,
            26.921826
          ]
        ]
      },
      "properties": {
        "feature_type": "trajectory_line",
        "particle_id": "00260_00608_new_0010_p014_w020",
        "windage_factor": 0.02,
        "initial_point": [
          -90.368375,
          27.062183
        ],
        "terminal_point": [
          -90.43801,
          26.921826
        ],
        "step_count": 48,
        "total_distance_m": 17018.83,
        "net_displacement_m": 17018.83
      }
    },
    {
      "type": "Feature",
      "id": "00260_00608_new_0010_p015_w030",
      "geometry": {
        "type": "LineString",
        "coordinates": [
          [
            -90.369192,
            27.058609
          ],
          [
            -90.370008,
            27.055035
          ],
          [
            -90.370825,
            27.051461
          ],
          [
            -90.371641,
            27.047887
          ],
          [
            -90.372458,
            27.044313
          ],
          [
            -90.373274,
            27.040739
          ],
          [
            -90.37409,
            27.037166
          ],
          [
            -90.374907,
            27.033592
          ],
          [
            -90.375723,
            27.030018
          ],
          [
            -90.376539,
            27.026444
          ],
          [
            -90.377356,
            27.02287
          ],
          [
            -90.378172,
            27.019296
          ],
          [
            -90.378988,
            27.015722
          ],
          [
            -90.379804,
            27.012148
          ],
          [
            -90.380621,
            27.008575
          ],
          [
            -90.381437,
            27.005001
          ],
          [
            -90.382253,
            27.001427
          ],
          [
            -90.383069,
            26.997853
          ],
          [
            -90.383885,
            26.994279
          ],
          [
            -90.384701,
            26.990705
          ],
          [
            -90.385517,
            26.987131
          ],
          [
            -90.386333,
            26.983557
          ],
          [
            -90.387149,
            26.979983
          ],
          [
            -90.387965,
            26.976409
          ],
          [
            -90.388781,
            26.972836
          ],
          [
            -90.389597,
            26.969262
          ],
          [
            -90.390413,
            26.965688
          ],
          [
            -90.391228,
            26.962114
          ],
          [
            -90.392044,
            26.95854
          ],
          [
            -90.39286,
            26.954966
          ],
          [
            -90.393676,
            26.951392
          ],
          [
            -90.394491,
            26.947818
          ],
          [
            -90.395307,
            26.944244
          ],
          [
            -90.396123,
            26.94067
          ],
          [
            -90.396938,
            26.937096
          ],
          [
            -90.397754,
            26.933522
          ],
          [
            -90.39857,
            26.929949
          ],
          [
            -90.399385,
            26.926375
          ],
          [
            -90.400201,
            26.922801
          ],
          [
            -90.401016,
            26.919227
          ],
          [
            -90.401832,
            26.915653
          ],
          [
            -90.402647,
            26.912079
          ],
          [
            -90.403463,
            26.908505
          ],
          [
            -90.404278,
            26.904931
          ],
          [
            -90.405094,
            26.901357
          ],
          [
            -90.405909,
            26.897783
          ],
          [
            -90.406724,
            26.894209
          ],
          [
            -90.40754,
            26.890635
          ]
        ]
      },
      "properties": {
        "feature_type": "trajectory_line",
        "particle_id": "00260_00608_new_0010_p015_w030",
        "windage_factor": 0.03,
        "initial_point": [
          -90.368375,
          27.062183
        ],
        "terminal_point": [
          -90.40754,
          26.890635
        ],
        "step_count": 48,
        "total_distance_m": 19401.56,
        "net_displacement_m": 19401.56
      }
    },
    {
      "type": "Feature",
      "id": "00260_00608_new_0010_p016_w040",
      "geometry": {
        "type": "LineString",
        "coordinates": [
          [
            -90.368557,
            27.057959
          ],
          [
            -90.368738,
            27.053735
          ],
          [
            -90.36892,
            27.049512
          ],
          [
            -90.369101,
            27.045288
          ],
          [
            -90.369282,
            27.041064
          ],
          [
            -90.369464,
            27.036841
          ],
          [
            -90.369645,
            27.032617
          ],
          [
            -90.369827,
            27.028393
          ],
          [
            -90.370008,
            27.02417
          ],
          [
            -90.370189,
            27.019946
          ],
          [
            -90.370371,
            27.015722
          ],
          [
            -90.370552,
            27.011499
          ],
          [
            -90.370734,
            27.007275
          ],
          [
            -90.370915,
            27.003051
          ],
          [
            -90.371096,
            26.998828
          ],
          [
            -90.371278,
            26.994604
          ],
          [
            -90.371459,
            26.99038
          ],
          [
            -90.37164,
            26.986156
          ],
          [
            -90.371822,
            26.981933
          ],
          [
            -90.372003,
            26.977709
          ],
          [
            -90.372184,
            26.973485
          ],
          [
            -90.372366,
            26.969262
          ],
          [
            -90.372547,
            26.965038
          ],
          [
            -90.372728,
            26.960814
          ],
          [
            -90.37291,
            26.956591
          ],
          [
            -90.373091,
            26.952367
          ],
          [
            -90.373272,
            26.948143
          ],
          [
            -90.373453,
            26.943919
          ],
          [
            -90.373635,
            26.939696
          ],
          [
            -90.373816,
            26.935472
          ],
          [
            -90.373997,
            26.931248
          ],
          [
            -90.374178,
            26.927024
          ],
          [
            -90.37436,
            26.922801
          ],
          [
            -90.374541,
            26.918577
          ],
          [
            -90.374722,
            26.914353
          ],
          [
            -90.374903,
            26.910129
          ],
          [
            -90.375084,
            26.905906
          ],
          [
            -90.375266,
            26.901682
          ],
          [
            -90.375447,
            26.897458
          ],
          [
            -90.375628,
            26.893234
          ],
          [
            -90.375809,
            26.889011
          ],
          [
            -90.37599,
            26.884787
          ],
          [
            -90.376172,
            26.880563
          ],
          [
            -90.376353,
            26.876339
          ],
          [
            -90.376534,
            26.872116
          ],
          [
            -90.376715,
            26.867892
          ],
          [
            -90.376896,
            26.863668
          ],
          [
            -90.377077,
            26.859444
          ]
        ]
      },
      "properties": {
        "feature_type": "trajectory_line",
        "particle_id": "00260_00608_new_0010_p016_w040",
        "windage_factor": 0.04,
        "initial_point": [
          -90.368375,
          27.062183
        ],
        "terminal_point": [
          -90.377077,
          26.859444
        ],
        "step_count": 48,
        "total_distance_m": 22480.61,
        "net_displacement_m": 22480.61
      }
    },
    {
      "type": "Feature",
      "id": "00260_00608_new_0010_p017_w010",
      "geometry": {
        "type": "LineString",
        "coordinates": [
          [
            -90.385716,
            27.078225
          ],
          [
            -90.387803,
            27.075951
          ],
          [
            -90.38989,
            27.073676
          ],
          [
            -90.391977,
            27.071402
          ],
          [
            -90.394063,
            27.069128
          ],
          [
            -90.39615,
            27.066854
          ],
          [
            -90.398237,
            27.064579
          ],
          [
            -90.400324,
            27.062305
          ],
          [
            -90.40241,
            27.060031
          ],
          [
            -90.404497,
            27.057757
          ],
          [
            -90.406584,
            27.055482
          ],
          [
            -90.40867,
            27.053208
          ],
          [
            -90.410757,
            27.050934
          ],
          [
            -90.412843,
            27.048659
          ],
          [
            -90.41493,
            27.046385
          ],
          [
            -90.417016,
            27.044111
          ],
          [
            -90.419102,
            27.041837
          ],
          [
            -90.421189,
            27.039562
          ],
          [
            -90.423275,
            27.037288
          ],
          [
            -90.425361,
            27.035014
          ],
          [
            -90.427447,
            27.032739
          ],
          [
            -90.429534,
            27.030465
          ],
          [
            -90.43162,
            27.028191
          ],
          [
            -90.433706,
            27.025917
          ],
          [
            -90.435792,
            27.023642
          ],
          [
            -90.437878,
            27.021368
          ],
          [
            -90.439964,
            27.019094
          ],
          [
            -90.44205,
            27.016819
          ],
          [
            -90.444135,
            27.014545
          ],
          [
            -90.446221,
            27.012271
          ],
          [
            -90.448307,
            27.009997
          ],
          [
            -90.450393,
            27.007722
          ],
          [
            -90.452478,
            27.005448
          ],
          [
            -90.454564,
            27.003174
          ],
          [
            -90.45665,
            27.000899
          ],
          [
            -90.458735,
            26.998625
          ],
          [
            -90.460821,
            26.996351
          ],
          [
            -90.462906,
            26.994077
          ],
          [
            -90.464992,
            26.991802
          ],
          [
            -90.467077,
            26.989528
          ],
          [
            -90.469162,
            26.987254
          ],
          [
            -90.471248,
            26.984979
          ],
          [
            -90.473333,
            26.982705
          ],
          [
            -90.475418,
            26.980431
          ],
          [
            -90.477503,
            26.978156
          ],
          [
            -90.479588,
            26.975882
          ],
          [
            -90.481674,
            26.973608
          ],
          [
            -90.483759,
            26.971334
          ]
        ]
      },
      "properties": {
        "feature_type": "trajectory_line",
        "particle_id": "00260_00608_new_0010_p017_w010",
        "windage_factor": 0.01,
        "initial_point": [
          -90.383629,
          27.080499
        ],
        "terminal_point": [
          -90.483759,
          26.971334
        ],
        "step_count": 48,
        "total_distance_m": 15653.67,
        "net_displacement_m": 15653.67
      }
    },
    {
      "type": "Feature",
      "id": "00260_00608_new_0010_p018_w020",
      "geometry": {
        "type": "LineString",
        "coordinates": [
          [
            -90.385081,
            27.077575
          ],
          [
            -90.386532,
            27.074651
          ],
          [
            -90.387984,
            27.071727
          ],
          [
            -90.389436,
            27.068803
          ],
          [
            -90.390888,
            27.065879
          ],
          [
            -90.392339,
            27.062955
          ],
          [
            -90.393791,
            27.060031
          ],
          [
            -90.395242,
            27.057107
          ],
          [
            -90.396694,
            27.054183
          ],
          [
            -90.398145,
            27.051259
          ],
          [
            -90.399597,
            27.048335
          ],
          [
            -90.401048,
            27.04541
          ],
          [
            -90.4025,
            27.042486
          ],
          [
            -90.403951,
            27.039562
          ],
          [
            -90.405402,
            27.036638
          ],
          [
            -90.406854,
            27.033714
          ],
          [
            -90.408305,
            27.03079
          ],
          [
            -90.409756,
            27.027866
          ],
          [
            -90.411207,
            27.024942
          ],
          [
            -90.412658,
            27.022018
          ],
          [
            -90.41411,
            27.019094
          ],
          [
            -90.415561,
            27.01617
          ],
          [
            -90.417012,
            27.013246
          ],
          [
            -90.418463,
            27.010321
          ],
          [
            -90.419914,
            27.007397
          ],
          [
            -90.421364,
            27.004473
          ],
          [
            -90.422815,
            27.001549
          ],
          [
            -90.424266,
            26.998625
          ],
          [
            -90.425717,
            26.995701
          ],
          [
            -90.427168,
            26.992777
          ],
          [
            -90.428618,
            26.989853
          ],
          [
            -90.430069,
            26.986929
          ],
          [
            -90.43152,
            26.984005
          ],
          [
            -90.43297,
            26.981081
          ],
          [
            -90.434421,
            26.978156
          ],
          [
            -90.435871,
            26.975232
          ],
          [
            -90.437322,
            26.972308
          ],
          [
            -90.438772,
            26.969384
          ],
          [
            -90.440223,
            26.96646
          ],
          [
            -90.441673,
            26.963536
          ],
          [
            -90.443123,
            26.960612
          ],
          [
            -90.444574,
            26.957688
          ],
          [
            -90.446024,
            26.954764
          ],
          [
            -90.447474,
            26.951839
          ],
          [
            -90.448924,
            26.948915
          ],
          [
            -90.450375,
            26.945991
          ],
          [
            -90.451825,
            26.943067
          ],
          [
            -90.453275,
            26.940143
          ]
        ]
      },
      "properties": {
        "feature_type": "trajectory_line",
        "particle_id": "00260_00608_new_0010_p018_w020",
        "windage_factor": 0.02,
        "initial_point": [
          -90.383629,
          27.080499
        ],
        "terminal_point": [
          -90.453275,
          26.940143
        ],
        "step_count": 48,
        "total_distance_m": 17018.83,
        "net_displacement_m": 17018.83
      }
    },
    {
      "type": "Feature",
      "id": "00260_00608_new_0010_p019_w030",
      "geometry": {
        "type": "LineString",
        "coordinates": [
          [
            -90.384445,
            27.076925
          ],
          [
            -90.385262,
            27.073352
          ],
          [
            -90.386079,
            27.069778
          ],
          [
            -90.386895,
            27.066204
          ],
          [
            -90.387712,
            27.06263
          ],
          [
            -90.388528,
            27.059056
          ],
          [
            -90.389345,
            27.055482
          ],
          [
            -90.390161,
            27.051908
          ],
          [
            -90.390978,
            27.048335
          ],
          [
            -90.391794,
            27.044761
          ],
          [
            -90.392611,
            27.041187
          ],
          [
            -90.393427,
            27.037613
          ],
          [
            -90.394243,
            27.034039
          ],
          [
            -90.39506,
            27.030465
          ],
          [
            -90.395876,
            27.026891
          ],
          [
            -90.396692,
            27.023317
          ],
          [
            -90.397508,
            27.019744
          ],
          [
            -90.398325,
            27.01617
          ],
          [
            -90.399141,
            27.012596
          ],
          [
            -90.399957,
            27.009022
          ],
          [
            -90.400773,
            27.005448
          ],
          [
            -90.401589,
            27.001874
          ],
          [
            -90.402405,
            26.9983
          ],
          [
            -90.403221,
            26.994726
          ],
          [
            -90.404037,
            26.991152
          ],
          [
            -90.404853,
            26.987579
          ],
          [
            -90.405669,
            26.984005
          ],
          [
            -90.406485,
            26.980431
          ],
          [
            -90.407301,
            26.976857
          ],
          [
            -90.408117,
            26.973283
          ],
          [
            -90.408933,
            26.969709
          ],
          [
            -90.409749,
            26.966135
          ],
          [
            -90.410565,
            26.962561
          ],
          [
            -90.411381,
            26.958987
          ],
          [
            -90.412196,
            26.955413
          ],
          [
            -90.413012,
            26.951839
          ],
          [
            -90.413828,
            26.948266
          ],
          [
            -90.414644,
            26.944692
          ],
          [
            -90.415459,
            26.941118
          ],
          [
            -90.416275,
            26.937544
          ],
          [
            -90.417091,
            26.93397
          ],
          [
            -90.417906,
            26.930396
          ],
          [
            -90.418722,
            26.926822
          ],
          [
            -90.419537,
            26.923248
          ],
          [
            -90.420353,
            26.919674
          ],
          [
            -90.421168,
            26.9161
          ],
          [
            -90.421984,
            26.912526
          ],
          [
            -90.422799,
            26.908952
          ]
        ]
      },
      "properties": {
        "feature_type": "trajectory_line",
        "particle_id": "00260_00608_new_0010_p019_w030",
        "windage_factor": 0.03,
        "initial_point": [
          -90.383629,
          27.080499
        ],
        "terminal_point": [
          -90.422799,
          26.908952
        ],
        "step_count": 48,
        "total_distance_m": 19401.56,
        "net_displacement_m": 19401.56
      }
    },
    {
      "type": "Feature",
      "id": "00260_00608_new_0010_p020_w040",
      "geometry": {
        "type": "LineString",
        "coordinates": [
          [
            -90.38381,
            27.076276
          ],
          [
            -90.383992,
            27.072052
          ],
          [
            -90.384173,
            27.067828
          ],
          [
            -90.384355,
            27.063605
          ],
          [
            -90.384536,
            27.059381
          ],
          [
            -90.384717,
            27.055157
          ],
          [
            -90.384899,
            27.050934
          ],
          [
            -90.38508,
            27.04671
          ],
          [
            -90.385262,
            27.042486
          ],
          [
            -90.385443,
            27.038263
          ],
          [
            -90.385625,
            27.034039
          ],
          [
            -90.385806,
            27.029815
          ],
          [
            -90.385987,
            27.025592
          ],
          [
            -90.386169,
            27.021368
          ],
          [
            -90.38635,
            27.017144
          ],
          [
            -90.386532,
            27.012921
          ],
          [
            -90.386713,
            27.008697
          ],
          [
            -90.386894,
            27.004473
          ],
          [
            -90.387076,
            27.00025
          ],
          [
            -90.387257,
            26.996026
          ],
          [
            -90.387438,
            26.991802
          ],
          [
            -90.38762,
            26.987579
          ],
          [
            -90.387801,
            26.983355
          ],
          [
            -90.387982,
            26.979131
          ],
          [
            -90.388164,
            26.974907
          ],
          [
            -90.388345,
            26.970684
          ],
          [
            -90.388526,
            26.96646
          ],
          [
            -90.388708,
            26.962236
          ],
          [
            -90.388889,
            26.958013
          ],
          [
            -90.38907,
            26.953789
          ],
          [
            -90.389251,
            26.949565
          ],
          [
            -90.389433,
            26.945341
          ],
          [
            -90.389614,
            26.941118
          ],
          [
            -90.389795,
            26.936894
          ],
          [
            -90.389976,
            26.93267
          ],
          [
            -90.390158,
            26.928447
          ],
          [
            -90.390339,
            26.924223
          ],
          [
            -90.39052,
            26.919999
          ],
          [
            -90.390701,
            26.915775
          ],
          [
            -90.390883,
            26.911552
          ],
          [
            -90.391064,
            26.907328
          ],
          [
            -90.391245,
            26.903104
          ],
          [
            -90.391426,
            26.89888
          ],
          [
            -90.391607,
            26.894657
          ],
          [
            -90.391789,
            26.890433
          ],
          [
            -90.39197,
            26.886209
          ],
          [
            -90.392151,
            26.881985
          ],
          [
            -90.392332,
            26.877762
          ]
        ]
      },
      "properties": {
        "feature_type": "trajectory_line",
        "particle_id": "00260_00608_new_0010_p020_w040",
        "windage_factor": 0.04,
        "initial_point": [
          -90.383629,
          27.080499
        ],
        "terminal_point": [
          -90.392332,
          26.877762
        ],
        "step_count": 48,
        "total_distance_m": 22480.61,
        "net_displacement_m": 22480.61
      }
    },
    {
      "type": "Feature",
      "id": "00260_00608_new_0010_candidate_origin_region",
      "geometry": {
        "type": "Polygon",
        "coordinates": [
          [
            [
              -90.377077,
              26.859444
            ],
            [
              -90.468489,
              26.953017
            ],
            [
              -90.483759,
              26.971334
            ],
            [
              -90.505327,
              27.001239
            ],
            [
              -90.474835,
              26.970048
            ],
            [
              -90.444351,
              26.938858
            ],
            [
              -90.413876,
              26.907667
            ],
            [
              -90.395106,
              26.883663
            ],
            [
              -90.377077,
              26.859444
            ]
          ]
        ]
      },
      "properties": {
        "feature_type": "candidate_origin_region",
        "area_m2": 11065034.1,
        "area_km2": 11.065034,
        "backtracked_duration_hours": 24.0
      }
    },
    {
      "type": "Feature",
      "id": "00260_00608_new_0010_trajectory_envelope",
      "geometry": {
        "type": "Polygon",
        "coordinates": [
          [
            [
              -90.377077,
              26.859444
            ],
            [
              -90.468489,
              26.953017
            ],
            [
              -90.483759,
              26.971334
            ],
            [
              -90.505327,
              27.001239
            ],
            [
              -90.49907,
              27.008062
            ],
            [
              -90.490727,
              27.017159
            ],
            [
              -90.486555,
              27.021708
            ],
            [
              -90.478211,
              27.030805
            ],
            [
              -90.469866,
              27.039902
            ],
            [
              -90.463607,
              27.046725
            ],
            [
              -90.455261,
              27.055822
            ],
            [
              -90.449001,
              27.062645
            ],
            [
              -90.438567,
              27.074016
            ],
            [
              -90.432306,
              27.080839
            ],
            [
              -90.42187,
              27.09221
            ],
            [
              -90.415608,
              27.099033
            ],
            [
              -90.407258,
              27.10813
            ],
            [
              -90.40517026048147,
              27.11040420732059
            ],
            [
              -90.386401921254,
              27.086400159710806
            ],
            [
              -90.36837526644393,
              27.062182642869054
            ],
            [
              -90.377077,
              26.859444
            ]
          ]
        ]
      },
      "properties": {
        "feature_type": "trajectory_envelope",
        "area_m2": 204312124.42,
        "area_km2": 204.312124
      }
    }
  ]
}