{
  "type": "FeatureCollection",
  "name": "ocean_sentinel_temporal_change",
  "metadata": {
    "t0_source": "00007",
    "t1_source": "01339",
    "t0_time": "2024-04-10T10:00:00+00:00",
    "t1_time": "2024-04-10T14:00:00+00:00",
    "time_interval_hours": 4.0,
    "timestamp_provenance": {
      "t0_source": "00007",
      "t0_provenance": "EXTERNALLY_SUPPLIED_TEST_TIMESTAMP",
      "t1_source": "01339",
      "t1_provenance": "EXTERNALLY_SUPPLIED_TEST_TIMESTAMP",
      "is_authoritative": false,
      "rationale": "Timestamps were supplied externally via CLI/test parameter. Source raster metadata lacks embedded acquisition timestamps."
    },
    "spatial_alignment": {
      "strategy": "exact_grid_match",
      "resampling_mask": "none",
      "resampling_probability": "none",
      "source_crs": "EPSG:4326",
      "target_grid_shape": [
        2048,
        2048
      ]
    },
    "counts": {
      "new_regions": 0,
      "persistent_regions": 4,
      "disappeared_regions": 0,
      "total_change_regions": 4,
      "matched_object_pairs": 4,
      "matching_mode": "candidate_associations"
    },
    "areas_m2": {
      "new_area_m2": 0.0,
      "persistent_area_m2": 5235031.12,
      "disappeared_area_m2": 0.0,
      "total_changed_area_m2": 5235031.12
    },
    "areas_km2": {
      "new_area_km2": 0.0,
      "persistent_area_km2": 5.235031,
      "disappeared_area_km2": 0.0,
      "total_changed_area_km2": 5.235031
    },
    "pixel_counts": {
      "persistent_pixels": 62042,
      "new_pixels": 0,
      "disappeared_pixels": 0,
      "unchanged_background_pixels": 4132262
    },
    "probability_change_summary": {
      "mean_delta": 0.0,
      "max_delta": 0.0,
      "min_delta": 0.0,
      "std_delta": 0.0,
      "valid_pixel_count": 4194304
    },
    "filter_criteria": {
      "min_pixels": 10,
      "min_area_m2": 0.0,
      "match_iou_threshold": 0.1,
      "one_to_one": false
    },
    "matched_objects_count": 4,
    "execution_time_seconds": 0.6729,
    "generated_timestamp_utc": "2026-09-20T16:30:25.916693+00:00"
  },
  "features": [
    {
      "type": "Feature",
      "id": "00007_01339_persistent_0001",
      "geometry": {
        "type": "Polygon",
        "coordinates": [
          [
            [
              30.674084631244327,
              32.18644218058866
            ],
            [
              30.674084631244327,
              32.18635234906024
            ],
            [
              30.67417446277274,
              32.18635234906024
            ],
            [
              30.67417446277274,
              32.18644218058866
            ],
            [
              30.67426429430115,
              32.18644218058866
            ],
            [
              30.67426429430115,
              32.18653201211707
            ],
            [
              30.67417446277274,
              32.18653201211707
            ],
            [
              30.67417446277274,
              32.18662184364548
            ],
            [
              30.67426429430115,
              32.18662184364548
            ],
            [
              30.67426429430115,
              32.186711675173896
            ],
            [
              30.674354125829563,
              32.186711675173896
            ],
            [
              30.674354125829563,
              32.1868015067023
            ],
            [
              30.674443957357976,
              32.1868015067023
            ],
            [
              30.674443957357976,
              32.186711675173896
            ],
            [
              30.6746236204148,
              32.186711675173896
            ],
            [
              30.6746236204148,
              32.18662184364548
            ],
            [
              30.674713451943212,
              32.18662184364548
            ],
            [
              30.674713451943212,
              32.18644218058866
            ],
            [
              30.674803283471622,
              32.18644218058866
            ],
            [
              30.674803283471622,
              32.18635234906024
            ],
            [
              30.675072778056858,
              32.18635234906024
            ],
            [
              30.675072778056858,
              32.18644218058866
            ],
            [
              30.67516260958527,
              32.18644218058866
            ],
            [
              30.67516260958527,
              32.18626251753183
            ],
            [
              30.675432104170508,
              32.18626251753183
            ],
            [
              30.675432104170508,
              32.18635234906024
            ],
            [
              30.675701598755744,
              32.18635234906024
            ],
            [
              30.675701598755744,
              32.18644218058866
            ],
            [
              30.675791430284153,
              32.18644218058866
            ],
            [
              30.675791430284153,
              32.18653201211707
            ],
            [
              30.675881261812567,
              32.18653201211707
            ],
            [
              30.675881261812567,
              32.18662184364548
            ],
            [
              30.675971093340976,
              32.18662184364548
            ],
            [
              30.675971093340976,
              32.186711675173896
            ],
            [
              30.67651008251145,
              32.186711675173896
            ],
            [
              30.67651008251145,
              32.1868015067023
            ],
            [
              30.676959240153508,
              32.1868015067023
            ],
            [
              30.676959240153508,
              32.186891338230716
            ],
            [
              30.677138903210334,
              32.186891338230716
            ],
            [
              30.677138903210334,
              32.18698116975913
            ],
            [
              30.677318566267157,
              32.18698116975913
            ],
            [
              30.677318566267157,
              32.18707100128754
            ],
            [
              30.677588060852393,
              32.18707100128754
            ],
            [
              30.677588060852393,
              32.187160832815955
            ],
            [
              30.677767723909216,
              32.187160832815955
            ],
            [
              30.677767723909216,
              32.18725066434436
            ],
            [
              30.678127050022866,
              32.18725066434436
            ],
            [
              30.678127050022866,
              32.187340495872775
            ],
            [
              30.67830671307969,
              32.187340495872775
            ],
            [
              30.67830671307969,
              32.18743032740119
            ],
            [
              30.67848637613651,
              32.18743032740119
            ],
            [
              30.67848637613651,
              32.1875201589296
            ],
            [
              30.678666039193338,
              32.1875201589296
            ],
            [
              30.678666039193338,
              32.187609990458014
            ],
            [
              30.67893553377857,
              32.187609990458014
            ],
            [
              30.67893553377857,
              32.18769982198643
            ],
            [
              30.679115196835397,
              32.18769982198643
            ],
            [
              30.679115196835397,
              32.187789653514834
            ],
            [
              30.679205028363807,
              32.187789653514834
            ],
            [
              30.679205028363807,
              32.18769982198643
            ],
            [
              30.67929485989222,
              32.18769982198643
            ],
            [
              30.67929485989222,
              32.187789653514834
            ],
            [
              30.679384691420633,
              32.187789653514834
            ],
            [
              30.679384691420633,
              32.18787948504325
            ],
            [
              30.679474522949043,
              32.18787948504325
            ],
            [
              30.679474522949043,
              32.18796931657166
            ],
            [
              30.67965418600587,
              32.18796931657166
            ],
            [
              30.67965418600587,
              32.18805914810007
            ],
            [
              30.679833849062693,
              32.18805914810007
            ],
            [
              30.679833849062693,
              32.18814897962849
            ],
            [
              30.68010334364793,
              32.18814897962849
            ],
            [
              30.68010334364793,
              32.18823881115689
            ],
            [
              30.68028300670475,
              32.18823881115689
            ],
            [
              30.68028300670475,
              32.188328642685306
            ],
            [
              30.680462669761575,
              32.188328642685306
            ],
            [
              30.680462669761575,
              32.18841847421372
            ],
            [
              30.6806423328184,
              32.18841847421372
            ],
            [
              30.6806423328184,
              32.18850830574213
            ],
            [
              30.680821995875224,
              32.18850830574213
            ],
            [
              30.680821995875224,
              32.188598137270546
            ],
            [
              30.680911827403634,
              32.188598137270546
            ],
            [
              30.680911827403634,
              32.18868796879896
            ],
            [
              30.681001658932047,
              32.18868796879896
            ],
            [
              30.681001658932047,
              32.189047294912605
            ],
            [
              30.68109149046046,
              32.189047294912605
            ],
            [
              30.68109149046046,
              32.18931678949784
            ],
            [
              30.68118132198887,
              32.18931678949784
            ],
            [
              30.68118132198887,
              32.18940662102625
            ],
            [
              30.681271153517283,
              32.18940662102625
            ],
            [
              30.681271153517283,
              32.18967611561149
            ],
            [
              30.681360985045696,
              32.18967611561149
            ],
            [
              30.681360985045696,
              32.1897659471399
            ],
            [
              30.681450816574106,
              32.1897659471399
            ],
            [
              30.681450816574106,
              32.18985577866831
            ],
            [
              30.68154064810252,
              32.18985577866831
            ],
            [
              30.68154064810252,
              32.190035441725136
            ],
            [
              30.681630479630932,
              32.190035441725136
            ],
            [
              30.681630479630932,
              32.19012527325355
            ],
            [
              30.681810142687755,
              32.19012527325355
            ],
            [
              30.681810142687755,
              32.19039476783878
            ],
            [
              30.681899974216165,
              32.19039476783878
            ],
            [
              30.681899974216165,
              32.190484599367196
            ],
            [
              30.68198980574458,
              32.190484599367196
            ],
            [
              30.68198980574458,
              32.19057443089561
            ],
            [
              30.681899974216165,
              32.19057443089561
            ],
            [
              30.681899974216165,
              32.19066426242402
            ],
            [
              30.68207963727299,
              32.19066426242402
            ],
            [
              30.68207963727299,
              32.19084392548084
            ],
            [
              30.682259300329815,
              32.19084392548084
            ],
            [
              30.682259300329815,
              32.190933757009255
            ],
            [
              30.682349131858228,
              32.190933757009255
            ],
            [
              30.682349131858228,
              32.19102358853767
            ],
            [
              30.682618626443464,
              32.19102358853767
            ],
            [
              30.682618626443464,
              32.19111342006608
            ],
            [
              30.682798289500287,
              32.19111342006608
            ],
            [
              30.682798289500287,
              32.191203251594494
            ],
            [
              30.68297795255711,
              32.191203251594494
            ],
            [
              30.68297795255711,
              32.1912930831229
            ],
            [
              30.683157615613933,
              32.1912930831229
            ],
            [
              30.683157615613933,
              32.191382914651314
            ],
            [
              30.68333727867076,
              32.191382914651314
            ],
            [
              30.68333727867076,
              32.19147274617973
            ],
            [
              30.68342711019917,
              32.19147274617973
            ],
            [
              30.68342711019917,
              32.19156257770814
            ],
            [
              30.683516941727582,
              32.19156257770814
            ],
            [
              30.683516941727582,
              32.19174224076496
            ],
            [
              30.683606773255995,
              32.19174224076496
            ],
            [
              30.683606773255995,
              32.19183207229337
            ],
            [
              30.683696604784405,
              32.19183207229337
            ],
            [
              30.683696604784405,
              32.191921903821786
            ],
            [
              30.68378643631282,
              32.191921903821786
            ],
            [
              30.68378643631282,
              32.1920117353502
            ],
            [
              30.68387626784123,
              32.1920117353502
            ],
            [
              30.68387626784123,
              32.19210156687861
            ],
            [
              30.684055930898054,
              32.19210156687861
            ],
            [
              30.684055930898054,
              32.192191398407026
            ],
            [
              30.684145762426464,
              32.192191398407026
            ],
            [
              30.684145762426464,
              32.19228122993543
            ],
            [
              30.684594920068527,
              32.19228122993543
            ],
            [
              30.684594920068527,
              32.192371061463845
            ],
            [
              30.68477458312535,
              32.192371061463845
            ],
            [
              30.68477458312535,
              32.19255072452067
            ],
            [
              30.684864414653763,
              32.19255072452067
            ],
            [
              30.684864414653763,
              32.192640556049085
            ],
            [
              30.685044077710586,
              32.192640556049085
            ],
            [
              30.685044077710586,
              32.19273038757749
            ],
            [
              30.684954246182173,
              32.19273038757749
            ],
            [
              30.684954246182173,
              32.192820219105904
            ],
            [
              30.685044077710586,
              32.192820219105904
            ],
            [
              30.685044077710586,
              32.193089713691144
            ],
            [
              30.685133909238996,
              32.193089713691144
            ],
            [
              30.685133909238996,
              32.19335920827638
            ],
            [
              30.68522374076741,
              32.19335920827638
            ],
            [
              30.68522374076741,
              32.19344903980479
            ],
            [
              30.685313572295822,
              32.19344903980479
            ],
            [
              30.685313572295822,
              32.1935388713332
            ],
            [
              30.685403403824232,
              32.1935388713332
            ],
            [
              30.685403403824232,
              32.193628702861616
            ],
            [
              30.685493235352645,
              32.193628702861616
            ],
            [
              30.685493235352645,
              32.19371853439002
            ],
            [
              30.68558306688106,
              32.19371853439002
            ],
            [
              30.68558306688106,
              32.193808365918436
            ],
            [
              30.685672898409468,
              32.193808365918436
            ],
            [
              30.685672898409468,
              32.19389819744685
            ],
            [
              30.686481382165177,
              32.19389819744685
            ],
            [
              30.686481382165177,
              32.193808365918436
            ],
            [
              30.686661045222,
              32.193808365918436
            ],
            [
              30.686661045222,
              32.19371853439002
            ],
            [
              30.686750876750413,
              32.19371853439002
            ],
            [
              30.686750876750413,
              32.193808365918436
            ],
            [
              30.686840708278826,
              32.193808365918436
            ],
            [
              30.686840708278826,
              32.19389819744685
            ],
            [
              30.686930539807236,
              32.19389819744685
            ],
            [
              30.686930539807236,
              32.19398802897526
            ],
            [
              30.68711020286406,
              32.19398802897526
            ],
            [
              30.68711020286406,
              32.194077860503675
            ],
            [
              30.687200034392472,
              32.194077860503675
            ],
            [
              30.687200034392472,
              32.19416769203209
            ],
            [
              30.687289865920885,
              32.19416769203209
            ],
            [
              30.687289865920885,
              32.19434735508891
            ],
            [
              30.687379697449295,
              32.19434735508891
            ],
            [
              30.687379697449295,
              32.19443718661732
            ],
            [
              30.687469528977708,
              32.19443718661732
            ],
            [
              30.687469528977708,
              32.194527018145735
            ],
            [
              30.68755936050612,
              32.194527018145735
            ],
            [
              30.68755936050612,
              32.19461684967415
            ],
            [
              30.68800851814818,
              32.19461684967415
            ],
            [
              30.68800851814818,
              32.194706681202554
            ],
            [
              30.688367844261826,
              32.194706681202554
            ],
            [
              30.688367844261826,
              32.19479651273097
            ],
            [
              30.68845767579024,
              32.19479651273097
            ],
            [
              30.68845767579024,
              32.19488634425938
            ],
            [
              30.688547507318653,
              32.19488634425938
            ],
            [
              30.688547507318653,
              32.194976175787794
            ],
            [
              30.688637338847062,
              32.194976175787794
            ],
            [
              30.688637338847062,
              32.19506600731621
            ],
            [
              30.688727170375476,
              32.19506600731621
            ],
            [
              30.688727170375476,
              32.19515583884462
            ],
            [
              30.68881700190389,
              32.19515583884462
            ],
            [
              30.68881700190389,
              32.195245670373026
            ],
            [
              30.6889068334323,
              32.195245670373026
            ],
            [
              30.6889068334323,
              32.19533550190144
            ],
            [
              30.68899666496071,
              32.19533550190144
            ],
            [
              30.68899666496071,
              32.19542533342985
            ],
            [
              30.68908649648912,
              32.19542533342985
            ],
            [
              30.68908649648912,
              32.195515164958266
            ],
            [
              30.689266159545948,
              32.195515164958266
            ],
            [
              30.689266159545948,
              32.19560499648668
            ],
            [
              30.68944582260277,
              32.19560499648668
            ],
            [
              30.68944582260277,
              32.195694828015085
            ],
            [
              30.689715317188007,
              32.195694828015085
            ],
            [
              30.689715317188007,
              32.1957846595435
            ],
            [
              30.68980514871642,
              32.1957846595435
            ],
            [
              30.68980514871642,
              32.19587449107191
            ],
            [
              30.68989498024483,
              32.19587449107191
            ],
            [
              30.68989498024483,
              32.195964322600325
            ],
            [
              30.689984811773243,
              32.195964322600325
            ],
            [
              30.689984811773243,
              32.19605415412874
            ],
            [
              30.690074643301653,
              32.19605415412874
            ],
            [
              30.690074643301653,
              32.19614398565715
            ],
            [
              30.690164474830066,
              32.19614398565715
            ],
            [
              30.690164474830066,
              32.19623381718556
            ],
            [
              30.69025430635848,
              32.19623381718556
            ],
            [
              30.69025430635848,
              32.19632364871397
            ],
            [
              30.690972958585775,
              32.19632364871397
            ],
            [
              30.690972958585775,
              32.19623381718556
            ],
            [
              30.691062790114184,
              32.19623381718556
            ],
            [
              30.691062790114184,
              32.19632364871397
            ],
            [
              30.69124245317101,
              32.19632364871397
            ],
            [
              30.69124245317101,
              32.19623381718556
            ],
            [
              30.69169161081307,
              32.19623381718556
            ],
            [
              30.69169161081307,
              32.19632364871397
            ],
            [
              30.691871273869893,
              32.19632364871397
            ],
            [
              30.691871273869893,
              32.196413480242384
            ],
            [
              30.691961105398306,
              32.196413480242384
            ],
            [
              30.691961105398306,
              32.1965033117708
            ],
            [
              30.692050936926716,
              32.1965033117708
            ],
            [
              30.692050936926716,
              32.19659314329921
            ],
            [
              30.692230599983542,
              32.19659314329921
            ],
            [
              30.692230599983542,
              32.19668297482762
            ],
            [
              30.69250009456878,
              32.19668297482762
            ],
            [
              30.69250009456878,
              32.19677280635603
            ],
            [
              30.692859420682424,
              32.19677280635603
            ],
            [
              30.692859420682424,
              32.19686263788444
            ],
            [
              30.693039083739247,
              32.19686263788444
            ],
            [
              30.693039083739247,
              32.19695246941286
            ],
            [
              30.69312891526766,
              32.19695246941286
            ],
            [
              30.69312891526766,
              32.19713213246968
            ],
            [
              30.693308578324483,
              32.19713213246968
            ],
            [
              30.693308578324483,
              32.19722196399809
            ],
            [
              30.693398409852897,
              32.19722196399809
            ],
            [
              30.693398409852897,
              32.1973117955265
            ],
            [
              30.69348824138131,
              32.1973117955265
            ],
            [
              30.69348824138131,
              32.19749145858333
            ],
            [
              30.693667904438133,
              32.19749145858333
            ],
            [
              30.693667904438133,
              32.19758129011174
            ],
            [
              30.693757735966546,
              32.19758129011174
            ],
            [
              30.693757735966546,
              32.19767112164015
            ],
            [
              30.69402723055178,
              32.19767112164015
            ],
            [
              30.69402723055178,
              32.19776095316856
            ],
            [
              30.694117062080192,
              32.19776095316856
            ],
            [
              30.694117062080192,
              32.197850784696975
            ],
            [
              30.69447638819384,
              32.197850784696975
            ],
            [
              30.69447638819384,
              32.19794061622539
            ],
            [
              30.6949255458359,
              32.19794061622539
            ],
            [
              30.6949255458359,
              32.1980304477538
            ],
            [
              30.69537470347796,
              32.1980304477538
            ],
            [
              30.69537470347796,
              32.19821011081062
            ],
            [
              30.695554366534783,
              32.19821011081062
            ],
            [
              30.695554366534783,
              32.198299942339034
            ],
            [
              30.695644198063196,
              32.198299942339034
            ],
            [
              30.695644198063196,
              32.19838977386745
            ],
            [
              30.69582386112002,
              32.19838977386745
            ],
            [
              30.69582386112002,
              32.19847960539586
            ],
            [
              30.695913692648432,
              32.19847960539586
            ],
            [
              30.695913692648432,
              32.19865926845268
            ],
            [
              30.69600352417684,
              32.19865926845268
            ],
            [
              30.69600352417684,
              32.19874909998109
            ],
            [
              30.696183187233668,
              32.19874909998109
            ],
            [
              30.696183187233668,
              32.19892876303792
            ],
            [
              30.696273018762078,
              32.19892876303792
            ],
            [
              30.696273018762078,
              32.19901859456633
            ],
            [
              30.696452681818904,
              32.19901859456633
            ],
            [
              30.696452681818904,
              32.199108426094746
            ],
            [
              30.696632344875727,
              32.199108426094746
            ],
            [
              30.696632344875727,
              32.19919825762315
            ],
            [
              30.69672217640414,
              32.19919825762315
            ],
            [
              30.69672217640414,
              32.199288089151565
            ],
            [
              30.696991670989373,
              32.199288089151565
            ],
            [
              30.696991670989373,
              32.19937792067998
            ],
            [
              30.6971713340462,
              32.19937792067998
            ],
            [
              30.6971713340462,
              32.19946775220839
            ],
            [
              30.697710323216672,
              32.19946775220839
            ],
            [
              30.697710323216672,
              32.19937792067998
            ],
            [
              30.69780015474508,
              32.19937792067998
            ],
            [
              30.69780015474508,
              32.199288089151565
            ],
            [
              30.697889986273495,
              32.199288089151565
            ],
            [
              30.697889986273495,
              32.19919825762315
            ],
            [
              30.698069649330318,
              32.19919825762315
            ],
            [
              30.698069649330318,
              32.19901859456633
            ],
            [
              30.69815948085873,
              32.19901859456633
            ],
            [
              30.69815948085873,
              32.19892876303792
            ],
            [
              30.698788301557613,
              32.19892876303792
            ],
            [
              30.698788301557613,
              32.19901859456633
            ],
            [
              30.698878133086026,
              32.19901859456633
            ],
            [
              30.698878133086026,
              32.19892876303792
            ],
            [
              30.69896796461444,
              32.19892876303792
            ],
            [
              30.69896796461444,
              32.199108426094746
            ],
            [
              30.69905779614285,
              32.199108426094746
            ],
            [
              30.69905779614285,
              32.199288089151565
            ],
            [
              30.699147627671262,
              32.199288089151565
            ],
            [
              30.699147627671262,
              32.19982707832204
            ],
            [
              30.699237459199672,
              32.19982707832204
            ],
            [
              30.699237459199672,
              32.200006741378864
            ],
            [
              30.699327290728085,
              32.200006741378864
            ],
            [
              30.699327290728085,
              32.200186404435684
            ],
            [
              30.6994171222565,
              32.200186404435684
            ],
            [
              30.6994171222565,
              32.20036606749251
            ],
            [
              30.69950695378491,
              32.20036606749251
            ],
            [
              30.69950695378491,
              32.20054573054934
            ],
            [
              30.699776448370145,
              32.20054573054934
            ],
            [
              30.699776448370145,
              32.20063556207774
            ],
            [
              30.699866279898558,
              32.20063556207774
            ],
            [
              30.699866279898558,
              32.20054573054934
            ],
            [
              30.69995611142697,
              32.20054573054934
            ],
            [
              30.69995611142697,
              32.20045589902092
            ],
            [
              30.70004594295538,
              32.20045589902092
            ],
            [
              30.70004594295538,
              32.20036606749251
            ],
            [
              30.700135774483794,
              32.20036606749251
            ],
            [
              30.700135774483794,
              32.2002762359641
            ],
            [
              30.700225606012204,
              32.2002762359641
            ],
            [
              30.700225606012204,
              32.20009657290728
            ],
            [
              30.700315437540617,
              32.20009657290728
            ],
            [
              30.700315437540617,
              32.19982707832204
            ],
            [
              30.70040526906903,
              32.19982707832204
            ],
            [
              30.70040526906903,
              32.199737246793624
            ],
            [
              30.70049510059744,
              32.199737246793624
            ],
            [
              30.70049510059744,
              32.19964741526521
            ],
            [
              30.700584932125853,
              32.19964741526521
            ],
            [
              30.700584932125853,
              32.199737246793624
            ],
            [
              30.700674763654266,
              32.199737246793624
            ],
            [
              30.700674763654266,
              32.19964741526521
            ],
            [
              30.700944258239502,
              32.19964741526521
            ],
            [
              30.700944258239502,
              32.199737246793624
            ],
            [
              30.701213752824735,
              32.199737246793624
            ],
            [
              30.701213752824735,
              32.19982707832204
            ],
            [
              30.70139341588156,
              32.19982707832204
            ],
            [
              30.70139341588156,
              32.19991690985045
            ],
            [
              30.701573078938384,
              32.19991690985045
            ],
            [
              30.701573078938384,
              32.200006741378864
            ],
            [
              30.702022236580444,
              32.200006741378864
            ],
            [
              30.702022236580444,
              32.20009657290728
            ],
            [
              30.702201899637267,
              32.20009657290728
            ],
            [
              30.702201899637267,
              32.200186404435684
            ],
            [
              30.702561225750916,
              32.200186404435684
            ],
            [
              30.702561225750916,
              32.2002762359641
            ],
            [
              30.70265105727933,
              32.2002762359641
            ],
            [
              30.70265105727933,
              32.20036606749251
            ],
            [
              30.70274088880774,
              32.20036606749251
            ],
            [
              30.70274088880774,
              32.20045589902092
            ],
            [
              30.702830720336152,
              32.20045589902092
            ],
            [
              30.702830720336152,
              32.20054573054934
            ],
            [
              30.703010383392975,
              32.20054573054934
            ],
            [
              30.703010383392975,
              32.20063556207774
            ],
            [
              30.70310021492139,
              32.20063556207774
            ],
            [
              30.70310021492139,
              32.200725393606156
            ],
            [
              30.70327987797821,
              32.200725393606156
            ],
            [
              30.70327987797821,
              32.20081522513457
            ],
            [
              30.703459541035034,
              32.20081522513457
            ],
            [
              30.703459541035034,
              32.20090505666298
            ],
            [
              30.70363920409186,
              32.20090505666298
            ],
            [
              30.70363920409186,
              32.200994888191396
            ],
            [
              30.703818867148684,
              32.200994888191396
            ],
            [
              30.703818867148684,
              32.20108471971981
            ],
            [
              30.70453751937598,
              32.20108471971981
            ],
            [
              30.70453751937598,
              32.201174551248215
            ],
            [
              30.70489684548963,
              32.201174551248215
            ],
            [
              30.70489684548963,
              32.20126438277663
            ],
            [
              30.704986677018038,
              32.20126438277663
            ],
            [
              30.704986677018038,
              32.20135421430504
            ],
            [
              30.70507650854645,
              32.20135421430504
            ],
            [
              30.70507650854645,
              32.201444045833455
            ],
            [
              30.705256171603274,
              32.201444045833455
            ],
            [
              30.705256171603274,
              32.201623708890274
            ],
            [
              30.705435834660097,
              32.201623708890274
            ],
            [
              30.705435834660097,
              32.20171354041869
            ],
            [
              30.706064655358983,
              32.20171354041869
            ],
            [
              30.706064655358983,
              32.201623708890274
            ],
            [
              30.706244318415806,
              32.201623708890274
            ],
            [
              30.706244318415806,
              32.20153387736187
            ],
            [
              30.70642398147263,
              32.20153387736187
            ],
            [
              30.70642398147263,
              32.201444045833455
            ],
            [
              30.706603644529455,
              32.201444045833455
            ],
            [
              30.706603644529455,
              32.20135421430504
            ],
            [
              30.706783307586278,
              32.20135421430504
            ],
            [
              30.706783307586278,
              32.20126438277663
            ],
            [
              30.707232465228337,
              32.20126438277663
            ],
            [
              30.707232465228337,
              32.20135421430504
            ],
            [
              30.70741212828516,
              32.20135421430504
            ],
            [
              30.70741212828516,
              32.201444045833455
            ],
            [
              30.707591791341986,
              32.201444045833455
            ],
            [
              30.707591791341986,
              32.20153387736187
            ],
            [
              30.70777145439881,
              32.20153387736187
            ],
            [
              30.70777145439881,
              32.201623708890274
            ],
            [
              30.707951117455632,
              32.201623708890274
            ],
            [
              30.707951117455632,
              32.20171354041869
            ],
            [
              30.708130780512455,
              32.20171354041869
            ],
            [
              30.708130780512455,
              32.2018033719471
            ],
            [
              30.70840027509769,
              32.2018033719471
            ],
            [
              30.70840027509769,
              32.201893203475514
            ],
            [
              30.708579938154518,
              32.201893203475514
            ],
            [
              30.708579938154518,
              32.20198303500393
            ],
            [
              30.70875960121134,
              32.20198303500393
            ],
            [
              30.70875960121134,
              32.20207286653234
            ],
            [
              30.708849432739754,
              32.20207286653234
            ],
            [
              30.708849432739754,
              32.20216269806075
            ],
            [
              30.709029095796577,
              32.20216269806075
            ],
            [
              30.709029095796577,
              32.20225252958916
            ],
            [
              30.709118927324987,
              32.20225252958916
            ],
            [
              30.709118927324987,
              32.20234236111757
            ],
            [
              30.7092087588534,
              32.20234236111757
            ],
            [
              30.7092087588534,
              32.202432192645986
            ],
            [
              30.709298590381813,
              32.202432192645986
            ],
            [
              30.709298590381813,
              32.2025220241744
            ],
            [
              30.709388421910223,
              32.2025220241744
            ],
            [
              30.709388421910223,
              32.20270168723122
            ],
            [
              30.709478253438636,
              32.20270168723122
            ],
            [
              30.709478253438636,
              32.20279151875963
            ],
            [
              30.70956808496705,
              32.20279151875963
            ],
            [
              30.70956808496705,
              32.20297118181646
            ],
            [
              30.709747748023872,
              32.20297118181646
            ],
            [
              30.709747748023872,
              32.20306101334487
            ],
            [
              30.709837579552286,
              32.20306101334487
            ],
            [
              30.709837579552286,
              32.20315084487328
            ],
            [
              30.709927411080695,
              32.20315084487328
            ],
            [
              30.709927411080695,
              32.20324067640169
            ],
            [
              30.710286737194345,
              32.20324067640169
            ],
            [
              30.710286737194345,
              32.203330507930104
            ],
            [
              30.710376568722754,
              32.203330507930104
            ],
            [
              30.710376568722754,
              32.20324067640169
            ],
            [
              30.71064606330799,
              32.20324067640169
            ],
            [
              30.71064606330799,
              32.203330507930104
            ],
            [
              30.71100538942164,
              32.203330507930104
            ],
            [
              30.71100538942164,
              32.20342033945852
            ],
            [
              30.711274884006876,
              32.20342033945852
            ],
            [
              30.711274884006876,
              32.20351017098693
            ],
            [
              30.711364715535286,
              32.20351017098693
            ],
            [
              30.711364715535286,
              32.20360000251534
            ],
            [
              30.711634210120522,
              32.20360000251534
            ],
            [
              30.711634210120522,
              32.20368983404375
            ],
            [
              30.711724041648935,
              32.20368983404375
            ],
            [
              30.711724041648935,
              32.20377966557216
            ],
            [
              30.711903704705758,
              32.20377966557216
            ],
            [
              30.711903704705758,
              32.20395932862899
            ],
            [
              30.71208336776258,
              32.20395932862899
            ],
            [
              30.71208336776258,
              32.2040491601574
            ],
            [
              30.71244269387623,
              32.2040491601574
            ],
            [
              30.71244269387623,
              32.20413899168581
            ],
            [
              30.712712188461467,
              32.20413899168581
            ],
            [
              30.712712188461467,
              32.20422882321422
            ],
            [
              30.71280201998988,
              32.20422882321422
            ],
            [
              30.71280201998988,
              32.204318654742636
            ],
            [
              30.713161346103526,
              32.204318654742636
            ],
            [
              30.713161346103526,
              32.20440848627105
            ],
            [
              30.71325117763194,
              32.20440848627105
            ],
            [
              30.71325117763194,
              32.204318654742636
            ],
            [
              30.713430840688762,
              32.204318654742636
            ],
            [
              30.713430840688762,
              32.20440848627105
            ],
            [
              30.713520672217175,
              32.20440848627105
            ],
            [
              30.713520672217175,
              32.20449831779946
            ],
            [
              30.71379016680241,
              32.20449831779946
            ],
            [
              30.71379016680241,
              32.20458814932787
            ],
            [
              30.713969829859234,
              32.20458814932787
            ],
            [
              30.713969829859234,
              32.20467798085628
            ],
            [
              30.714418987501293,
              32.20467798085628
            ],
            [
              30.714418987501293,
              32.204767812384695
            ],
            [
              30.714598650558116,
              32.204767812384695
            ],
            [
              30.714598650558116,
              32.20485764391311
            ],
            [
              30.714778313614943,
              32.20485764391311
            ],
            [
              30.714778313614943,
              32.20494747544152
            ],
            [
              30.714868145143353,
              32.20494747544152
            ],
            [
              30.714868145143353,
              32.205037306969935
            ],
            [
              30.715047808200175,
              32.205037306969935
            ],
            [
              30.715047808200175,
              32.20512713849834
            ],
            [
              30.715227471257002,
              32.20512713849834
            ],
            [
              30.715227471257002,
              32.205216970026754
            ],
            [
              30.71531730278541,
              32.205216970026754
            ],
            [
              30.71531730278541,
              32.20530680155517
            ],
            [
              30.715407134313825,
              32.20530680155517
            ],
            [
              30.715407134313825,
              32.20539663308358
            ],
            [
              30.715586797370648,
              32.20539663308358
            ],
            [
              30.715586797370648,
              32.205486464611994
            ],
            [
              30.71567662889906,
              32.205486464611994
            ],
            [
              30.71567662889906,
              32.20566612766881
            ],
            [
              30.715766460427474,
              32.20566612766881
            ],
            [
              30.715766460427474,
              32.205755959197226
            ],
            [
              30.715856291955884,
              32.205755959197226
            ],
            [
              30.715856291955884,
              32.20584579072564
            ],
            [
              30.715946123484297,
              32.20584579072564
            ],
            [
              30.715946123484297,
              32.20593562225405
            ],
            [
              30.71603595501271,
              32.20593562225405
            ],
            [
              30.71603595501271,
              32.206025453782466
            ],
            [
              30.71612578654112,
              32.206025453782466
            ],
            [
              30.71612578654112,
              32.20611528531087
            ],
            [
              30.716215618069533,
              32.20611528531087
            ],
            [
              30.716215618069533,
              32.206205116839286
            ],
            [
              30.71693427029683,
              32.206205116839286
            ],
            [
              30.71693427029683,
              32.2062949483677
            ],
            [
              30.717024101825242,
              32.2062949483677
            ],
            [
              30.717024101825242,
              32.206205116839286
            ],
            [
              30.71711393335365,
              32.206205116839286
            ],
            [
              30.71711393335365,
              32.20683393753817
            ],
            [
              30.717203764882065,
              32.20683393753817
            ],
            [
              30.717203764882065,
              32.206923769066584
            ],
            [
              30.71711393335365,
              32.206923769066584
            ],
            [
              30.71711393335365,
              32.207013600595
            ],
            [
              30.717383427938888,
              32.207013600595
            ],
            [
              30.717383427938888,
              32.206923769066584
            ],
            [
              30.71756309099571,
              32.206923769066584
            ],
            [
              30.71756309099571,
              32.20683393753817
            ],
            [
              30.717742754052537,
              32.20683393753817
            ],
            [
              30.717742754052537,
              32.20674410600976
            ],
            [
              30.717832585580947,
              32.20674410600976
            ],
            [
              30.717832585580947,
              32.206654274481345
            ],
            [
              30.718102080166183,
              32.206654274481345
            ],
            [
              30.718102080166183,
              32.20674410600976
            ],
            [
              30.718191911694596,
              32.20674410600976
            ],
            [
              30.718191911694596,
              32.206654274481345
            ],
            [
              30.718281743223006,
              32.206654274481345
            ],
            [
              30.718281743223006,
              32.20674410600976
            ],
            [
              30.718551237808242,
              32.20674410600976
            ],
            [
              30.718551237808242,
              32.20683393753817
            ],
            [
              30.71891056392189,
              32.20683393753817
            ],
            [
              30.71891056392189,
              32.206923769066584
            ],
            [
              30.719000395450305,
              32.206923769066584
            ],
            [
              30.719000395450305,
              32.20683393753817
            ],
            [
              30.719539384620774,
              32.20683393753817
            ],
            [
              30.719539384620774,
              32.20674410600976
            ],
            [
              30.7197190476776,
              32.20674410600976
            ],
            [
              30.7197190476776,
              32.206654274481345
            ],
            [
              30.719898710734423,
              32.206654274481345
            ],
            [
              30.719898710734423,
              32.20656444295293
            ],
            [
              30.720347868376482,
              32.20656444295293
            ],
            [
              30.720347868376482,
              32.206654274481345
            ],
            [
              30.720527531433305,
              32.206654274481345
            ],
            [
              30.720527531433305,
              32.20674410600976
            ],
            [
              30.72061736296172,
              32.20674410600976
            ],
            [
              30.72061736296172,
              32.20683393753817
            ],
            [
              30.72070719449013,
              32.20683393753817
            ],
            [
              30.72070719449013,
              32.206923769066584
            ],
            [
              30.720886857546954,
              32.206923769066584
            ],
            [
              30.720886857546954,
              32.207013600595
            ],
            [
              30.721066520603777,
              32.207013600595
            ],
            [
              30.721066520603777,
              32.207103432123404
            ],
            [
              30.72115635213219,
              32.207103432123404
            ],
            [
              30.72115635213219,
              32.20719326365182
            ],
            [
              30.721336015189014,
              32.20719326365182
            ],
            [
              30.721336015189014,
              32.20728309518023
            ],
            [
              30.721425846717427,
              32.20728309518023
            ],
            [
              30.721425846717427,
              32.20737292670864
            ],
            [
              30.721515678245837,
              32.20737292670864
            ],
            [
              30.721515678245837,
              32.20755258976546
            ],
            [
              30.721695341302663,
              32.20755258976546
            ],
            [
              30.721695341302663,
              32.207642421293876
            ],
            [
              30.721785172831073,
              32.207642421293876
            ],
            [
              30.721785172831073,
              32.20773225282229
            ],
            [
              30.721875004359486,
              32.20773225282229
            ],
            [
              30.721875004359486,
              32.2078220843507
            ],
            [
              30.72205466741631,
              32.2078220843507
            ],
            [
              30.72205466741631,
              32.207911915879116
            ],
            [
              30.722144498944722,
              32.207911915879116
            ],
            [
              30.722144498944722,
              32.208091578935935
            ],
            [
              30.722324162001545,
              32.208091578935935
            ],
            [
              30.722324162001545,
              32.20818141046435
            ],
            [
              30.72241399352996,
              32.20818141046435
            ],
            [
              30.72241399352996,
              32.20827124199276
            ],
            [
              30.722503825058368,
              32.20827124199276
            ],
            [
              30.722503825058368,
              32.20845090504959
            ],
            [
              30.72259365658678,
              32.20845090504959
            ],
            [
              30.72259365658678,
              32.208540736577994
            ],
            [
              30.722683488115194,
              32.208540736577994
            ],
            [
              30.722683488115194,
              32.20863056810641
            ],
            [
              30.722773319643604,
              32.20863056810641
            ],
            [
              30.722773319643604,
              32.20872039963482
            ],
            [
              30.722863151172017,
              32.20872039963482
            ],
            [
              30.722863151172017,
              32.20890006269165
            ],
            [
              30.72295298270043,
              32.20890006269165
            ],
            [
              30.72295298270043,
              32.20898989422006
            ],
            [
              30.723222477285663,
              32.20898989422006
            ],
            [
              30.723222477285663,
              32.20907972574847
            ],
            [
              30.7234919718709,
              32.20907972574847
            ],
            [
              30.7234919718709,
              32.20898989422006
            ],
            [
              30.723581803399313,
              32.20898989422006
            ],
            [
              30.723581803399313,
              32.20907972574847
            ],
            [
              30.72385129798455,
              32.20907972574847
            ],
            [
              30.72385129798455,
              32.20898989422006
            ],
            [
              30.723941129512962,
              32.20898989422006
            ],
            [
              30.723941129512962,
              32.20907972574847
            ],
            [
              30.72403096104137,
              32.20907972574847
            ],
            [
              30.72403096104137,
              32.20898989422006
            ],
            [
              30.724120792569785,
              32.20898989422006
            ],
            [
              30.724120792569785,
              32.20907972574847
            ],
            [
              30.724210624098195,
              32.20907972574847
            ],
            [
              30.724210624098195,
              32.20898989422006
            ],
            [
              30.724300455626608,
              32.20898989422006
            ],
            [
              30.724300455626608,
              32.20907972574847
            ],
            [
              30.725108939382316,
              32.20907972574847
            ],
            [
              30.725108939382316,
              32.20916955727688
            ],
            [
              30.72528860243914,
              32.20916955727688
            ],
            [
              30.72528860243914,
              32.20925938880529
            ],
            [
              30.725468265495962,
              32.20925938880529
            ],
            [
              30.725468265495962,
              32.209349220333706
            ],
            [
              30.72564792855279,
              32.209349220333706
            ],
            [
              30.72564792855279,
              32.20943905186212
            ],
            [
              30.7257377600812,
              32.20943905186212
            ],
            [
              30.7257377600812,
              32.209528883390526
            ],
            [
              30.725917423138025,
              32.209528883390526
            ],
            [
              30.725917423138025,
              32.20961871491894
            ],
            [
              30.726097086194848,
              32.20961871491894
            ],
            [
              30.726097086194848,
              32.20970854644735
            ],
            [
              30.726456412308494,
              32.20970854644735
            ],
            [
              30.726456412308494,
              32.209798377975766
            ],
            [
              30.726815738422143,
              32.209798377975766
            ],
            [
              30.726815738422143,
              32.20988820950418
            ],
            [
              30.72708523300738,
              32.20988820950418
            ],
            [
              30.72708523300738,
              32.20997804103259
            ],
            [
              30.72762422217785,
              32.20997804103259
            ],
            [
              30.72762422217785,
              32.210067872561
            ],
            [
              30.72771405370626,
              32.210067872561
            ],
            [
              30.72771405370626,
              32.20997804103259
            ],
            [
              30.727893716763088,
              32.20997804103259
            ],
            [
              30.727893716763088,
              32.210067872561
            ],
            [
              30.728432705933557,
              32.210067872561
            ],
            [
              30.728432705933557,
              32.20997804103259
            ],
            [
              30.72852253746197,
              32.20997804103259
            ],
            [
              30.72852253746197,
              32.210067872561
            ],
            [
              30.72897169510403,
              32.210067872561
            ],
            [
              30.72897169510403,
              32.21015770408941
            ],
            [
              30.729061526632442,
              32.21015770408941
            ],
            [
              30.729061526632442,
              32.210247535617825
            ],
            [
              30.729151358160852,
              32.210247535617825
            ],
            [
              30.729151358160852,
              32.21042719867465
            ],
            [
              30.729241189689265,
              32.21042719867465
            ],
            [
              30.729241189689265,
              32.210696693259884
            ],
            [
              30.729151358160852,
              32.210696693259884
            ],
            [
              30.729151358160852,
              32.2107865247883
            ],
            [
              30.729241189689265,
              32.2107865247883
            ],
            [
              30.729241189689265,
              32.21087635631671
            ],
            [
              30.72933102121768,
              32.21087635631671
            ],
            [
              30.72933102121768,
              32.21105601937353
            ],
            [
              30.7295106842745,
              32.21105601937353
            ],
            [
              30.7295106842745,
              32.21114585090194
            ],
            [
              30.730947988729092,
              32.21114585090194
            ],
            [
              30.730947988729092,
              32.211235682430356
            ],
            [
              30.73112765178592,
              32.211235682430356
            ],
            [
              30.73112765178592,
              32.21132551395877
            ],
            [
              30.731217483314328,
              32.21132551395877
            ],
            [
              30.731217483314328,
              32.21141534548718
            ],
            [
              30.73130731484274,
              32.21141534548718
            ],
            [
              30.73130731484274,
              32.21150517701559
            ],
            [
              30.731486977899564,
              32.21150517701559
            ],
            [
              30.731486977899564,
              32.211595008544
            ],
            [
              30.731576809427978,
              32.211595008544
            ],
            [
              30.731576809427978,
              32.211684840072415
            ],
            [
              30.731666640956387,
              32.211684840072415
            ],
            [
              30.731666640956387,
              32.21177467160083
            ],
            [
              30.7317564724848,
              32.21177467160083
            ],
            [
              30.7317564724848,
              32.21186450312924
            ],
            [
              30.731846304013214,
              32.21186450312924
            ],
            [
              30.731846304013214,
              32.211954334657655
            ],
            [
              30.732834450825745,
              32.211954334657655
            ],
            [
              30.732834450825745,
              32.21186450312924
            ],
            [
              30.732924282354155,
              32.21186450312924
            ],
            [
              30.732924282354155,
              32.211954334657655
            ],
            [
              30.733283608467804,
              32.211954334657655
            ],
            [
              30.733283608467804,
              32.21204416618606
            ],
            [
              30.733463271524627,
              32.21204416618606
            ],
            [
              30.733463271524627,
              32.212133997714474
            ],
            [
              30.73364293458145,
              32.212133997714474
            ],
            [
              30.73364293458145,
              32.21204416618606
            ],
            [
              30.7340022606951,
              32.21204416618606
            ],
            [
              30.7340022606951,
              32.211954334657655
            ],
            [
              30.734271755280336,
              32.211954334657655
            ],
            [
              30.734271755280336,
              32.21186450312924
            ],
            [
              30.73445141833716,
              32.21186450312924
            ],
            [
              30.73445141833716,
              32.21177467160083
            ],
            [
              30.734900575979218,
              32.21177467160083
            ],
            [
              30.734900575979218,
              32.21186450312924
            ],
            [
              30.73499040750763,
              32.21186450312924
            ],
            [
              30.73499040750763,
              32.211954334657655
            ],
            [
              30.735080239036044,
              32.211954334657655
            ],
            [
              30.735080239036044,
              32.21204416618606
            ],
            [
              30.735170070564454,
              32.21204416618606
            ],
            [
              30.735170070564454,
              32.212133997714474
            ],
            [
              30.735259902092867,
              32.212133997714474
            ],
            [
              30.735259902092867,
              32.21222382924289
            ],
            [
              30.73543956514969,
              32.21222382924289
            ],
            [
              30.73543956514969,
              32.2123136607713
            ],
            [
              30.735619228206513,
              32.2123136607713
            ],
            [
              30.735619228206513,
              32.212403492299714
            ],
            [
              30.735709059734926,
              32.212403492299714
            ],
            [
              30.735709059734926,
              32.21249332382812
            ],
            [
              30.73579889126334,
              32.21249332382812
            ],
            [
              30.73579889126334,
              32.21258315535653
            ],
            [
              30.735978554320162,
              32.21258315535653
            ],
            [
              30.735978554320162,
              32.21267298688495
            ],
            [
              30.736158217376985,
              32.21267298688495
            ],
            [
              30.736158217376985,
              32.21276281841336
            ],
            [
              30.7362480489054,
              32.21276281841336
            ],
            [
              30.7362480489054,
              32.21285264994177
            ],
            [
              30.73633788043381,
              32.21285264994177
            ],
            [
              30.73633788043381,
              32.212942481470186
            ],
            [
              30.736517543490635,
              32.212942481470186
            ],
            [
              30.736517543490635,
              32.21303231299859
            ],
            [
              30.736607375019044,
              32.21303231299859
            ],
            [
              30.736607375019044,
              32.212942481470186
            ],
            [
              30.73687686960428,
              32.212942481470186
            ],
            [
              30.73687686960428,
              32.21303231299859
            ],
            [
              30.736966701132694,
              32.21303231299859
            ],
            [
              30.736966701132694,
              32.212942481470186
            ],
            [
              30.73723619571793,
              32.212942481470186
            ],
            [
              30.73723619571793,
              32.21303231299859
            ],
            [
              30.73732602724634,
              32.21303231299859
            ],
            [
              30.73732602724634,
              32.213122144527006
            ],
            [
              30.737415858774753,
              32.213122144527006
            ],
            [
              30.737415858774753,
              32.21330180758383
            ],
            [
              30.737505690303166,
              32.21330180758383
            ],
            [
              30.737505690303166,
              32.213571302169065
            ],
            [
              30.737595521831576,
              32.213571302169065
            ],
            [
              30.737595521831576,
              32.21375096522589
            ],
            [
              30.73768535335999,
              32.21375096522589
            ],
            [
              30.73768535335999,
              32.213840796754305
            ],
            [
              30.737865016416812,
              32.213840796754305
            ],
            [
              30.737865016416812,
              32.21393062828272
            ],
            [
              30.73804467947364,
              32.21393062828272
            ],
            [
              30.73804467947364,
              32.214020459811124
            ],
            [
              30.73822434253046,
              32.214020459811124
            ],
            [
              30.73822434253046,
              32.21393062828272
            ],
            [
              30.73831417405887,
              32.21393062828272
            ],
            [
              30.73831417405887,
              32.214020459811124
            ],
            [
              30.73867350017252,
              32.214020459811124
            ],
            [
              30.73867350017252,
              32.21411029133954
            ],
            [
              30.738763331700934,
              32.21411029133954
            ],
            [
              30.738763331700934,
              32.214020459811124
            ],
            [
              30.738853163229344,
              32.214020459811124
            ],
            [
              30.738853163229344,
              32.21411029133954
            ],
            [
              30.73903282628617,
              32.21411029133954
            ],
            [
              30.73903282628617,
              32.21420012286795
            ],
            [
              30.739212489342993,
              32.21420012286795
            ],
            [
              30.739212489342993,
              32.214289954396364
            ],
            [
              30.739392152399816,
              32.214289954396364
            ],
            [
              30.739392152399816,
              32.21437978592478
            ],
            [
              30.739751478513465,
              32.21437978592478
            ],
            [
              30.739751478513465,
              32.21446961745318
            ],
            [
              30.74011080462711,
              32.21446961745318
            ],
            [
              30.74011080462711,
              32.214559448981596
            ],
            [
              30.740649793797584,
              32.214559448981596
            ],
            [
              30.740649793797584,
              32.21473911203842
            ],
            [
              30.740829456854406,
              32.21473911203842
            ],
            [
              30.740829456854406,
              32.214828943566836
            ],
            [
              30.741188782968056,
              32.214828943566836
            ],
            [
              30.741188782968056,
              32.21491877509525
            ],
            [
              30.741458277553292,
              32.21491877509525
            ],
            [
              30.741458277553292,
              32.215008606623655
            ],
            [
              30.741637940610115,
              32.215008606623655
            ],
            [
              30.741637940610115,
              32.21509843815207
            ],
            [
              30.741817603666938,
              32.21509843815207
            ],
            [
              30.741817603666938,
              32.21518826968048
            ],
            [
              30.74190743519535,
              32.21518826968048
            ],
            [
              30.74190743519535,
              32.21536793273731
            ],
            [
              30.741997266723764,
              32.21536793273731
            ],
            [
              30.741997266723764,
              32.215457764265715
            ],
            [
              30.742266761308997,
              32.215457764265715
            ],
            [
              30.742266761308997,
              32.21554759579413
            ],
            [
              30.74280575047947,
              32.21554759579413
            ],
            [
              30.74280575047947,
              32.21563742732254
            ],
            [
              30.742985413536296,
              32.21563742732254
            ],
            [
              30.742985413536296,
              32.215727258850954
            ],
            [
              30.743075245064706,
              32.215727258850954
            ],
            [
              30.743075245064706,
              32.21581709037937
            ],
            [
              30.74325490812153,
              32.21581709037937
            ],
            [
              30.74325490812153,
              32.21590692190778
            ],
            [
              30.74334473964994,
              32.21590692190778
            ],
            [
              30.74334473964994,
              32.21599675343619
            ],
            [
              30.743434571178355,
              32.21599675343619
            ],
            [
              30.743434571178355,
              32.2160865849646
            ],
            [
              30.743524402706765,
              32.2160865849646
            ],
            [
              30.743524402706765,
              32.21617641649301
            ],
            [
              30.74370406576359,
              32.21617641649301
            ],
            [
              30.74370406576359,
              32.21626624802143
            ],
            [
              30.743883728820414,
              32.21626624802143
            ],
            [
              30.743883728820414,
              32.21635607954984
            ],
            [
              30.743973560348827,
              32.21635607954984
            ],
            [
              30.743973560348827,
              32.216445911078246
            ],
            [
              30.74415322340565,
              32.216445911078246
            ],
            [
              30.74415322340565,
              32.21653574260666
            ],
            [
              30.744332886462473,
              32.21653574260666
            ],
            [
              30.744332886462473,
              32.21662557413507
            ],
            [
              30.744422717990886,
              32.21662557413507
            ],
            [
              30.744422717990886,
              32.2168052371919
            ],
            [
              30.744512549519296,
              32.2168052371919
            ],
            [
              30.744512549519296,
              32.21689506872031
            ],
            [
              30.744782044104532,
              32.21689506872031
            ],
            [
              30.744782044104532,
              32.21707473177713
            ],
            [
              30.744871875632946,
              32.21707473177713
            ],
            [
              30.744871875632946,
              32.217164563305545
            ],
            [
              30.74496170716136,
              32.217164563305545
            ],
            [
              30.74496170716136,
              32.21725439483396
            ],
            [
              30.74505153868977,
              32.21725439483396
            ],
            [
              30.74505153868977,
              32.21752388941919
            ],
            [
              30.74514137021818,
              32.21752388941919
            ],
            [
              30.74514137021818,
              32.21770355247602
            ],
            [
              30.745321033275005,
              32.21770355247602
            ],
            [
              30.745321033275005,
              32.21779338400443
            ],
            [
              30.745410864803418,
              32.21779338400443
            ],
            [
              30.745410864803418,
              32.217883215532844
            ],
            [
              30.74559052786024,
              32.217883215532844
            ],
            [
              30.74559052786024,
              32.21797304706125
            ],
            [
              30.745770190917064,
              32.21797304706125
            ],
            [
              30.745770190917064,
              32.21806287858966
            ],
            [
              30.745860022445477,
              32.21806287858966
            ],
            [
              30.745860022445477,
              32.218152710118076
            ],
            [
              30.74594985397389,
              32.218152710118076
            ],
            [
              30.74594985397389,
              32.21842220470331
            ],
            [
              30.7460396855023,
              32.21842220470331
            ],
            [
              30.7460396855023,
              32.21851203623172
            ],
            [
              30.746129517030713,
              32.21851203623172
            ],
            [
              30.746129517030713,
              32.21878153081696
            ],
            [
              30.746219348559123,
              32.21878153081696
            ],
            [
              30.746219348559123,
              32.21914085693061
            ],
            [
              30.746309180087536,
              32.21914085693061
            ],
            [
              30.746309180087536,
              32.219320519987434
            ],
            [
              30.74639901161595,
              32.219320519987434
            ],
            [
              30.74639901161595,
              32.21941035151584
            ],
            [
              30.74648884314436,
              32.21941035151584
            ],
            [
              30.74648884314436,
              32.21959001457267
            ],
            [
              30.746578674672772,
              32.21959001457267
            ],
            [
              30.746578674672772,
              32.21967984610108
            ],
            [
              30.746668506201186,
              32.21967984610108
            ],
            [
              30.746668506201186,
              32.21976967762949
            ],
            [
              30.74693800078642,
              32.21976967762949
            ],
            [
              30.74693800078642,
              32.21985950915791
            ],
            [
              30.74702783231483,
              32.21985950915791
            ],
            [
              30.74702783231483,
              32.21976967762949
            ],
            [
              30.747297326900068,
              32.21976967762949
            ],
            [
              30.747297326900068,
              32.21985950915791
            ],
            [
              30.74738715842848,
              32.21985950915791
            ],
            [
              30.74738715842848,
              32.21976967762949
            ],
            [
              30.747656653013717,
              32.21976967762949
            ],
            [
              30.747656653013717,
              32.21985950915791
            ],
            [
              30.747746484542127,
              32.21985950915791
            ],
            [
              30.747746484542127,
              32.21976967762949
            ],
            [
              30.748015979127363,
              32.21976967762949
            ],
            [
              30.748015979127363,
              32.21985950915791
            ],
            [
              30.748375305241012,
              32.21985950915791
            ],
            [
              30.748375305241012,
              32.21994934068631
            ],
            [
              30.748465136769422,
              32.21994934068631
            ],
            [
              30.748465136769422,
              32.220039172214726
            ],
            [
              30.748554968297835,
              32.220039172214726
            ],
            [
              30.748554968297835,
              32.22012900374314
            ],
            [
              30.748734631354658,
              32.22012900374314
            ],
            [
              30.748734631354658,
              32.22021883527155
            ],
            [
              30.748914294411485,
              32.22021883527155
            ],
            [
              30.748914294411485,
              32.220308666799966
            ],
            [
              30.749363452053544,
              32.220308666799966
            ],
            [
              30.749363452053544,
              32.22039849832837
            ],
            [
              30.749543115110367,
              32.22039849832837
            ],
            [
              30.749543115110367,
              32.220308666799966
            ],
            [
              30.74963294663878,
              32.220308666799966
            ],
            [
              30.74963294663878,
              32.22039849832837
            ],
            [
              30.74972277816719,
              32.22039849832837
            ],
            [
              30.74972277816719,
              32.220488329856785
            ],
            [
              30.749812609695603,
              32.220488329856785
            ],
            [
              30.749812609695603,
              32.2205781613852
            ],
            [
              30.749992272752426,
              32.2205781613852
            ],
            [
              30.749992272752426,
              32.22066799291361
            ],
            [
              30.75008210428084,
              32.22066799291361
            ],
            [
              30.75008210428084,
              32.220757824442025
            ],
            [
              30.750171935809252,
              32.220757824442025
            ],
            [
              30.750171935809252,
              32.22084765597044
            ],
            [
              30.750261767337662,
              32.22084765597044
            ],
            [
              30.750261767337662,
              32.220937487498844
            ],
            [
              30.750351598866075,
              32.220937487498844
            ],
            [
              30.750351598866075,
              32.22102731902726
            ],
            [
              30.750531261922898,
              32.22102731902726
            ],
            [
              30.750531261922898,
              32.22111715055567
            ],
            [
              30.75062109345131,
              32.22111715055567
            ],
            [
              30.75062109345131,
              32.221206982084084
            ],
            [
              30.750800756508134,
              32.221206982084084
            ],
            [
              30.750800756508134,
              32.2212968136125
            ],
            [
              30.750890588036548,
              32.2212968136125
            ],
            [
              30.750890588036548,
              32.22138664514091
            ],
            [
              30.75107025109337,
              32.22138664514091
            ],
            [
              30.75107025109337,
              32.22147647666932
            ],
            [
              30.751160082621784,
              32.22147647666932
            ],
            [
              30.751160082621784,
              32.22156630819773
            ],
            [
              30.751249914150193,
              32.22156630819773
            ],
            [
              30.751249914150193,
              32.221745971254556
            ],
            [
              30.751339745678607,
              32.221745971254556
            ],
            [
              30.751339745678607,
              32.221925634311376
            ],
            [
              30.751429577207016,
              32.221925634311376
            ],
            [
              30.751429577207016,
              32.2221052973682
            ],
            [
              30.75151940873543,
              32.2221052973682
            ],
            [
              30.75151940873543,
              32.22237479195344
            ],
            [
              30.751609240263843,
              32.22237479195344
            ],
            [
              30.751609240263843,
              32.22255445501026
            ],
            [
              30.751699071792252,
              32.22255445501026
            ],
            [
              30.751699071792252,
              32.222644286538674
            ],
            [
              30.75196856637749,
              32.222644286538674
            ],
            [
              30.75196856637749,
              32.22273411806709
            ],
            [
              30.752058397905902,
              32.22273411806709
            ],
            [
              30.752058397905902,
              32.222644286538674
            ],
            [
              30.752148229434315,
              32.222644286538674
            ],
            [
              30.752148229434315,
              32.22273411806709
            ],
            [
              30.75250755554796,
              32.22273411806709
            ],
            [
              30.75250755554796,
              32.2228239495955
            ],
            [
              30.752777050133197,
              32.2228239495955
            ],
            [
              30.752777050133197,
              32.22291378112391
            ],
            [
              30.75295671319002,
              32.22291378112391
            ],
            [
              30.75295671319002,
              32.22300361265232
            ],
            [
              30.753046544718433,
              32.22300361265232
            ],
            [
              30.753046544718433,
              32.22309344418073
            ],
            [
              30.753136376246847,
              32.22309344418073
            ],
            [
              30.753136376246847,
              32.22318327570915
            ],
            [
              30.75331603930367,
              32.22318327570915
            ],
            [
              30.75331603930367,
              32.22336293876597
            ],
            [
              30.75340587083208,
              32.22336293876597
            ],
            [
              30.75340587083208,
              32.22354260182279
            ],
            [
              30.753495702360492,
              32.22354260182279
            ],
            [
              30.753495702360492,
              32.223632433351206
            ],
            [
              30.757358458082205,
              32.223632433351206
            ],
            [
              30.757358458082205,
              32.22345277029438
            ],
            [
              30.757268626553795,
              32.22345277029438
            ],
            [
              30.757268626553795,
              32.22336293876597
            ],
            [
              30.757178795025382,
              32.22336293876597
            ],
            [
              30.757178795025382,
              32.22327310723756
            ],
            [
              30.75699913196856,
              32.22327310723756
            ],
            [
              30.75699913196856,
              32.22309344418073
            ],
            [
              30.756909300440146,
              32.22309344418073
            ],
            [
              30.756909300440146,
              32.22300361265232
            ],
            [
              30.7565499743265,
              32.22300361265232
            ],
            [
              30.7565499743265,
              32.22291378112391
            ],
            [
              30.756280479741264,
              32.22291378112391
            ],
            [
              30.756280479741264,
              32.2228239495955
            ],
            [
              30.75610081668444,
              32.2228239495955
            ],
            [
              30.75610081668444,
              32.22273411806709
            ],
            [
              30.75565165904238,
              32.22273411806709
            ],
            [
              30.75565165904238,
              32.222644286538674
            ],
            [
              30.75556182751397,
              32.222644286538674
            ],
            [
              30.75556182751397,
              32.22273411806709
            ],
            [
              30.754933006815083,
              32.22273411806709
            ],
            [
              30.754933006815083,
              32.222644286538674
            ],
            [
              30.754843175286673,
              32.222644286538674
            ],
            [
              30.754843175286673,
              32.22246462348185
            ],
            [
              30.75475334375826,
              32.22246462348185
            ],
            [
              30.75475334375826,
              32.22237479195344
            ],
            [
              30.754663512229847,
              32.22237479195344
            ],
            [
              30.754663512229847,
              32.22228496042503
            ],
            [
              30.754573680701437,
              32.22228496042503
            ],
            [
              30.754573680701437,
              32.222195128896615
            ],
            [
              30.754483849173024,
              32.222195128896615
            ],
            [
              30.754483849173024,
              32.22201546583979
            ],
            [
              30.75439401764461,
              32.22201546583979
            ],
            [
              30.75439401764461,
              32.221925634311376
            ],
            [
              30.754214354587788,
              32.221925634311376
            ],
            [
              30.754214354587788,
              32.22183580278297
            ],
            [
              30.754124523059378,
              32.22183580278297
            ],
            [
              30.754124523059378,
              32.22165613972614
            ],
            [
              30.75394486000255,
              32.22165613972614
            ],
            [
              30.75394486000255,
              32.22156630819773
            ],
            [
              30.753675365417315,
              32.22156630819773
            ],
            [
              30.753675365417315,
              32.22147647666932
            ],
            [
              30.753495702360492,
              32.22147647666932
            ],
            [
              30.753495702360492,
              32.22138664514091
            ],
            [
              30.75331603930367,
              32.22138664514091
            ],
            [
              30.75331603930367,
              32.2212968136125
            ],
            [
              30.753136376246847,
              32.2212968136125
            ],
            [
              30.753136376246847,
              32.221206982084084
            ],
            [
              30.753046544718433,
              32.221206982084084
            ],
            [
              30.753046544718433,
              32.22111715055567
            ],
            [
              30.75295671319002,
              32.22111715055567
            ],
            [
              30.75295671319002,
              32.22102731902726
            ],
            [
              30.752777050133197,
              32.22102731902726
            ],
            [
              30.752777050133197,
              32.220937487498844
            ],
            [
              30.752687218604784,
              32.220937487498844
            ],
            [
              30.752687218604784,
              32.22084765597044
            ],
            [
              30.752597387076374,
              32.22084765597044
            ],
            [
              30.752597387076374,
              32.220757824442025
            ],
            [
              30.75250755554796,
              32.220757824442025
            ],
            [
              30.75250755554796,
              32.22066799291361
            ],
            [
              30.752417724019548,
              32.22066799291361
            ],
            [
              30.752417724019548,
              32.2205781613852
            ],
            [
              30.752327892491138,
              32.2205781613852
            ],
            [
              30.752327892491138,
              32.220488329856785
            ],
            [
              30.752238060962725,
              32.220488329856785
            ],
            [
              30.752238060962725,
              32.22039849832837
            ],
            [
              30.752148229434315,
              32.22039849832837
            ],
            [
              30.752148229434315,
              32.220308666799966
            ],
            [
              30.75196856637749,
              32.220308666799966
            ],
            [
              30.75196856637749,
              32.22021883527155
            ],
            [
              30.75187873484908,
              32.22021883527155
            ],
            [
              30.75187873484908,
              32.220039172214726
            ],
            [
              30.751609240263843,
              32.220039172214726
            ],
            [
              30.751609240263843,
              32.21994934068631
            ],
            [
              30.75151940873543,
              32.21994934068631
            ],
            [
              30.75151940873543,
              32.21985950915791
            ],
            [
              30.751429577207016,
              32.21985950915791
            ],
            [
              30.751429577207016,
              32.21976967762949
            ],
            [
              30.751339745678607,
              32.21976967762949
            ],
            [
              30.751339745678607,
              32.21967984610108
            ],
            [
              30.751249914150193,
              32.21967984610108
            ],
            [
              30.751249914150193,
              32.21959001457267
            ],
            [
              30.75107025109337,
              32.21959001457267
            ],
            [
              30.75107025109337,
              32.219500183044254
            ],
            [
              30.750980419564957,
              32.219500183044254
            ],
            [
              30.750980419564957,
              32.21941035151584
            ],
            [
              30.750800756508134,
              32.21941035151584
            ],
            [
              30.750800756508134,
              32.219320519987434
            ],
            [
              30.75071092497972,
              32.219320519987434
            ],
            [
              30.75071092497972,
              32.21923068845902
            ],
            [
              30.75062109345131,
              32.21923068845902
            ],
            [
              30.75062109345131,
              32.21914085693061
            ],
            [
              30.750441430394485,
              32.21914085693061
            ],
            [
              30.750441430394485,
              32.219051025402194
            ],
            [
              30.750351598866075,
              32.219051025402194
            ],
            [
              30.750351598866075,
              32.21896119387378
            ],
            [
              30.750261767337662,
              32.21896119387378
            ],
            [
              30.750261767337662,
              32.218871362345375
            ],
            [
              30.750171935809252,
              32.218871362345375
            ],
            [
              30.750171935809252,
              32.21878153081696
            ],
            [
              30.75008210428084,
              32.21878153081696
            ],
            [
              30.75008210428084,
              32.21869169928855
            ],
            [
              30.749992272752426,
              32.21869169928855
            ],
            [
              30.749992272752426,
              32.218601867760135
            ],
            [
              30.749812609695603,
              32.218601867760135
            ],
            [
              30.749812609695603,
              32.21851203623172
            ],
            [
              30.749453283581953,
              32.21851203623172
            ],
            [
              30.749453283581953,
              32.21842220470331
            ],
            [
              30.74927362052513,
              32.21842220470331
            ],
            [
              30.74927362052513,
              32.2183323731749
            ],
            [
              30.749093957468308,
              32.2183323731749
            ],
            [
              30.749093957468308,
              32.21824254164649
            ],
            [
              30.749004125939894,
              32.21824254164649
            ],
            [
              30.749004125939894,
              32.218152710118076
            ],
            [
              30.748734631354658,
              32.218152710118076
            ],
            [
              30.748734631354658,
              32.21806287858966
            ],
            [
              30.74864479982625,
              32.21806287858966
            ],
            [
              30.74864479982625,
              32.21797304706125
            ],
            [
              30.7482854737126,
              32.21797304706125
            ],
            [
              30.7482854737126,
              32.217883215532844
            ],
            [
              30.74819564218419,
              32.217883215532844
            ],
            [
              30.74819564218419,
              32.21779338400443
            ],
            [
              30.748105810655776,
              32.21779338400443
            ],
            [
              30.748105810655776,
              32.21770355247602
            ],
            [
              30.747926147598953,
              32.21770355247602
            ],
            [
              30.747926147598953,
              32.217613720947604
            ],
            [
              30.74783631607054,
              32.217613720947604
            ],
            [
              30.74783631607054,
              32.21752388941919
            ],
            [
              30.747746484542127,
              32.21752388941919
            ],
            [
              30.747746484542127,
              32.21743405789078
            ],
            [
              30.747656653013717,
              32.21743405789078
            ],
            [
              30.747656653013717,
              32.21734422636237
            ],
            [
              30.747566821485304,
              32.21734422636237
            ],
            [
              30.747566821485304,
              32.217164563305545
            ],
            [
              30.74747698995689,
              32.217164563305545
            ],
            [
              30.74747698995689,
              32.21707473177713
            ],
            [
              30.74738715842848,
              32.21707473177713
            ],
            [
              30.74738715842848,
              32.21689506872031
            ],
            [
              30.747297326900068,
              32.21689506872031
            ],
            [
              30.747297326900068,
              32.21662557413507
            ],
            [
              30.747207495371654,
              32.21662557413507
            ],
            [
              30.747207495371654,
              32.21635607954984
            ],
            [
              30.747117663843245,
              32.21635607954984
            ],
            [
              30.747117663843245,
              32.21626624802143
            ],
            [
              30.74702783231483,
              32.21626624802143
            ],
            [
              30.74702783231483,
              32.21617641649301
            ],
            [
              30.74693800078642,
              32.21617641649301
            ],
            [
              30.74693800078642,
              32.21590692190778
            ],
            [
              30.74684816925801,
              32.21590692190778
            ],
            [
              30.74684816925801,
              32.215727258850954
            ],
            [
              30.746758337729595,
              32.215727258850954
            ],
            [
              30.746758337729595,
              32.21554759579413
            ],
            [
              30.746668506201186,
              32.21554759579413
            ],
            [
              30.746668506201186,
              32.215457764265715
            ],
            [
              30.746578674672772,
              32.215457764265715
            ],
            [
              30.746578674672772,
              32.215278101208895
            ],
            [
              30.74639901161595,
              32.215278101208895
            ],
            [
              30.74639901161595,
              32.21518826968048
            ],
            [
              30.746309180087536,
              32.21518826968048
            ],
            [
              30.746309180087536,
              32.21509843815207
            ],
            [
              30.746219348559123,
              32.21509843815207
            ],
            [
              30.746219348559123,
              32.21491877509525
            ],
            [
              30.7460396855023,
              32.21491877509525
            ],
            [
              30.7460396855023,
              32.214828943566836
            ],
            [
              30.745860022445477,
              32.214828943566836
            ],
            [
              30.745860022445477,
              32.21473911203842
            ],
            [
              30.745770190917064,
              32.21473911203842
            ],
            [
              30.745770190917064,
              32.21464928051001
            ],
            [
              30.745500696331828,
              32.21464928051001
            ],
            [
              30.745500696331828,
              32.214559448981596
            ],
            [
              30.745410864803418,
              32.214559448981596
            ],
            [
              30.745410864803418,
              32.21446961745318
            ],
            [
              30.745321033275005,
              32.21446961745318
            ],
            [
              30.745321033275005,
              32.21437978592478
            ],
            [
              30.74505153868977,
              32.21437978592478
            ],
            [
              30.74505153868977,
              32.214289954396364
            ],
            [
              30.74496170716136,
              32.214289954396364
            ],
            [
              30.74496170716136,
              32.21420012286795
            ],
            [
              30.744871875632946,
              32.21420012286795
            ],
            [
              30.744871875632946,
              32.21411029133954
            ],
            [
              30.744692212576123,
              32.21411029133954
            ],
            [
              30.744692212576123,
              32.214020459811124
            ],
            [
              30.744512549519296,
              32.214020459811124
            ],
            [
              30.744512549519296,
              32.21393062828272
            ],
            [
              30.744422717990886,
              32.21393062828272
            ],
            [
              30.744422717990886,
              32.213840796754305
            ],
            [
              30.743883728820414,
              32.213840796754305
            ],
            [
              30.743883728820414,
              32.21375096522589
            ],
            [
              30.743614234235178,
              32.21375096522589
            ],
            [
              30.743614234235178,
              32.21366113369748
            ],
            [
              30.743434571178355,
              32.21366113369748
            ],
            [
              30.743434571178355,
              32.213571302169065
            ],
            [
              30.74334473964994,
              32.213571302169065
            ],
            [
              30.74334473964994,
              32.21348147064065
            ],
            [
              30.743075245064706,
              32.21348147064065
            ],
            [
              30.743075245064706,
              32.213391639112245
            ],
            [
              30.742895582007883,
              32.213391639112245
            ],
            [
              30.742895582007883,
              32.21330180758383
            ],
            [
              30.74271591895106,
              32.21330180758383
            ],
            [
              30.74271591895106,
              32.21321197605542
            ],
            [
              30.742626087422646,
              32.21321197605542
            ],
            [
              30.742626087422646,
              32.213122144527006
            ],
            [
              30.742446424365824,
              32.213122144527006
            ],
            [
              30.742446424365824,
              32.21303231299859
            ],
            [
              30.742266761308997,
              32.21303231299859
            ],
            [
              30.742266761308997,
              32.212942481470186
            ],
            [
              30.742087098252174,
              32.212942481470186
            ],
            [
              30.742087098252174,
              32.21285264994177
            ],
            [
              30.74190743519535,
              32.21285264994177
            ],
            [
              30.74190743519535,
              32.21276281841336
            ],
            [
              30.74172777213853,
              32.21276281841336
            ],
            [
              30.74172777213853,
              32.21267298688495
            ],
            [
              30.7415481090817,
              32.21267298688495
            ],
            [
              30.7415481090817,
              32.21258315535653
            ],
            [
              30.74136844602488,
              32.21258315535653
            ],
            [
              30.74136844602488,
              32.21249332382812
            ],
            [
              30.741188782968056,
              32.21249332382812
            ],
            [
              30.741188782968056,
              32.212403492299714
            ],
            [
              30.741098951439643,
              32.212403492299714
            ],
            [
              30.741098951439643,
              32.2123136607713
            ],
            [
              30.740829456854406,
              32.2123136607713
            ],
            [
              30.740829456854406,
              32.21222382924289
            ],
            [
              30.740380299212347,
              32.21222382924289
            ],
            [
              30.740380299212347,
              32.212133997714474
            ],
            [
              30.739841310041875,
              32.212133997714474
            ],
            [
              30.739841310041875,
              32.21204416618606
            ],
            [
              30.739661646985052,
              32.21204416618606
            ],
            [
              30.739661646985052,
              32.211954334657655
            ],
            [
              30.73948198392823,
              32.211954334657655
            ],
            [
              30.73948198392823,
              32.21186450312924
            ],
            [
              30.739392152399816,
              32.21186450312924
            ],
            [
              30.739392152399816,
              32.21177467160083
            ],
            [
              30.739212489342993,
              32.21177467160083
            ],
            [
              30.739212489342993,
              32.211684840072415
            ],
            [
              30.73903282628617,
              32.211684840072415
            ],
            [
              30.73903282628617,
              32.211595008544
            ],
            [
              30.738942994757757,
              32.211595008544
            ],
            [
              30.738942994757757,
              32.21141534548718
            ],
            [
              30.73867350017252,
              32.21141534548718
            ],
            [
              30.73867350017252,
              32.21132551395877
            ],
            [
              30.738493837115698,
              32.21132551395877
            ],
            [
              30.738493837115698,
              32.211235682430356
            ],
            [
              30.737954847945225,
              32.211235682430356
            ],
            [
              30.737954847945225,
              32.21114585090194
            ],
            [
              30.73768535335999,
              32.21114585090194
            ],
            [
              30.73768535335999,
              32.21105601937353
            ],
            [
              30.737505690303166,
              32.21105601937353
            ],
            [
              30.737505690303166,
              32.21096618784512
            ],
            [
              30.73723619571793,
              32.21096618784512
            ],
            [
              30.73723619571793,
              32.21087635631671
            ],
            [
              30.737146364189517,
              32.21087635631671
            ],
            [
              30.737146364189517,
              32.210696693259884
            ],
            [
              30.736966701132694,
              32.210696693259884
            ],
            [
              30.736966701132694,
              32.21060686173147
            ],
            [
              30.73687686960428,
              32.21060686173147
            ],
            [
              30.73687686960428,
              32.21051703020306
            ],
            [
              30.736697206547458,
              32.21051703020306
            ],
            [
              30.736697206547458,
              32.21042719867465
            ],
            [
              30.736517543490635,
              32.21042719867465
            ],
            [
              30.736517543490635,
              32.21033736714624
            ],
            [
              30.736158217376985,
              32.21033736714624
            ],
            [
              30.736158217376985,
              32.210247535617825
            ],
            [
              30.735978554320162,
              32.210247535617825
            ],
            [
              30.735978554320162,
              32.21015770408941
            ],
            [
              30.73579889126334,
              32.21015770408941
            ],
            [
              30.73579889126334,
              32.210067872561
            ],
            [
              30.735349733621277,
              32.210067872561
            ],
            [
              30.735349733621277,
              32.20997804103259
            ],
            [
              30.735259902092867,
              32.20997804103259
            ],
            [
              30.735259902092867,
              32.210067872561
            ],
            [
              30.73499040750763,
              32.210067872561
            ],
            [
              30.73499040750763,
              32.20997804103259
            ],
            [
              30.734900575979218,
              32.20997804103259
            ],
            [
              30.734900575979218,
              32.210067872561
            ],
            [
              30.734810744450808,
              32.210067872561
            ],
            [
              30.734810744450808,
              32.20997804103259
            ],
            [
              30.734361586808745,
              32.20997804103259
            ],
            [
              30.734361586808745,
              32.20988820950418
            ],
            [
              30.734181923751922,
              32.20988820950418
            ],
            [
              30.734181923751922,
              32.209798377975766
            ],
            [
              30.734092092223513,
              32.209798377975766
            ],
            [
              30.734092092223513,
              32.20970854644735
            ],
            [
              30.733732766109863,
              32.20970854644735
            ],
            [
              30.733732766109863,
              32.20961871491894
            ],
            [
              30.732744619297332,
              32.20961871491894
            ],
            [
              30.732744619297332,
              32.20970854644735
            ],
            [
              30.73265478776892,
              32.20970854644735
            ],
            [
              30.73265478776892,
              32.20961871491894
            ],
            [
              30.73256495624051,
              32.20961871491894
            ],
            [
              30.73256495624051,
              32.209528883390526
            ],
            [
              30.732295461655273,
              32.209528883390526
            ],
            [
              30.732295461655273,
              32.20943905186212
            ],
            [
              30.73211579859845,
              32.20943905186212
            ],
            [
              30.73211579859845,
              32.209349220333706
            ],
            [
              30.732025967070037,
              32.209349220333706
            ],
            [
              30.732025967070037,
              32.20925938880529
            ],
            [
              30.731846304013214,
              32.20925938880529
            ],
            [
              30.731846304013214,
              32.20916955727688
            ],
            [
              30.731666640956387,
              32.20916955727688
            ],
            [
              30.731666640956387,
              32.20907972574847
            ],
            [
              30.73139714637115,
              32.20907972574847
            ],
            [
              30.73139714637115,
              32.20898989422006
            ],
            [
              30.731217483314328,
              32.20898989422006
            ],
            [
              30.731217483314328,
              32.20890006269165
            ],
            [
              30.73112765178592,
              32.20890006269165
            ],
            [
              30.73112765178592,
              32.208810231163234
            ],
            [
              30.730947988729092,
              32.208810231163234
            ],
            [
              30.730947988729092,
              32.20872039963482
            ],
            [
              30.730678494143856,
              32.20872039963482
            ],
            [
              30.730678494143856,
              32.20863056810641
            ],
            [
              30.73031916803021,
              32.20863056810641
            ],
            [
              30.73031916803021,
              32.208540736577994
            ],
            [
              30.730049673444974,
              32.208540736577994
            ],
            [
              30.730049673444974,
              32.20845090504959
            ],
            [
              30.72987001038815,
              32.20845090504959
            ],
            [
              30.72987001038815,
              32.208361073521175
            ],
            [
              30.729690347331324,
              32.208361073521175
            ],
            [
              30.729690347331324,
              32.20827124199276
            ],
            [
              30.7295106842745,
              32.20827124199276
            ],
            [
              30.7295106842745,
              32.20818141046435
            ],
            [
              30.72933102121768,
              32.20818141046435
            ],
            [
              30.72933102121768,
              32.208091578935935
            ],
            [
              30.729061526632442,
              32.208091578935935
            ],
            [
              30.729061526632442,
              32.20818141046435
            ],
            [
              30.72897169510403,
              32.20818141046435
            ],
            [
              30.72897169510403,
              32.208091578935935
            ],
            [
              30.728342874405147,
              32.208091578935935
            ],
            [
              30.728342874405147,
              32.20800174740753
            ],
            [
              30.72807337981991,
              32.20800174740753
            ],
            [
              30.72807337981991,
              32.207911915879116
            ],
            [
              30.727983548291498,
              32.207911915879116
            ],
            [
              30.727983548291498,
              32.20800174740753
            ],
            [
              30.727893716763088,
              32.20800174740753
            ],
            [
              30.727893716763088,
              32.207911915879116
            ],
            [
              30.72762422217785,
              32.207911915879116
            ],
            [
              30.72762422217785,
              32.2078220843507
            ],
            [
              30.727444559121025,
              32.2078220843507
            ],
            [
              30.727444559121025,
              32.20773225282229
            ],
            [
              30.727354727592616,
              32.20773225282229
            ],
            [
              30.727354727592616,
              32.2078220843507
            ],
            [
              30.727264896064202,
              32.2078220843507
            ],
            [
              30.727264896064202,
              32.20773225282229
            ],
            [
              30.72708523300738,
              32.20773225282229
            ],
            [
              30.72708523300738,
              32.207642421293876
            ],
            [
              30.726905569950556,
              32.207642421293876
            ],
            [
              30.726905569950556,
              32.20755258976546
            ],
            [
              30.72663607536532,
              32.20755258976546
            ],
            [
              30.72663607536532,
              32.20746275823706
            ],
            [
              30.726456412308494,
              32.20746275823706
            ],
            [
              30.726456412308494,
              32.20737292670864
            ],
            [
              30.726186917723258,
              32.20737292670864
            ],
            [
              30.726186917723258,
              32.20728309518023
            ],
            [
              30.726007254666435,
              32.20728309518023
            ],
            [
              30.726007254666435,
              32.20719326365182
            ],
            [
              30.72564792855279,
              32.20719326365182
            ],
            [
              30.72564792855279,
              32.207103432123404
            ],
            [
              30.725108939382316,
              32.207103432123404
            ],
            [
              30.725108939382316,
              32.207013600595
            ],
            [
              30.72483944479708,
              32.207013600595
            ],
            [
              30.72483944479708,
              32.206923769066584
            ],
            [
              30.724569950211844,
              32.206923769066584
            ],
            [
              30.724569950211844,
              32.20683393753817
            ],
            [
              30.724300455626608,
              32.20683393753817
            ],
            [
              30.724300455626608,
              32.20674410600976
            ],
            [
              30.723941129512962,
              32.20674410600976
            ],
            [
              30.723941129512962,
              32.206654274481345
            ],
            [
              30.72385129798455,
              32.206654274481345
            ],
            [
              30.72385129798455,
              32.20656444295293
            ],
            [
              30.723671634927726,
              32.20656444295293
            ],
            [
              30.723671634927726,
              32.206474611424525
            ],
            [
              30.7234919718709,
              32.206474611424525
            ],
            [
              30.7234919718709,
              32.2062949483677
            ],
            [
              30.723312308814076,
              32.2062949483677
            ],
            [
              30.723312308814076,
              32.206205116839286
            ],
            [
              30.723222477285663,
              32.206205116839286
            ],
            [
              30.723222477285663,
              32.206025453782466
            ],
            [
              30.723132645757254,
              32.206025453782466
            ],
            [
              30.723132645757254,
              32.20593562225405
            ],
            [
              30.72295298270043,
              32.20593562225405
            ],
            [
              30.72295298270043,
              32.20584579072564
            ],
            [
              30.722863151172017,
              32.20584579072564
            ],
            [
              30.722863151172017,
              32.205755959197226
            ],
            [
              30.722773319643604,
              32.205755959197226
            ],
            [
              30.722773319643604,
              32.20566612766881
            ],
            [
              30.722683488115194,
              32.20566612766881
            ],
            [
              30.722683488115194,
              32.2055762961404
            ],
            [
              30.722503825058368,
              32.2055762961404
            ],
            [
              30.722503825058368,
              32.205486464611994
            ],
            [
              30.72241399352996,
              32.205486464611994
            ],
            [
              30.72241399352996,
              32.20539663308358
            ],
            [
              30.722324162001545,
              32.20539663308358
            ],
            [
              30.722324162001545,
              32.20530680155517
            ],
            [
              30.722234330473132,
              32.20530680155517
            ],
            [
              30.722234330473132,
              32.205216970026754
            ],
            [
              30.722144498944722,
              32.205216970026754
            ],
            [
              30.722144498944722,
              32.20512713849834
            ],
            [
              30.72205466741631,
              32.20512713849834
            ],
            [
              30.72205466741631,
              32.205037306969935
            ],
            [
              30.7219648358879,
              32.205037306969935
            ],
            [
              30.7219648358879,
              32.20494747544152
            ],
            [
              30.721515678245837,
              32.20494747544152
            ],
            [
              30.721515678245837,
              32.20485764391311
            ],
            [
              30.7212461836606,
              32.20485764391311
            ],
            [
              30.7212461836606,
              32.204767812384695
            ],
            [
              30.720886857546954,
              32.204767812384695
            ],
            [
              30.720886857546954,
              32.20467798085628
            ],
            [
              30.720437699904895,
              32.20467798085628
            ],
            [
              30.720437699904895,
              32.20458814932787
            ],
            [
              30.719988542262836,
              32.20458814932787
            ],
            [
              30.719988542262836,
              32.20449831779946
            ],
            [
              30.7197190476776,
              32.20449831779946
            ],
            [
              30.7197190476776,
              32.20458814932787
            ],
            [
              30.719629216149187,
              32.20458814932787
            ],
            [
              30.719629216149187,
              32.20449831779946
            ],
            [
              30.71935972156395,
              32.20449831779946
            ],
            [
              30.71935972156395,
              32.20458814932787
            ],
            [
              30.719269890035537,
              32.20458814932787
            ],
            [
              30.719269890035537,
              32.20449831779946
            ],
            [
              30.718461406279832,
              32.20449831779946
            ],
            [
              30.718461406279832,
              32.20440848627105
            ],
            [
              30.718102080166183,
              32.20440848627105
            ],
            [
              30.718102080166183,
              32.204318654742636
            ],
            [
              30.71792241710936,
              32.204318654742636
            ],
            [
              30.71792241710936,
              32.20422882321422
            ],
            [
              30.717832585580947,
              32.20422882321422
            ],
            [
              30.717832585580947,
              32.204318654742636
            ],
            [
              30.717742754052537,
              32.204318654742636
            ],
            [
              30.717742754052537,
              32.20422882321422
            ],
            [
              30.7174732594673,
              32.20422882321422
            ],
            [
              30.7174732594673,
              32.20413899168581
            ],
            [
              30.717293596410475,
              32.20413899168581
            ],
            [
              30.717293596410475,
              32.20422882321422
            ],
            [
              30.717203764882065,
              32.20422882321422
            ],
            [
              30.717203764882065,
              32.20413899168581
            ],
            [
              30.71711393335365,
              32.20413899168581
            ],
            [
              30.71711393335365,
              32.20342033945852
            ],
            [
              30.717024101825242,
              32.20342033945852
            ],
            [
              30.717024101825242,
              32.203330507930104
            ],
            [
              30.716754607240006,
              32.203330507930104
            ],
            [
              30.716754607240006,
              32.20342033945852
            ],
            [
              30.716664775711592,
              32.20342033945852
            ],
            [
              30.716664775711592,
              32.203330507930104
            ],
            [
              30.716395281126356,
              32.203330507930104
            ],
            [
              30.716395281126356,
              32.20324067640169
            ],
            [
              30.71612578654112,
              32.20324067640169
            ],
            [
              30.71612578654112,
              32.20315084487328
            ],
            [
              30.715946123484297,
              32.20315084487328
            ],
            [
              30.715946123484297,
              32.20306101334487
            ],
            [
              30.715586797370648,
              32.20306101334487
            ],
            [
              30.715586797370648,
              32.20297118181646
            ],
            [
              30.715496965842238,
              32.20297118181646
            ],
            [
              30.715496965842238,
              32.202881350288045
            ],
            [
              30.715227471257002,
              32.202881350288045
            ],
            [
              30.715227471257002,
              32.20279151875963
            ],
            [
              30.714957976671766,
              32.20279151875963
            ],
            [
              30.714957976671766,
              32.20270168723122
            ],
            [
              30.71468848208653,
              32.20270168723122
            ],
            [
              30.71468848208653,
              32.202611855702806
            ],
            [
              30.714598650558116,
              32.202611855702806
            ],
            [
              30.714598650558116,
              32.20270168723122
            ],
            [
              30.714508819029707,
              32.20270168723122
            ],
            [
              30.714508819029707,
              32.202611855702806
            ],
            [
              30.713969829859234,
              32.202611855702806
            ],
            [
              30.713969829859234,
              32.2025220241744
            ],
            [
              30.71387999833082,
              32.2025220241744
            ],
            [
              30.71387999833082,
              32.202611855702806
            ],
            [
              30.71379016680241,
              32.202611855702806
            ],
            [
              30.71379016680241,
              32.2025220241744
            ],
            [
              30.713610503745585,
              32.2025220241744
            ],
            [
              30.713610503745585,
              32.202432192645986
            ],
            [
              30.713161346103526,
              32.202432192645986
            ],
            [
              30.713161346103526,
              32.20234236111757
            ],
            [
              30.712712188461467,
              32.20234236111757
            ],
            [
              30.712712188461467,
              32.20225252958916
            ],
            [
              30.71244269387623,
              32.20225252958916
            ],
            [
              30.71244269387623,
              32.20216269806075
            ],
            [
              30.712352862347817,
              32.20216269806075
            ],
            [
              30.712352862347817,
              32.20207286653234
            ],
            [
              30.712173199290994,
              32.20207286653234
            ],
            [
              30.712173199290994,
              32.20198303500393
            ],
            [
              30.71208336776258,
              32.20198303500393
            ],
            [
              30.71208336776258,
              32.201893203475514
            ],
            [
              30.711903704705758,
              32.201893203475514
            ],
            [
              30.711903704705758,
              32.2018033719471
            ],
            [
              30.71181387317735,
              32.2018033719471
            ],
            [
              30.71181387317735,
              32.20171354041869
            ],
            [
              30.711724041648935,
              32.20171354041869
            ],
            [
              30.711724041648935,
              32.201623708890274
            ],
            [
              30.711544378592112,
              32.201623708890274
            ],
            [
              30.711544378592112,
              32.20153387736187
            ],
            [
              30.711364715535286,
              32.20153387736187
            ],
            [
              30.711364715535286,
              32.201444045833455
            ],
            [
              30.711274884006876,
              32.201444045833455
            ],
            [
              30.711274884006876,
              32.20135421430504
            ],
            [
              30.71100538942164,
              32.20135421430504
            ],
            [
              30.71100538942164,
              32.20126438277663
            ],
            [
              30.710915557893227,
              32.20126438277663
            ],
            [
              30.710915557893227,
              32.201174551248215
            ],
            [
              30.71064606330799,
              32.201174551248215
            ],
            [
              30.71064606330799,
              32.20108471971981
            ],
            [
              30.710376568722754,
              32.20108471971981
            ],
            [
              30.710376568722754,
              32.200994888191396
            ],
            [
              30.71019690566593,
              32.200994888191396
            ],
            [
              30.71019690566593,
              32.20090505666298
            ],
            [
              30.709747748023872,
              32.20090505666298
            ],
            [
              30.709747748023872,
              32.20081522513457
            ],
            [
              30.709478253438636,
              32.20081522513457
            ],
            [
              30.709478253438636,
              32.200725393606156
            ],
            [
              30.709118927324987,
              32.200725393606156
            ],
            [
              30.709118927324987,
              32.20063556207774
            ],
            [
              30.709029095796577,
              32.20063556207774
            ],
            [
              30.709029095796577,
              32.200725393606156
            ],
            [
              30.708939264268164,
              32.200725393606156
            ],
            [
              30.708939264268164,
              32.20063556207774
            ],
            [
              30.708849432739754,
              32.20063556207774
            ],
            [
              30.708849432739754,
              32.200725393606156
            ],
            [
              30.70875960121134,
              32.200725393606156
            ],
            [
              30.70875960121134,
              32.20063556207774
            ],
            [
              30.708579938154518,
              32.20063556207774
            ],
            [
              30.708579938154518,
              32.20054573054934
            ],
            [
              30.70822061204087,
              32.20054573054934
            ],
            [
              30.70822061204087,
              32.20045589902092
            ],
            [
              30.707681622870396,
              32.20045589902092
            ],
            [
              30.707681622870396,
              32.20036606749251
            ],
            [
              30.70741212828516,
              32.20036606749251
            ],
            [
              30.70741212828516,
              32.2002762359641
            ],
            [
              30.707052802171514,
              32.2002762359641
            ],
            [
              30.707052802171514,
              32.200186404435684
            ],
            [
              30.7069629706431,
              32.200186404435684
            ],
            [
              30.7069629706431,
              32.20009657290728
            ],
            [
              30.70687313911469,
              32.20009657290728
            ],
            [
              30.70687313911469,
              32.200006741378864
            ],
            [
              30.706693476057865,
              32.200006741378864
            ],
            [
              30.706693476057865,
              32.19991690985045
            ],
            [
              30.70642398147263,
              32.19991690985045
            ],
            [
              30.70642398147263,
              32.19982707832204
            ],
            [
              30.70633414994422,
              32.19982707832204
            ],
            [
              30.70633414994422,
              32.199737246793624
            ],
            [
              30.705795160773746,
              32.199737246793624
            ],
            [
              30.705795160773746,
              32.19964741526521
            ],
            [
              30.705346003131687,
              32.19964741526521
            ],
            [
              30.705346003131687,
              32.199557583736805
            ],
            [
              30.705256171603274,
              32.199557583736805
            ],
            [
              30.705256171603274,
              32.19946775220839
            ],
            [
              30.704807013961215,
              32.19946775220839
            ],
            [
              30.704807013961215,
              32.19937792067998
            ],
            [
              30.70453751937598,
              32.19937792067998
            ],
            [
              30.70453751937598,
              32.199288089151565
            ],
            [
              30.704357856319156,
              32.199288089151565
            ],
            [
              30.704357856319156,
              32.19919825762315
            ],
            [
              30.70417819326233,
              32.19919825762315
            ],
            [
              30.70417819326233,
              32.199108426094746
            ],
            [
              30.703998530205507,
              32.199108426094746
            ],
            [
              30.703998530205507,
              32.19901859456633
            ],
            [
              30.70363920409186,
              32.19901859456633
            ],
            [
              30.70363920409186,
              32.19892876303792
            ],
            [
              30.70310021492139,
              32.19892876303792
            ],
            [
              30.70310021492139,
              32.198838931509506
            ],
            [
              30.70274088880774,
              32.198838931509506
            ],
            [
              30.70274088880774,
              32.19865926845268
            ],
            [
              30.70265105727933,
              32.19865926845268
            ],
            [
              30.70265105727933,
              32.198569436924274
            ],
            [
              30.702471394222503,
              32.198569436924274
            ],
            [
              30.702471394222503,
              32.19847960539586
            ],
            [
              30.702381562694093,
              32.19847960539586
            ],
            [
              30.702381562694093,
              32.19838977386745
            ],
            [
              30.70229173116568,
              32.19838977386745
            ],
            [
              30.70229173116568,
              32.198299942339034
            ],
            [
              30.702201899637267,
              32.198299942339034
            ],
            [
              30.702201899637267,
              32.19821011081062
            ],
            [
              30.702022236580444,
              32.19821011081062
            ],
            [
              30.702022236580444,
              32.198120279282215
            ],
            [
              30.701752741995207,
              32.198120279282215
            ],
            [
              30.701752741995207,
              32.1980304477538
            ],
            [
              30.701662910466798,
              32.1980304477538
            ],
            [
              30.701662910466798,
              32.19794061622539
            ],
            [
              30.701573078938384,
              32.19794061622539
            ],
            [
              30.701573078938384,
              32.197850784696975
            ],
            [
              30.70148324740997,
              32.197850784696975
            ],
            [
              30.70148324740997,
              32.19776095316856
            ],
            [
              30.70139341588156,
              32.19776095316856
            ],
            [
              30.70139341588156,
              32.19758129011174
            ],
            [
              30.70130358435315,
              32.19758129011174
            ],
            [
              30.70130358435315,
              32.197401627054916
            ],
            [
              30.701213752824735,
              32.197401627054916
            ],
            [
              30.701213752824735,
              32.1973117955265
            ],
            [
              30.701123921296325,
              32.1973117955265
            ],
            [
              30.701123921296325,
              32.19722196399809
            ],
            [
              30.701034089767912,
              32.19722196399809
            ],
            [
              30.701034089767912,
              32.19704230094127
            ],
            [
              30.700944258239502,
              32.19704230094127
            ],
            [
              30.700944258239502,
              32.19695246941286
            ],
            [
              30.70085442671109,
              32.19695246941286
            ],
            [
              30.70085442671109,
              32.19686263788444
            ],
            [
              30.700764595182676,
              32.19686263788444
            ],
            [
              30.700764595182676,
              32.19677280635603
            ],
            [
              30.700674763654266,
              32.19677280635603
            ],
            [
              30.700674763654266,
              32.19668297482762
            ],
            [
              30.700584932125853,
              32.19668297482762
            ],
            [
              30.700584932125853,
              32.19659314329921
            ],
            [
              30.700135774483794,
              32.19659314329921
            ],
            [
              30.700135774483794,
              32.1965033117708
            ],
            [
              30.699866279898558,
              32.1965033117708
            ],
            [
              30.699866279898558,
              32.196413480242384
            ],
            [
              30.69950695378491,
              32.196413480242384
            ],
            [
              30.69950695378491,
              32.19632364871397
            ],
            [
              30.699327290728085,
              32.19632364871397
            ],
            [
              30.699327290728085,
              32.19623381718556
            ],
            [
              30.69905779614285,
              32.19623381718556
            ],
            [
              30.69905779614285,
              32.19614398565715
            ],
            [
              30.69896796461444,
              32.19614398565715
            ],
            [
              30.69896796461444,
              32.19605415412874
            ],
            [
              30.698069649330318,
              32.19605415412874
            ],
            [
              30.698069649330318,
              32.19614398565715
            ],
            [
              30.697889986273495,
              32.19614398565715
            ],
            [
              30.697889986273495,
              32.19605415412874
            ],
            [
              30.697440828631436,
              32.19605415412874
            ],
            [
              30.697440828631436,
              32.195964322600325
            ],
            [
              30.697350997103023,
              32.195964322600325
            ],
            [
              30.697350997103023,
              32.19587449107191
            ],
            [
              30.697081502517786,
              32.19587449107191
            ],
            [
              30.697081502517786,
              32.1957846595435
            ],
            [
              30.696901839460963,
              32.1957846595435
            ],
            [
              30.696901839460963,
              32.195694828015085
            ],
            [
              30.696542513347314,
              32.195694828015085
            ],
            [
              30.696542513347314,
              32.19560499648668
            ],
            [
              30.696273018762078,
              32.19560499648668
            ],
            [
              30.696273018762078,
              32.195515164958266
            ],
            [
              30.696093355705255,
              32.195515164958266
            ],
            [
              30.696093355705255,
              32.19542533342985
            ],
            [
              30.695554366534783,
              32.19542533342985
            ],
            [
              30.695554366534783,
              32.195515164958266
            ],
            [
              30.69501537736431,
              32.195515164958266
            ],
            [
              30.69501537736431,
              32.19560499648668
            ],
            [
              30.694835714307487,
              32.19560499648668
            ],
            [
              30.694835714307487,
              32.195515164958266
            ],
            [
              30.694656051250664,
              32.195515164958266
            ],
            [
              30.694656051250664,
              32.19542533342985
            ],
            [
              30.694386556665428,
              32.19542533342985
            ],
            [
              30.694386556665428,
              32.19533550190144
            ],
            [
              30.694296725137015,
              32.19533550190144
            ],
            [
              30.694296725137015,
              32.195245670373026
            ],
            [
              30.694206893608605,
              32.195245670373026
            ],
            [
              30.694206893608605,
              32.19515583884462
            ],
            [
              30.69402723055178,
              32.19515583884462
            ],
            [
              30.69402723055178,
              32.19506600731621
            ],
            [
              30.69393739902337,
              32.19506600731621
            ],
            [
              30.69393739902337,
              32.194976175787794
            ],
            [
              30.693667904438133,
              32.194976175787794
            ],
            [
              30.693667904438133,
              32.19488634425938
            ],
            [
              30.693039083739247,
              32.19488634425938
            ],
            [
              30.693039083739247,
              32.19479651273097
            ],
            [
              30.692949252210838,
              32.19479651273097
            ],
            [
              30.692949252210838,
              32.194706681202554
            ],
            [
              30.692769589154015,
              32.194706681202554
            ],
            [
              30.692769589154015,
              32.19461684967415
            ],
            [
              30.6926797576256,
              32.19461684967415
            ],
            [
              30.6926797576256,
              32.194527018145735
            ],
            [
              30.69250009456878,
              32.194527018145735
            ],
            [
              30.69250009456878,
              32.19443718661732
            ],
            [
              30.692230599983542,
              32.19443718661732
            ],
            [
              30.692230599983542,
              32.19434735508891
            ],
            [
              30.69214076845513,
              32.19434735508891
            ],
            [
              30.69214076845513,
              32.194257523560495
            ],
            [
              30.691871273869893,
              32.194257523560495
            ],
            [
              30.691871273869893,
              32.19416769203209
            ],
            [
              30.69169161081307,
              32.19416769203209
            ],
            [
              30.69169161081307,
              32.194077860503675
            ],
            [
              30.691511947756247,
              32.194077860503675
            ],
            [
              30.691511947756247,
              32.19398802897526
            ],
            [
              30.69133228469942,
              32.19398802897526
            ],
            [
              30.69133228469942,
              32.19389819744685
            ],
            [
              30.691152621642598,
              32.19389819744685
            ],
            [
              30.691152621642598,
              32.193808365918436
            ],
            [
              30.69088312705736,
              32.193808365918436
            ],
            [
              30.69088312705736,
              32.19371853439002
            ],
            [
              30.69079329552895,
              32.19371853439002
            ],
            [
              30.69079329552895,
              32.193628702861616
            ],
            [
              30.69070346400054,
              32.193628702861616
            ],
            [
              30.69070346400054,
              32.1935388713332
            ],
            [
              30.690523800943716,
              32.1935388713332
            ],
            [
              30.690523800943716,
              32.19344903980479
            ],
            [
              30.690433969415302,
              32.19344903980479
            ],
            [
              30.690433969415302,
              32.19335920827638
            ],
            [
              30.69025430635848,
              32.19335920827638
            ],
            [
              30.69025430635848,
              32.19326937674796
            ],
            [
              30.690164474830066,
              32.19326937674796
            ],
            [
              30.690164474830066,
              32.193089713691144
            ],
            [
              30.689984811773243,
              32.193089713691144
            ],
            [
              30.689984811773243,
              32.19299988216273
            ],
            [
              30.68989498024483,
              32.19299988216273
            ],
            [
              30.68989498024483,
              32.19291005063432
            ],
            [
              30.68980514871642,
              32.19291005063432
            ],
            [
              30.68980514871642,
              32.192820219105904
            ],
            [
              30.689715317188007,
              32.192820219105904
            ],
            [
              30.689715317188007,
              32.19273038757749
            ],
            [
              30.689535654131184,
              32.19273038757749
            ],
            [
              30.689535654131184,
              32.192640556049085
            ],
            [
              30.68944582260277,
              32.192640556049085
            ],
            [
              30.68944582260277,
              32.19255072452067
            ],
            [
              30.689355991074358,
              32.19255072452067
            ],
            [
              30.689355991074358,
              32.19246089299226
            ],
            [
              30.68908649648912,
              32.19246089299226
            ],
            [
              30.68908649648912,
              32.19228122993543
            ],
            [
              30.688727170375476,
              32.19228122993543
            ],
            [
              30.688727170375476,
              32.192191398407026
            ],
            [
              30.688637338847062,
              32.192191398407026
            ],
            [
              30.688637338847062,
              32.19210156687861
            ],
            [
              30.68845767579024,
              32.19210156687861
            ],
            [
              30.68845767579024,
              32.1920117353502
            ],
            [
              30.688367844261826,
              32.1920117353502
            ],
            [
              30.688367844261826,
              32.191921903821786
            ],
            [
              30.688278012733416,
              32.191921903821786
            ],
            [
              30.688278012733416,
              32.19183207229337
            ],
            [
              30.688188181205003,
              32.19183207229337
            ],
            [
              30.688188181205003,
              32.19174224076496
            ],
            [
              30.68809834967659,
              32.19174224076496
            ],
            [
              30.68809834967659,
              32.19165240923655
            ],
            [
              30.68800851814818,
              32.19165240923655
            ],
            [
              30.68800851814818,
              32.19156257770814
            ],
            [
              30.687828855091357,
              32.19156257770814
            ],
            [
              30.687828855091357,
              32.19147274617973
            ],
            [
              30.68764919203453,
              32.19147274617973
            ],
            [
              30.68764919203453,
              32.191382914651314
            ],
            [
              30.687200034392472,
              32.191382914651314
            ],
            [
              30.687200034392472,
              32.1912930831229
            ],
            [
              30.68657121369359,
              32.1912930831229
            ],
            [
              30.68657121369359,
              32.191203251594494
            ],
            [
              30.686301719108354,
              32.191203251594494
            ],
            [
              30.686301719108354,
              32.19111342006608
            ],
            [
              30.686122056051527,
              32.19111342006608
            ],
            [
              30.686122056051527,
              32.19102358853767
            ],
            [
              30.686032224523117,
              32.19102358853767
            ],
            [
              30.686032224523117,
              32.190933757009255
            ],
            [
              30.685942392994704,
              32.190933757009255
            ],
            [
              30.685942392994704,
              32.19084392548084
            ],
            [
              30.685852561466294,
              32.19084392548084
            ],
            [
              30.685852561466294,
              32.19075409395243
            ],
            [
              30.68576272993788,
              32.19075409395243
            ],
            [
              30.68576272993788,
              32.19066426242402
            ],
            [
              30.685672898409468,
              32.19066426242402
            ],
            [
              30.685672898409468,
              32.19057443089561
            ],
            [
              30.68558306688106,
              32.19057443089561
            ],
            [
              30.68558306688106,
              32.190484599367196
            ],
            [
              30.685493235352645,
              32.190484599367196
            ],
            [
              30.685493235352645,
              32.19039476783878
            ],
            [
              30.685403403824232,
              32.19039476783878
            ],
            [
              30.685403403824232,
              32.19030493631037
            ],
            [
              30.685313572295822,
              32.19030493631037
            ],
            [
              30.685313572295822,
              32.19021510478196
            ],
            [
              30.68522374076741,
              32.19021510478196
            ],
            [
              30.68522374076741,
              32.19012527325355
            ],
            [
              30.685044077710586,
              32.19012527325355
            ],
            [
              30.685044077710586,
              32.190035441725136
            ],
            [
              30.684954246182173,
              32.190035441725136
            ],
            [
              30.684954246182173,
              32.18994561019672
            ],
            [
              30.684684751596937,
              32.18994561019672
            ],
            [
              30.684684751596937,
              32.18985577866831
            ],
            [
              30.684594920068527,
              32.18985577866831
            ],
            [
              30.684594920068527,
              32.1897659471399
            ],
            [
              30.684505088540114,
              32.1897659471399
            ],
            [
              30.684505088540114,
              32.18967611561149
            ],
            [
              30.68432542548329,
              32.18967611561149
            ],
            [
              30.68432542548329,
              32.18958628408308
            ],
            [
              30.684145762426464,
              32.18958628408308
            ],
            [
              30.684145762426464,
              32.189496452554664
            ],
            [
              30.684055930898054,
              32.189496452554664
            ],
            [
              30.684055930898054,
              32.18940662102625
            ],
            [
              30.68378643631282,
              32.18940662102625
            ],
            [
              30.68378643631282,
              32.18931678949784
            ],
            [
              30.683606773255995,
              32.18931678949784
            ],
            [
              30.683606773255995,
              32.18922695796943
            ],
            [
              30.68342711019917,
              32.18922695796943
            ],
            [
              30.68342711019917,
              32.18913712644102
            ],
            [
              30.68333727867076,
              32.18913712644102
            ],
            [
              30.68333727867076,
              32.189047294912605
            ],
            [
              30.683157615613933,
              32.189047294912605
            ],
            [
              30.683157615613933,
              32.18895746338419
            ],
            [
              30.683067784085523,
              32.18895746338419
            ],
            [
              30.683067784085523,
              32.18886763185578
            ],
            [
              30.68297795255711,
              32.18886763185578
            ],
            [
              30.68297795255711,
              32.18868796879896
            ],
            [
              30.682798289500287,
              32.18868796879896
            ],
            [
              30.682798289500287,
              32.188598137270546
            ],
            [
              30.682708457971874,
              32.188598137270546
            ],
            [
              30.682708457971874,
              32.18850830574213
            ],
            [
              30.682618626443464,
              32.18850830574213
            ],
            [
              30.682618626443464,
              32.188328642685306
            ],
            [
              30.682438963386637,
              32.188328642685306
            ],
            [
              30.682438963386637,
              32.18823881115689
            ],
            [
              30.682349131858228,
              32.18823881115689
            ],
            [
              30.682349131858228,
              32.18805914810007
            ],
            [
              30.682259300329815,
              32.18805914810007
            ],
            [
              30.682259300329815,
              32.18796931657166
            ],
            [
              30.6821694688014,
              32.18796931657166
            ],
            [
              30.6821694688014,
              32.18769982198643
            ],
            [
              30.68207963727299,
              32.18769982198643
            ],
            [
              30.68207963727299,
              32.1875201589296
            ],
            [
              30.68198980574458,
              32.1875201589296
            ],
            [
              30.68198980574458,
              32.187340495872775
            ],
            [
              30.681899974216165,
              32.187340495872775
            ],
            [
              30.681899974216165,
              32.187160832815955
            ],
            [
              30.681810142687755,
              32.187160832815955
            ],
            [
              30.681810142687755,
              32.18698116975913
            ],
            [
              30.681720311159342,
              32.18698116975913
            ],
            [
              30.681720311159342,
              32.186891338230716
            ],
            [
              30.681630479630932,
              32.186891338230716
            ],
            [
              30.681630479630932,
              32.1868015067023
            ],
            [
              30.681450816574106,
              32.1868015067023
            ],
            [
              30.681450816574106,
              32.186711675173896
            ],
            [
              30.681360985045696,
              32.186711675173896
            ],
            [
              30.681360985045696,
              32.18662184364548
            ],
            [
              30.68118132198887,
              32.18662184364548
            ],
            [
              30.68118132198887,
              32.18653201211707
            ],
            [
              30.68109149046046,
              32.18653201211707
            ],
            [
              30.68109149046046,
              32.18635234906024
            ],
            [
              30.680911827403634,
              32.18635234906024
            ],
            [
              30.680911827403634,
              32.18626251753183
            ],
            [
              30.680821995875224,
              32.18626251753183
            ],
            [
              30.680821995875224,
              32.18608285447501
            ],
            [
              30.68073216434681,
              32.18608285447501
            ],
            [
              30.68073216434681,
              32.1859930229466
            ],
            [
              30.680552501289988,
              32.1859930229466
            ],
            [
              30.680552501289988,
              32.185903191418184
            ],
            [
              30.680462669761575,
              32.185903191418184
            ],
            [
              30.680462669761575,
              32.18581335988977
            ],
            [
              30.679564354477456,
              32.18581335988977
            ],
            [
              30.679564354477456,
              32.185723528361365
            ],
            [
              30.679384691420633,
              32.185723528361365
            ],
            [
              30.679384691420633,
              32.18563369683295
            ],
            [
              30.679115196835397,
              32.18563369683295
            ],
            [
              30.679115196835397,
              32.18554386530454
            ],
            [
              30.678666039193338,
              32.18554386530454
            ],
            [
              30.678666039193338,
              32.185454033776125
            ],
            [
              30.67848637613651,
              32.185454033776125
            ],
            [
              30.67848637613651,
              32.18554386530454
            ],
            [
              30.678396544608102,
              32.18554386530454
            ],
            [
              30.678396544608102,
              32.185454033776125
            ],
            [
              30.678127050022866,
              32.185454033776125
            ],
            [
              30.678127050022866,
              32.18536420224771
            ],
            [
              30.67785755543763,
              32.18536420224771
            ],
            [
              30.67785755543763,
              32.1852743707193
            ],
            [
              30.677588060852393,
              32.1852743707193
            ],
            [
              30.677588060852393,
              32.18509470766248
            ],
            [
              30.677318566267157,
              32.18509470766248
            ],
            [
              30.677318566267157,
              32.185004876134066
            ],
            [
              30.677138903210334,
              32.185004876134066
            ],
            [
              30.677138903210334,
              32.18491504460565
            ],
            [
              30.676959240153508,
              32.18491504460565
            ],
            [
              30.676959240153508,
              32.18482521307724
            ],
            [
              30.676869408625098,
              32.18482521307724
            ],
            [
              30.676869408625098,
              32.18473538154883
            ],
            [
              30.676779577096685,
              32.18473538154883
            ],
            [
              30.676779577096685,
              32.18464555002042
            ],
            [
              30.676599914039862,
              32.18464555002042
            ],
            [
              30.676599914039862,
              32.18455571849201
            ],
            [
              30.67651008251145,
              32.18455571849201
            ],
            [
              30.67651008251145,
              32.18437605543518
            ],
            [
              30.67642025098304,
              32.18437605543518
            ],
            [
              30.67642025098304,
              32.18428622390677
            ],
            [
              30.676330419454626,
              32.18428622390677
            ],
            [
              30.676330419454626,
              32.18419639237836
            ],
            [
              30.676240587926213,
              32.18419639237836
            ],
            [
              30.676240587926213,
              32.184016729321534
            ],
            [
              30.676150756397803,
              32.184016729321534
            ],
            [
              30.676150756397803,
              32.1837472347363
            ],
            [
              30.67606092486939,
              32.1837472347363
            ],
            [
              30.67606092486939,
              32.18365740320789
            ],
            [
              30.675971093340976,
              32.18365740320789
            ],
            [
              30.675971093340976,
              32.18347774015106
            ],
            [
              30.675881261812567,
              32.18347774015106
            ],
            [
              30.675881261812567,
              32.18338790862265
            ],
            [
              30.675791430284153,
              32.18338790862265
            ],
            [
              30.675791430284153,
              32.183298077094236
            ],
            [
              30.675701598755744,
              32.183298077094236
            ],
            [
              30.675701598755744,
              32.18320824556583
            ],
            [
              30.675521935698917,
              32.18320824556583
            ],
            [
              30.675521935698917,
              32.183118414037416
            ],
            [
              30.675432104170508,
              32.183118414037416
            ],
            [
              30.675432104170508,
              32.18293875098059
            ],
            [
              30.67525244111368,
              32.18293875098059
            ],
            [
              30.67525244111368,
              32.18284891945218
            ],
            [
              30.675072778056858,
              32.18284891945218
            ],
            [
              30.675072778056858,
              32.182579424866944
            ],
            [
              30.674893115000035,
              32.182579424866944
            ],
            [
              30.674893115000035,
              32.18248959333853
            ],
            [
              30.674803283471622,
              32.18248959333853
            ],
            [
              30.674803283471622,
              32.182309930281704
            ],
            [
              30.674713451943212,
              32.182309930281704
            ],
            [
              30.674713451943212,
              32.18177094111124
            ],
            [
              30.6746236204148,
              32.18177094111124
            ],
            [
              30.6746236204148,
              32.181681109582826
            ],
            [
              30.674533788886386,
              32.181681109582826
            ],
            [
              30.674533788886386,
              32.18159127805441
            ],
            [
              30.6746236204148,
              32.18159127805441
            ],
            [
              30.6746236204148,
              32.181501446526
            ],
            [
              30.674533788886386,
              32.181501446526
            ],
            [
              30.674533788886386,
              32.181411614997586
            ],
            [
              30.674443957357976,
              32.181411614997586
            ],
            [
              30.674443957357976,
              32.18123195194077
            ],
            [
              30.674354125829563,
              32.18123195194077
            ],
            [
              30.674354125829563,
              32.18114212041235
            ],
            [
              30.67426429430115,
              32.18114212041235
            ],
            [
              30.67426429430115,
              32.18105228888394
            ],
            [
              30.67417446277274,
              32.18105228888394
            ],
            [
              30.67417446277274,
              32.18096245735553
            ],
            [
              30.674084631244327,
              32.18096245735553
            ],
            [
              30.674084631244327,
              32.180872625827114
            ],
            [
              30.673994799715913,
              32.180872625827114
            ],
            [
              30.673994799715913,
              32.18060313124188
            ],
            [
              30.673904968187504,
              32.18060313124188
            ],
            [
              30.673904968187504,
              32.180423468185055
            ],
            [
              30.67381513665909,
              32.180423468185055
            ],
            [
              30.67381513665909,
              32.180243805128235
            ],
            [
              30.67372530513068,
              32.180243805128235
            ],
            [
              30.67372530513068,
              32.18015397359982
            ],
            [
              30.673635473602268,
              32.18015397359982
            ],
            [
              30.673635473602268,
              32.17988447901458
            ],
            [
              30.673545642073854,
              32.17988447901458
            ],
            [
              30.673545642073854,
              32.17970481595776
            ],
            [
              30.673455810545445,
              32.17970481595776
            ],
            [
              30.673455810545445,
              32.17961498442935
            ],
            [
              30.67336597901703,
              32.17961498442935
            ],
            [
              30.67336597901703,
              32.17943532137252
            ],
            [
              30.673276147488618,
              32.17943532137252
            ],
            [
              30.673276147488618,
              32.17907599525888
            ],
            [
              30.67318631596021,
              32.17907599525888
            ],
            [
              30.67318631596021,
              32.178806500673645
            ],
            [
              30.673096484431795,
              32.178806500673645
            ],
            [
              30.673096484431795,
              32.17871666914523
            ],
            [
              30.67318631596021,
              32.17871666914523
            ],
            [
              30.67318631596021,
              32.17862683761682
            ],
            [
              30.673096484431795,
              32.17862683761682
            ],
            [
              30.673096484431795,
              32.17844717455999
            ],
            [
              30.673006652903382,
              32.17844717455999
            ],
            [
              30.673006652903382,
              32.17826751150317
            ],
            [
              30.672916821374972,
              32.17826751150317
            ],
            [
              30.672916821374972,
              32.17790818538952
            ],
            [
              30.67282698984656,
              32.17790818538952
            ],
            [
              30.67282698984656,
              32.17781835386111
            ],
            [
              30.672916821374972,
              32.17781835386111
            ],
            [
              30.672916821374972,
              32.1777285223327
            ],
            [
              30.67282698984656,
              32.1777285223327
            ],
            [
              30.67282698984656,
              32.17763869080429
            ],
            [
              30.671210022335146,
              32.17763869080429
            ],
            [
              30.671210022335146,
              32.17781835386111
            ],
            [
              30.671120190806732,
              32.17781835386111
            ],
            [
              30.671120190806732,
              32.17790818538952
            ],
            [
              30.671210022335146,
              32.17790818538952
            ],
            [
              30.671210022335146,
              32.17799801691793
            ],
            [
              30.671120190806732,
              32.17799801691793
            ],
            [
              30.671120190806732,
              32.179525152900936
            ],
            [
              30.671210022335146,
              32.179525152900936
            ],
            [
              30.671210022335146,
              32.17961498442935
            ],
            [
              30.671299853863555,
              32.17961498442935
            ],
            [
              30.671299853863555,
              32.17970481595776
            ],
            [
              30.67138968539197,
              32.17970481595776
            ],
            [
              30.67138968539197,
              32.17961498442935
            ],
            [
              30.67147951692038,
              32.17961498442935
            ],
            [
              30.67147951692038,
              32.17970481595776
            ],
            [
              30.671659179977205,
              32.17970481595776
            ],
            [
              30.671659179977205,
              32.179794647486176
            ],
            [
              30.671838843034028,
              32.179794647486176
            ],
            [
              30.671838843034028,
              32.17988447901458
            ],
            [
              30.67201850609085,
              32.17988447901458
            ],
            [
              30.67201850609085,
              32.179974310542995
            ],
            [
              30.672198169147677,
              32.179974310542995
            ],
            [
              30.672198169147677,
              32.18033363665664
            ],
            [
              30.672288000676087,
              32.18033363665664
            ],
            [
              30.672288000676087,
              32.18078279429871
            ],
            [
              30.6723778322045,
              32.18078279429871
            ],
            [
              30.6723778322045,
              32.18096245735553
            ],
            [
              30.672467663732913,
              32.18096245735553
            ],
            [
              30.672467663732913,
              32.18132178346917
            ],
            [
              30.672557495261323,
              32.18132178346917
            ],
            [
              30.672557495261323,
              32.181501446526
            ],
            [
              30.672647326789736,
              32.181501446526
            ],
            [
              30.672647326789736,
              32.18177094111124
            ],
            [
              30.67273715831815,
              32.18177094111124
            ],
            [
              30.67273715831815,
              32.181860772639645
            ],
            [
              30.67282698984656,
              32.181860772639645
            ],
            [
              30.67282698984656,
              32.18195060416806
            ],
            [
              30.672916821374972,
              32.18195060416806
            ],
            [
              30.672916821374972,
              32.182130267224885
            ],
            [
              30.673006652903382,
              32.182130267224885
            ],
            [
              30.673006652903382,
              32.1822200987533
            ],
            [
              30.673096484431795,
              32.1822200987533
            ],
            [
              30.673096484431795,
              32.18239976181012
            ],
            [
              30.67318631596021,
              32.18239976181012
            ],
            [
              30.67318631596021,
              32.18266925639536
            ],
            [
              30.673096484431795,
              32.18266925639536
            ],
            [
              30.673096484431795,
              32.18320824556583
            ],
            [
              30.673006652903382,
              32.18320824556583
            ],
            [
              30.673006652903382,
              32.183298077094236
            ],
            [
              30.673096484431795,
              32.183298077094236
            ],
            [
              30.673096484431795,
              32.18347774015106
            ],
            [
              30.67318631596021,
              32.18347774015106
            ],
            [
              30.67318631596021,
              32.1837472347363
            ],
            [
              30.673096484431795,
              32.1837472347363
            ],
            [
              30.673096484431795,
              32.18383706626471
            ],
            [
              30.67318631596021,
              32.18383706626471
            ],
            [
              30.67318631596021,
              32.18410656084995
            ],
            [
              30.673096484431795,
              32.18410656084995
            ],
            [
              30.673096484431795,
              32.18419639237836
            ],
            [
              30.67318631596021,
              32.18419639237836
            ],
            [
              30.67318631596021,
              32.18428622390677
            ],
            [
              30.673276147488618,
              32.18428622390677
            ],
            [
              30.673276147488618,
              32.18437605543518
            ],
            [
              30.67318631596021,
              32.18437605543518
            ],
            [
              30.67318631596021,
              32.18464555002042
            ],
            [
              30.673276147488618,
              32.18464555002042
            ],
            [
              30.673276147488618,
              32.18473538154883
            ],
            [
              30.67318631596021,
              32.18473538154883
            ],
            [
              30.67318631596021,
              32.18491504460565
            ],
            [
              30.673276147488618,
              32.18491504460565
            ],
            [
              30.673276147488618,
              32.18509470766248
            ],
            [
              30.67318631596021,
              32.18509470766248
            ],
            [
              30.67318631596021,
              32.18518453919089
            ],
            [
              30.673096484431795,
              32.18518453919089
            ],
            [
              30.673096484431795,
              32.18536420224771
            ],
            [
              30.672916821374972,
              32.18536420224771
            ],
            [
              30.672916821374972,
              32.185454033776125
            ],
            [
              30.673006652903382,
              32.185454033776125
            ],
            [
              30.673006652903382,
              32.18554386530454
            ],
            [
              30.672916821374972,
              32.18554386530454
            ],
            [
              30.672916821374972,
              32.186172686003424
            ],
            [
              30.673006652903382,
              32.186172686003424
            ],
            [
              30.673006652903382,
              32.18626251753183
            ],
            [
              30.672916821374972,
              32.18626251753183
            ],
            [
              30.672916821374972,
              32.18635234906024
            ],
            [
              30.673276147488618,
              32.18635234906024
            ],
            [
              30.673276147488618,
              32.18653201211707
            ],
            [
              30.673455810545445,
              32.18653201211707
            ],
            [
              30.673455810545445,
              32.18662184364548
            ],
            [
              30.673545642073854,
              32.18662184364548
            ],
            [
              30.673545642073854,
              32.18653201211707
            ],
            [
              30.673635473602268,
              32.18653201211707
            ],
            [
              30.673635473602268,
              32.18644218058866
            ],
            [
              30.67372530513068,
              32.18644218058866
            ],
            [
              30.67372530513068,
              32.18626251753183
            ],
            [
              30.673635473602268,
              32.18626251753183
            ],
            [
              30.673635473602268,
              32.186172686003424
            ],
            [
              30.67381513665909,
              32.186172686003424
            ],
            [
              30.67381513665909,
              32.1859930229466
            ],
            [
              30.673994799715913,
              32.1859930229466
            ],
            [
              30.673994799715913,
              32.18608285447501
            ],
            [
              30.673904968187504,
              32.18608285447501
            ],
            [
              30.673904968187504,
              32.18626251753183
            ],
            [
              30.673994799715913,
              32.18626251753183
            ],
            [
              30.673994799715913,
              32.18644218058866
            ],
            [
              30.674084631244327,
              32.18644218058866
            ]
          ],
          [
            [
              30.67336597901703,
              32.18509470766248
            ],
            [
              30.67336597901703,
              32.18518453919089
            ],
            [
              30.673276147488618,
              32.18518453919089
            ],
            [
              30.673276147488618,
              32.18509470766248
            ],
            [
              30.67336597901703,
              32.18509470766248
            ]
          ],
          [
            [
              30.673545642073854,
              32.18644218058866
            ],
            [
              30.673545642073854,
              32.18635234906024
            ],
            [
              30.673635473602268,
              32.18635234906024
            ],
            [
              30.673635473602268,
              32.18644218058866
            ],
            [
              30.673545642073854,
              32.18644218058866
            ]
          ],
          [
            [
              30.673994799715913,
              32.186172686003424
            ],
            [
              30.674084631244327,
              32.186172686003424
            ],
            [
              30.674084631244327,
              32.18626251753183
            ],
            [
              30.673994799715913,
              32.18626251753183
            ],
            [
              30.673994799715913,
              32.186172686003424
            ]
          ],
          [
            [
              30.674533788886386,
              32.18653201211707
            ],
            [
              30.674533788886386,
              32.18662184364548
            ],
            [
              30.674443957357976,
              32.18662184364548
            ],
            [
              30.674443957357976,
              32.18653201211707
            ],
            [
              30.674533788886386,
              32.18653201211707
            ]
          ]
        ]
      },
      "properties": {
        "event_id": "00007_01339_persistent_0001",
        "t0_source": "00007",
        "t1_source": "01339",
        "t0_time": "2024-04-10T10:00:00+00:00",
        "t1_time": "2024-04-10T14:00:00+00:00",
        "change_type": "persistent",
        "pixel_count": 26344,
        "area_m2": 2223454.97,
        "area_km2": 2.223455,
        "area_crs": "EPSG:32636",
        "area_method": "utm_projection_zone_36N",
        "mean_probability_t0": 0.8685,
        "mean_probability_t1": 0.8685,
        "mean_probability_delta": 0.0,
        "centroid": [
          30.711375,
          32.202062
        ],
        "bbox": [
          30.67112,
          32.177639,
          30.757358,
          32.223632
        ]
      }
    },
    {
      "type": "Feature",
      "id": "00007_01339_persistent_0002",
      "geometry": {
        "type": "Polygon",
        "coordinates": [
          [
            [
              30.66276585866442,
              32.155629966343355
            ],
            [
              30.66285569019283,
              32.155629966343355
            ],
            [
              30.66285569019283,
              32.15571979787177
            ],
            [
              30.66276585866442,
              32.15571979787177
            ],
            [
              30.66276585866442,
              32.15580962940018
            ],
            [
              30.66285569019283,
              32.15580962940018
            ],
            [
              30.66285569019283,
              32.15598929245701
            ],
            [
              30.663035353249658,
              32.15598929245701
            ],
            [
              30.663035353249658,
              32.155899460928595
            ],
            [
              30.663125184778067,
              32.155899460928595
            ],
            [
              30.663125184778067,
              32.15580962940018
            ],
            [
              30.66321501630648,
              32.15580962940018
            ],
            [
              30.66321501630648,
              32.15554013481495
            ],
            [
              30.663304847834894,
              32.15554013481495
            ],
            [
              30.663304847834894,
              32.15536047175812
            ],
            [
              30.66321501630648,
              32.15536047175812
            ],
            [
              30.66321501630648,
              32.15527064022971
            ],
            [
              30.663125184778067,
              32.15527064022971
            ],
            [
              30.663125184778067,
              32.15536047175812
            ],
            [
              30.663035353249658,
              32.15536047175812
            ],
            [
              30.663035353249658,
              32.155180808701296
            ],
            [
              30.662945521721245,
              32.155180808701296
            ],
            [
              30.662945521721245,
              32.15536047175812
            ],
            [
              30.66285569019283,
              32.15536047175812
            ],
            [
              30.66285569019283,
              32.155450303286536
            ],
            [
              30.66276585866442,
              32.155450303286536
            ],
            [
              30.66276585866442,
              32.155629966343355
            ]
          ]
        ]
      },
      "properties": {
        "event_id": "00007_01339_persistent_0002",
        "t0_source": "00007",
        "t1_source": "01339",
        "t0_time": "2024-04-10T10:00:00+00:00",
        "t1_time": "2024-04-10T14:00:00+00:00",
        "change_type": "persistent",
        "pixel_count": 33,
        "area_m2": 2786.76,
        "area_km2": 0.002787,
        "area_crs": "EPSG:32636",
        "area_method": "utm_projection_zone_36N",
        "mean_probability_t0": 0.2509,
        "mean_probability_t1": 0.2509,
        "mean_probability_delta": 0.0,
        "centroid": [
          30.66302,
          32.155599
        ],
        "bbox": [
          30.662766,
          32.155181,
          30.663305,
          32.155989
        ]
      }
    },
    {
      "type": "Feature",
      "id": "00007_01339_persistent_0003",
      "geometry": {
        "type": "Polygon",
        "coordinates": [
          [
            [
              30.66959305482373,
              32.173326777440515
            ],
            [
              30.669682886352142,
              32.173326777440515
            ],
            [
              30.669682886352142,
              32.17359627202575
            ],
            [
              30.669772717880555,
              32.17359627202575
            ],
            [
              30.669772717880555,
              32.17368610355416
            ],
            [
              30.669682886352142,
              32.17368610355416
            ],
            [
              30.669682886352142,
              32.17395559813939
            ],
            [
              30.669772717880555,
              32.17395559813939
            ],
            [
              30.669772717880555,
              32.17413526119622
            ],
            [
              30.669862549408965,
              32.17413526119622
            ],
            [
              30.669862549408965,
              32.174314924253046
            ],
            [
              30.669952380937378,
              32.174314924253046
            ],
            [
              30.669952380937378,
              32.17458441883828
            ],
            [
              30.670042212465788,
              32.17458441883828
            ],
            [
              30.670042212465788,
              32.17485391342352
            ],
            [
              30.6701320439942,
              32.17485391342352
            ],
            [
              30.6701320439942,
              32.17503357648034
            ],
            [
              30.670221875522614,
              32.17503357648034
            ],
            [
              30.670221875522614,
              32.175213239537165
            ],
            [
              30.670311707051024,
              32.175213239537165
            ],
            [
              30.670311707051024,
              32.1754827341224
            ],
            [
              30.670401538579437,
              32.1754827341224
            ],
            [
              30.670401538579437,
              32.17575222870764
            ],
            [
              30.67049137010785,
              32.17575222870764
            ],
            [
              30.67049137010785,
              32.175931891764456
            ],
            [
              30.67058120163626,
              32.175931891764456
            ],
            [
              30.67058120163626,
              32.17602172329287
            ],
            [
              30.670671033164673,
              32.17602172329287
            ],
            [
              30.670671033164673,
              32.17611155482128
            ],
            [
              30.670850696221496,
              32.17611155482128
            ],
            [
              30.670850696221496,
              32.176201386349696
            ],
            [
              30.67103035927832,
              32.176201386349696
            ],
            [
              30.67103035927832,
              32.17629121787811
            ],
            [
              30.671120190806732,
              32.17629121787811
            ],
            [
              30.671120190806732,
              32.173326777440515
            ],
            [
              30.670760864693086,
              32.173326777440515
            ],
            [
              30.670760864693086,
              32.1732369459121
            ],
            [
              30.67058120163626,
              32.1732369459121
            ],
            [
              30.67058120163626,
              32.17314711438369
            ],
            [
              30.67049137010785,
              32.17314711438369
            ],
            [
              30.67049137010785,
              32.173057282855275
            ],
            [
              30.670401538579437,
              32.173057282855275
            ],
            [
              30.670401538579437,
              32.17296745132686
            ],
            [
              30.670311707051024,
              32.17296745132686
            ],
            [
              30.670311707051024,
              32.172877619798456
            ],
            [
              30.670221875522614,
              32.172877619798456
            ],
            [
              30.670221875522614,
              32.17278778827004
            ],
            [
              30.6701320439942,
              32.17278778827004
            ],
            [
              30.6701320439942,
              32.172608125213216
            ],
            [
              30.670042212465788,
              32.172608125213216
            ],
            [
              30.670042212465788,
              32.17242846215639
            ],
            [
              30.669952380937378,
              32.17242846215639
            ],
            [
              30.669952380937378,
              32.17233863062798
            ],
            [
              30.670042212465788,
              32.17233863062798
            ],
            [
              30.670042212465788,
              32.17224879909957
            ],
            [
              30.669952380937378,
              32.17224879909957
            ],
            [
              30.669952380937378,
              32.172069136042744
            ],
            [
              30.669862549408965,
              32.172069136042744
            ],
            [
              30.669862549408965,
              32.171889472985924
            ],
            [
              30.669772717880555,
              32.171889472985924
            ],
            [
              30.669772717880555,
              32.171619978400685
            ],
            [
              30.669682886352142,
              32.171619978400685
            ],
            [
              30.669682886352142,
              32.17144031534386
            ],
            [
              30.66959305482373,
              32.17144031534386
            ],
            [
              30.66959305482373,
              32.17135048381545
            ],
            [
              30.66950322329532,
              32.17135048381545
            ],
            [
              30.66950322329532,
              32.17126065228704
            ],
            [
              30.669233728710083,
              32.17126065228704
            ],
            [
              30.669233728710083,
              32.171170820758626
            ],
            [
              30.669054065653256,
              32.171170820758626
            ],
            [
              30.669054065653256,
              32.1709911577018
            ],
            [
              30.668874402596433,
              32.1709911577018
            ],
            [
              30.668874402596433,
              32.170721663116566
            ],
            [
              30.668784571068024,
              32.170721663116566
            ],
            [
              30.668784571068024,
              32.17063183158815
            ],
            [
              30.66869473953961,
              32.17063183158815
            ],
            [
              30.66869473953961,
              32.17036233700292
            ],
            [
              30.668604908011197,
              32.17036233700292
            ],
            [
              30.668604908011197,
              32.16991317936086
            ],
            [
              30.668515076482787,
              32.16991317936086
            ],
            [
              30.668515076482787,
              32.169464021718795
            ],
            [
              30.668425244954374,
              32.169464021718795
            ],
            [
              30.668425244954374,
              32.169284358661976
            ],
            [
              30.66833541342596,
              32.169284358661976
            ],
            [
              30.66833541342596,
              32.169014864076736
            ],
            [
              30.66824558189755,
              32.169014864076736
            ],
            [
              30.66824558189755,
              32.16865553796309
            ],
            [
              30.668155750369138,
              32.16865553796309
            ],
            [
              30.668155750369138,
              32.16838604337786
            ],
            [
              30.668065918840725,
              32.16838604337786
            ],
            [
              30.668065918840725,
              32.168296211849444
            ],
            [
              30.667976087312315,
              32.168296211849444
            ],
            [
              30.667976087312315,
              32.1679368857358
            ],
            [
              30.667886255783902,
              32.1679368857358
            ],
            [
              30.667886255783902,
              32.167397896565326
            ],
            [
              30.667796424255492,
              32.167397896565326
            ],
            [
              30.667796424255492,
              32.16730806503691
            ],
            [
              30.667886255783902,
              32.16730806503691
            ],
            [
              30.667886255783902,
              32.16712840198009
            ],
            [
              30.667796424255492,
              32.16712840198009
            ],
            [
              30.667796424255492,
              32.16694873892327
            ],
            [
              30.66770659272708,
              32.16694873892327
            ],
            [
              30.66770659272708,
              32.16667924433803
            ],
            [
              30.667616761198666,
              32.16667924433803
            ],
            [
              30.667616761198666,
              32.1664995812812
            ],
            [
              30.667526929670256,
              32.1664995812812
            ],
            [
              30.667526929670256,
              32.16631991822438
            ],
            [
              30.667616761198666,
              32.16631991822438
            ],
            [
              30.667616761198666,
              32.16623008669597
            ],
            [
              30.667526929670256,
              32.16623008669597
            ],
            [
              30.667526929670256,
              32.16560126599708
            ],
            [
              30.667437098141843,
              32.16560126599708
            ],
            [
              30.667437098141843,
              32.16533177141185
            ],
            [
              30.66734726661343,
              32.16533177141185
            ],
            [
              30.66734726661343,
              32.16488261376979
            ],
            [
              30.66725743508502,
              32.16488261376979
            ],
            [
              30.66725743508502,
              32.16479278224138
            ],
            [
              30.66734726661343,
              32.16479278224138
            ],
            [
              30.66734726661343,
              32.164253793070905
            ],
            [
              30.667437098141843,
              32.164253793070905
            ],
            [
              30.667437098141843,
              32.16362497237202
            ],
            [
              30.667526929670256,
              32.16362497237202
            ],
            [
              30.667526929670256,
              32.16353514084361
            ],
            [
              30.667437098141843,
              32.16353514084361
            ],
            [
              30.667437098141843,
              32.16335547778679
            ],
            [
              30.667526929670256,
              32.16335547778679
            ],
            [
              30.667526929670256,
              32.1627266570879
            ],
            [
              30.667437098141843,
              32.1627266570879
            ],
            [
              30.667437098141843,
              32.16263682555949
            ],
            [
              30.66734726661343,
              32.16263682555949
            ],
            [
              30.66734726661343,
              32.162546994031075
            ],
            [
              30.66725743508502,
              32.162546994031075
            ],
            [
              30.66725743508502,
              32.162367330974256
            ],
            [
              30.667167603556607,
              32.162367330974256
            ],
            [
              30.667167603556607,
              32.162097836389016
            ],
            [
              30.667077772028193,
              32.162097836389016
            ],
            [
              30.667077772028193,
              32.1619181733322
            ],
            [
              30.666987940499784,
              32.1619181733322
            ],
            [
              30.666987940499784,
              32.161558847218544
            ],
            [
              30.66689810897137,
              32.161558847218544
            ],
            [
              30.66689810897137,
              32.16101985804808
            ],
            [
              30.66680827744296,
              32.16101985804808
            ],
            [
              30.66680827744296,
              32.160930026519665
            ],
            [
              30.66689810897137,
              32.160930026519665
            ],
            [
              30.66689810897137,
              32.16030120582078
            ],
            [
              30.666987940499784,
              32.16030120582078
            ],
            [
              30.666987940499784,
              32.159941879707134
            ],
            [
              30.667077772028193,
              32.159941879707134
            ],
            [
              30.667077772028193,
              32.15985204817872
            ],
            [
              30.666987940499784,
              32.15985204817872
            ],
            [
              30.666987940499784,
              32.159672385121894
            ],
            [
              30.667077772028193,
              32.159672385121894
            ],
            [
              30.667077772028193,
              32.15940289053666
            ],
            [
              30.666987940499784,
              32.15940289053666
            ],
            [
              30.666987940499784,
              32.15931305900825
            ],
            [
              30.667077772028193,
              32.15931305900825
            ],
            [
              30.667077772028193,
              32.15913339595142
            ],
            [
              30.666987940499784,
              32.15913339595142
            ],
            [
              30.666987940499784,
              32.15859440678095
            ],
            [
              30.66689810897137,
              32.15859440678095
            ],
            [
              30.66689810897137,
              32.15814524913889
            ],
            [
              30.66680827744296,
              32.15814524913889
            ],
            [
              30.66680827744296,
              32.158055417610484
            ],
            [
              30.66689810897137,
              32.158055417610484
            ],
            [
              30.66689810897137,
              32.15796558608207
            ],
            [
              30.66680827744296,
              32.15796558608207
            ],
            [
              30.66680827744296,
              32.15769609149683
            ],
            [
              30.66689810897137,
              32.15769609149683
            ],
            [
              30.66689810897137,
              32.15760625996842
            ],
            [
              30.66680827744296,
              32.15760625996842
            ],
            [
              30.66680827744296,
              32.157336765383185
            ],
            [
              30.66689810897137,
              32.157336765383185
            ],
            [
              30.66689810897137,
              32.15715710232636
            ],
            [
              30.66680827744296,
              32.15715710232636
            ],
            [
              30.66680827744296,
              32.15706727079795
            ],
            [
              30.66689810897137,
              32.15706727079795
            ],
            [
              30.66689810897137,
              32.15607912398542
            ],
            [
              30.66680827744296,
              32.15607912398542
            ],
            [
              30.66680827744296,
              32.155899460928595
            ],
            [
              30.66689810897137,
              32.155899460928595
            ],
            [
              30.66689810897137,
              32.15580962940018
            ],
            [
              30.66680827744296,
              32.15580962940018
            ],
            [
              30.66680827744296,
              32.15554013481495
            ],
            [
              30.66689810897137,
              32.15554013481495
            ],
            [
              30.66689810897137,
              32.155450303286536
            ],
            [
              30.66680827744296,
              32.155450303286536
            ],
            [
              30.66680827744296,
              32.155180808701296
            ],
            [
              30.66689810897137,
              32.155180808701296
            ],
            [
              30.66689810897137,
              32.15509097717289
            ],
            [
              30.66680827744296,
              32.15509097717289
            ],
            [
              30.66680827744296,
              32.154462156474004
            ],
            [
              30.666718445914547,
              32.154462156474004
            ],
            [
              30.666718445914547,
              32.154192661888764
            ],
            [
              30.666628614386134,
              32.154192661888764
            ],
            [
              30.666628614386134,
              32.154012998831945
            ],
            [
              30.666538782857724,
              32.154012998831945
            ],
            [
              30.666538782857724,
              32.15392316730353
            ],
            [
              30.66644895132931,
              32.15392316730353
            ],
            [
              30.66644895132931,
              32.15383333577512
            ],
            [
              30.666359119800898,
              32.15383333577512
            ],
            [
              30.666359119800898,
              32.153743504246705
            ],
            [
              30.66626928827249,
              32.153743504246705
            ],
            [
              30.66626928827249,
              32.15365367271829
            ],
            [
              30.666179456744075,
              32.15365367271829
            ],
            [
              30.666179456744075,
              32.153563841189886
            ],
            [
              30.666089625215662,
              32.153563841189886
            ],
            [
              30.666089625215662,
              32.15320451507623
            ],
            [
              30.665999793687252,
              32.15320451507623
            ],
            [
              30.665999793687252,
              32.15311468354782
            ],
            [
              30.66590996215884,
              32.15311468354782
            ],
            [
              30.66590996215884,
              32.15284518896259
            ],
            [
              30.66582013063043,
              32.15284518896259
            ],
            [
              30.66582013063043,
              32.15248586284894
            ],
            [
              30.665730299102016,
              32.15248586284894
            ],
            [
              30.665730299102016,
              32.152306199792115
            ],
            [
              30.665640467573603,
              32.152306199792115
            ],
            [
              30.665640467573603,
              32.1522163682637
            ],
            [
              30.665730299102016,
              32.1522163682637
            ],
            [
              30.665730299102016,
              32.15203670520688
            ],
            [
              30.665640467573603,
              32.15203670520688
            ],
            [
              30.665640467573603,
              32.151857042150056
            ],
            [
              30.665550636045193,
              32.151857042150056
            ],
            [
              30.665550636045193,
              32.15077906380911
            ],
            [
              30.665640467573603,
              32.15077906380911
            ],
            [
              30.665640467573603,
              32.1506892322807
            ],
            [
              30.665730299102016,
              32.1506892322807
            ],
            [
              30.665730299102016,
              32.15050956922388
            ],
            [
              30.66582013063043,
              32.15050956922388
            ],
            [
              30.66582013063043,
              32.15024007463864
            ],
            [
              30.66590996215884,
              32.15024007463864
            ],
            [
              30.66590996215884,
              32.149970580053406
            ],
            [
              30.666089625215662,
              32.149970580053406
            ],
            [
              30.666089625215662,
              32.14988074852499
            ],
            [
              30.665999793687252,
              32.14988074852499
            ],
            [
              30.665999793687252,
              32.14925192782611
            ],
            [
              30.666089625215662,
              32.14925192782611
            ],
            [
              30.666089625215662,
              32.149162096297694
            ],
            [
              30.665999793687252,
              32.149162096297694
            ],
            [
              30.665999793687252,
              32.14889260171246
            ],
            [
              30.666089625215662,
              32.14889260171246
            ],
            [
              30.666089625215662,
              32.14880277018405
            ],
            [
              30.665999793687252,
              32.14880277018405
            ],
            [
              30.665999793687252,
              32.14862310712723
            ],
            [
              30.666089625215662,
              32.14862310712723
            ],
            [
              30.666089625215662,
              32.14835361254199
            ],
            [
              30.666179456744075,
              32.14835361254199
            ],
            [
              30.666179456744075,
              32.148084117956756
            ],
            [
              30.66626928827249,
              32.148084117956756
            ],
            [
              30.66626928827249,
              32.14790445489993
            ],
            [
              30.666359119800898,
              32.14790445489993
            ],
            [
              30.666359119800898,
              32.14781462337152
            ],
            [
              30.66644895132931,
              32.14781462337152
            ],
            [
              30.66644895132931,
              32.1476349603147
            ],
            [
              30.666359119800898,
              32.1476349603147
            ],
            [
              30.666359119800898,
              32.147545128786284
            ],
            [
              30.66644895132931,
              32.147545128786284
            ],
            [
              30.66644895132931,
              32.14736546572946
            ],
            [
              30.666538782857724,
              32.14736546572946
            ],
            [
              30.666538782857724,
              32.14700613961581
            ],
            [
              30.666628614386134,
              32.14700613961581
            ],
            [
              30.666628614386134,
              32.146646813502166
            ],
            [
              30.666718445914547,
              32.146646813502166
            ],
            [
              30.666718445914547,
              32.14574849821804
            ],
            [
              30.666628614386134,
              32.14574849821804
            ],
            [
              30.666628614386134,
              32.14529934057598
            ],
            [
              30.666538782857724,
              32.14529934057598
            ],
            [
              30.666538782857724,
              32.14502984599075
            ],
            [
              30.66644895132931,
              32.14502984599075
            ],
            [
              30.66644895132931,
              32.14476035140551
            ],
            [
              30.666359119800898,
              32.14476035140551
            ],
            [
              30.666359119800898,
              32.14458068834869
            ],
            [
              30.66626928827249,
              32.14458068834869
            ],
            [
              30.66626928827249,
              32.14440102529186
            ],
            [
              30.666179456744075,
              32.14440102529186
            ],
            [
              30.666179456744075,
              32.14422136223504
            ],
            [
              30.666089625215662,
              32.14422136223504
            ],
            [
              30.666089625215662,
              32.14404169917822
            ],
            [
              30.665999793687252,
              32.14404169917822
            ],
            [
              30.665999793687252,
              32.14386203612139
            ],
            [
              30.66590996215884,
              32.14386203612139
            ],
            [
              30.66590996215884,
              32.14368237306457
            ],
            [
              30.66582013063043,
              32.14368237306457
            ],
            [
              30.66582013063043,
              32.14359254153616
            ],
            [
              30.665730299102016,
              32.14359254153616
            ],
            [
              30.665730299102016,
              32.14341287847933
            ],
            [
              30.665640467573603,
              32.14341287847933
            ],
            [
              30.665640467573603,
              32.14332304695092
            ],
            [
              30.665550636045193,
              32.14332304695092
            ],
            [
              30.665550636045193,
              32.143233215422505
            ],
            [
              30.66546080451678,
              32.143233215422505
            ],
            [
              30.66546080451678,
              32.14296372083727
            ],
            [
              30.665370972988367,
              32.14296372083727
            ],
            [
              30.665370972988367,
              32.142784057780446
            ],
            [
              30.665281141459957,
              32.142784057780446
            ],
            [
              30.665281141459957,
              32.14269422625204
            ],
            [
              30.665191309931544,
              32.14269422625204
            ],
            [
              30.665191309931544,
              32.14260439472363
            ],
            [
              30.66510147840313,
              32.14260439472363
            ],
            [
              30.66510147840313,
              32.1424247316668
            ],
            [
              30.66501164687472,
              32.1424247316668
            ],
            [
              30.66501164687472,
              32.142245068609974
            ],
            [
              30.664921815346307,
              32.142245068609974
            ],
            [
              30.664921815346307,
              32.14215523708157
            ],
            [
              30.664831983817894,
              32.14215523708157
            ],
            [
              30.664831983817894,
              32.14197557402474
            ],
            [
              30.664742152289485,
              32.14197557402474
            ],
            [
              30.664742152289485,
              32.14188574249633
            ],
            [
              30.66465232076107,
              32.14188574249633
            ],
            [
              30.66465232076107,
              32.141795910967915
            ],
            [
              30.66456248923266,
              32.141795910967915
            ],
            [
              30.66456248923266,
              32.14170607943951
            ],
            [
              30.664382826175835,
              32.14170607943951
            ],
            [
              30.664382826175835,
              32.141616247911095
            ],
            [
              30.664292994647425,
              32.141616247911095
            ],
            [
              30.664292994647425,
              32.14152641638268
            ],
            [
              30.664203163119012,
              32.14152641638268
            ],
            [
              30.664203163119012,
              32.14143658485427
            ],
            [
              30.66402350006219,
              32.14143658485427
            ],
            [
              30.66402350006219,
              32.141346753325855
            ],
            [
              30.663933668533776,
              32.141346753325855
            ],
            [
              30.663933668533776,
              32.14107725874062
            ],
            [
              30.663843837005363,
              32.14107725874062
            ],
            [
              30.663843837005363,
              32.140897595683796
            ],
            [
              30.663754005476953,
              32.140897595683796
            ],
            [
              30.663754005476953,
              32.14080776415538
            ],
            [
              30.66366417394854,
              32.14080776415538
            ],
            [
              30.66366417394854,
              32.140628101098564
            ],
            [
              30.66357434242013,
              32.140628101098564
            ],
            [
              30.66357434242013,
              32.14053826957015
            ],
            [
              30.663484510891717,
              32.14053826957015
            ],
            [
              30.663484510891717,
              32.14044843804174
            ],
            [
              30.663394679363304,
              32.14044843804174
            ],
            [
              30.663394679363304,
              32.140358606513324
            ],
            [
              30.663125184778067,
              32.140358606513324
            ],
            [
              30.663125184778067,
              32.14026877498491
            ],
            [
              30.663035353249658,
              32.14026877498491
            ],
            [
              30.663035353249658,
              32.140178943456505
            ],
            [
              30.66285569019283,
              32.140178943456505
            ],
            [
              30.66285569019283,
              32.14008911192809
            ],
            [
              30.66276585866442,
              32.14008911192809
            ],
            [
              30.66276585866442,
              32.13999928039968
            ],
            [
              30.66267602713601,
              32.13999928039968
            ],
            [
              30.66267602713601,
              32.139909448871265
            ],
            [
              30.662496364079185,
              32.139909448871265
            ],
            [
              30.662496364079185,
              32.139729785814446
            ],
            [
              30.662406532550772,
              32.139729785814446
            ],
            [
              30.662406532550772,
              32.13955012275762
            ],
            [
              30.66222686949395,
              32.13955012275762
            ],
            [
              30.66222686949395,
              32.139460291229206
            ],
            [
              30.662047206437126,
              32.139460291229206
            ],
            [
              30.662047206437126,
              32.13937045970079
            ],
            [
              30.661957374908713,
              32.13937045970079
            ],
            [
              30.661957374908713,
              32.13928062817238
            ],
            [
              30.6618675433803,
              32.13928062817238
            ],
            [
              30.6618675433803,
              32.13919079664397
            ],
            [
              30.66177771185189,
              32.13919079664397
            ],
            [
              30.66177771185189,
              32.13910096511556
            ],
            [
              30.661598048795067,
              32.13910096511556
            ],
            [
              30.661598048795067,
              32.13892130205873
            ],
            [
              30.661508217266654,
              32.13892130205873
            ],
            [
              30.661508217266654,
              32.13883147053032
            ],
            [
              30.66141838573824,
              32.13883147053032
            ],
            [
              30.66141838573824,
              32.1386518074735
            ],
            [
              30.66132855420983,
              32.1386518074735
            ],
            [
              30.66132855420983,
              32.13856197594509
            ],
            [
              30.66141838573824,
              32.13856197594509
            ],
            [
              30.66141838573824,
              32.138472144416674
            ],
            [
              30.66132855420983,
              32.138472144416674
            ],
            [
              30.66132855420983,
              32.13838231288826
            ],
            [
              30.661238722681418,
              32.13838231288826
            ],
            [
              30.661238722681418,
              32.13820264983144
            ],
            [
              30.661148891153005,
              32.13820264983144
            ],
            [
              30.661148891153005,
              32.13811281830303
            ],
            [
              30.661059059624595,
              32.13811281830303
            ],
            [
              30.661059059624595,
              32.138022986774615
            ],
            [
              30.66078956503936,
              32.138022986774615
            ],
            [
              30.66078956503936,
              32.1379331552462
            ],
            [
              30.660609901982536,
              32.1379331552462
            ],
            [
              30.660609901982536,
              32.13784332371779
            ],
            [
              30.660699733510945,
              32.13784332371779
            ],
            [
              30.660699733510945,
              32.13775349218938
            ],
            [
              30.6603404073973,
              32.13775349218938
            ],
            [
              30.6603404073973,
              32.137573829132556
            ],
            [
              30.660250575868886,
              32.137573829132556
            ],
            [
              30.660250575868886,
              32.13748399760414
            ],
            [
              30.660160744340473,
              32.13748399760414
            ],
            [
              30.660160744340473,
              32.13739416607573
            ],
            [
              30.65998108128365,
              32.13739416607573
            ],
            [
              30.65998108128365,
              32.137304334547316
            ],
            [
              30.659891249755237,
              32.137304334547316
            ],
            [
              30.659891249755237,
              32.13721450301891
            ],
            [
              30.659801418226827,
              32.13721450301891
            ],
            [
              30.659801418226827,
              32.1371246714905
            ],
            [
              30.659621755170004,
              32.1371246714905
            ],
            [
              30.659621755170004,
              32.137034839962084
            ],
            [
              30.65953192364159,
              32.137034839962084
            ],
            [
              30.65953192364159,
              32.13694500843367
            ],
            [
              30.659262429056355,
              32.13694500843367
            ],
            [
              30.659262429056355,
              32.13685517690526
            ],
            [
              30.65917259752794,
              32.13685517690526
            ],
            [
              30.65917259752794,
              32.13676534537685
            ],
            [
              30.659082765999532,
              32.13676534537685
            ],
            [
              30.659082765999532,
              32.13667551384844
            ],
            [
              30.658903102942705,
              32.13667551384844
            ],
            [
              30.658903102942705,
              32.13649585079161
            ],
            [
              30.658813271414296,
              32.13649585079161
            ],
            [
              30.658813271414296,
              32.1364060192632
            ],
            [
              30.658633608357473,
              32.1364060192632
            ],
            [
              30.658633608357473,
              32.136316187734785
            ],
            [
              30.65854377682906,
              32.136316187734785
            ],
            [
              30.65854377682906,
              32.13622635620638
            ],
            [
              30.658453945300646,
              32.13622635620638
            ],
            [
              30.658453945300646,
              32.136136524677966
            ],
            [
              30.658364113772237,
              32.136136524677966
            ],
            [
              30.658364113772237,
              32.13604669314955
            ],
            [
              30.658094619187,
              32.13604669314955
            ],
            [
              30.658094619187,
              32.13595686162114
            ],
            [
              30.657914956130174,
              32.13595686162114
            ],
            [
              30.657914956130174,
              32.135867030092726
            ],
            [
              30.65764546154494,
              32.135867030092726
            ],
            [
              30.65764546154494,
              32.13577719856432
            ],
            [
              30.657375966959705,
              32.13577719856432
            ],
            [
              30.657375966959705,
              32.13568736703591
            ],
            [
              30.65719630390288,
              32.13568736703591
            ],
            [
              30.65719630390288,
              32.13559753550749
            ],
            [
              30.65710647237447,
              32.13559753550749
            ],
            [
              30.65710647237447,
              32.13550770397908
            ],
            [
              30.656836977789233,
              32.13550770397908
            ],
            [
              30.656836977789233,
              32.13541787245067
            ],
            [
              30.65674714626082,
              32.13541787245067
            ],
            [
              30.65674714626082,
              32.13532804092225
            ],
            [
              30.656567483203997,
              32.13532804092225
            ],
            [
              30.656567483203997,
              32.13523820939385
            ],
            [
              30.656387820147174,
              32.13523820939385
            ],
            [
              30.656387820147174,
              32.135148377865434
            ],
            [
              30.656118325561938,
              32.135148377865434
            ],
            [
              30.656118325561938,
              32.13505854633702
            ],
            [
              30.65593866250511,
              32.13505854633702
            ],
            [
              30.65593866250511,
              32.13496871480861
            ],
            [
              30.6558488309767,
              32.13496871480861
            ],
            [
              30.6558488309767,
              32.134878883280194
            ],
            [
              30.655758999448288,
              32.134878883280194
            ],
            [
              30.655758999448288,
              32.13478905175179
            ],
            [
              30.65566916791988,
              32.13478905175179
            ],
            [
              30.65566916791988,
              32.134699220223375
            ],
            [
              30.655579336391465,
              32.134699220223375
            ],
            [
              30.655579336391465,
              32.13451955716655
            ],
            [
              30.655489504863052,
              32.13451955716655
            ],
            [
              30.655489504863052,
              32.134429725638135
            ],
            [
              30.655399673334642,
              32.134429725638135
            ],
            [
              30.655399673334642,
              32.134250062581316
            ],
            [
              30.65530984180623,
              32.134250062581316
            ],
            [
              30.65530984180623,
              32.13407039952449
            ],
            [
              30.655220010277816,
              32.13407039952449
            ],
            [
              30.655220010277816,
              32.13389073646766
            ],
            [
              30.655040347220993,
              32.13389073646766
            ],
            [
              30.655040347220993,
              32.13380090493926
            ],
            [
              30.65495051569258,
              32.13380090493926
            ],
            [
              30.65495051569258,
              32.13371107341084
            ],
            [
              30.65486068416417,
              32.13371107341084
            ],
            [
              30.65486068416417,
              32.13362124188243
            ],
            [
              30.654770852635757,
              32.13362124188243
            ],
            [
              30.654770852635757,
              32.13353141035402
            ],
            [
              30.654681021107347,
              32.13353141035402
            ],
            [
              30.654681021107347,
              32.133441578825604
            ],
            [
              30.654591189578934,
              32.133441578825604
            ],
            [
              30.654591189578934,
              32.13335174729719
            ],
            [
              30.65450135805052,
              32.13335174729719
            ],
            [
              30.65450135805052,
              32.13317208424037
            ],
            [
              30.654321694993698,
              32.13317208424037
            ],
            [
              30.654321694993698,
              32.13308225271196
            ],
            [
              30.654231863465284,
              32.13308225271196
            ],
            [
              30.654231863465284,
              32.13290258965513
            ],
            [
              30.654142031936875,
              32.13290258965513
            ],
            [
              30.654142031936875,
              32.132812758126725
            ],
            [
              30.653962368880048,
              32.132812758126725
            ],
            [
              30.653962368880048,
              32.13272292659831
            ],
            [
              30.65387253735164,
              32.13272292659831
            ],
            [
              30.65387253735164,
              32.1326330950699
            ],
            [
              30.653782705823225,
              32.1326330950699
            ],
            [
              30.653782705823225,
              32.132543263541486
            ],
            [
              30.653692874294816,
              32.132543263541486
            ],
            [
              30.653692874294816,
              32.13245343201307
            ],
            [
              30.653603042766402,
              32.13245343201307
            ],
            [
              30.653603042766402,
              32.13236360048466
            ],
            [
              30.65351321123799,
              32.13236360048466
            ],
            [
              30.65351321123799,
              32.13227376895625
            ],
            [
              30.653243716652753,
              32.13227376895625
            ],
            [
              30.653243716652753,
              32.13218393742784
            ],
            [
              30.653153885124343,
              32.13218393742784
            ],
            [
              30.653153885124343,
              32.13209410589943
            ],
            [
              30.65306405359593,
              32.13209410589943
            ],
            [
              30.65306405359593,
              32.13200427437101
            ],
            [
              30.652884390539107,
              32.13200427437101
            ],
            [
              30.652884390539107,
              32.13164494825737
            ],
            [
              30.651357254556103,
              32.13164494825737
            ],
            [
              30.651357254556103,
              32.13146528520054
            ],
            [
              30.65126742302769,
              32.13146528520054
            ],
            [
              30.65126742302769,
              32.13137545367213
            ],
            [
              30.651087759970867,
              32.13137545367213
            ],
            [
              30.651087759970867,
              32.13128562214372
            ],
            [
              30.650997928442454,
              32.13128562214372
            ],
            [
              30.650997928442454,
              32.131105959086895
            ],
            [
              30.650908096914044,
              32.131105959086895
            ],
            [
              30.650908096914044,
              32.13092629603007
            ],
            [
              30.65072843385722,
              32.13092629603007
            ],
            [
              30.65072843385722,
              32.13083646450166
            ],
            [
              30.650638602328808,
              32.13083646450166
            ],
            [
              30.650638602328808,
              32.13074663297325
            ],
            [
              30.650548770800395,
              32.13074663297325
            ],
            [
              30.650548770800395,
              32.130656801444836
            ],
            [
              30.650369107743572,
              32.130656801444836
            ],
            [
              30.650369107743572,
              32.13056696991642
            ],
            [
              30.65027927621516,
              32.13056696991642
            ],
            [
              30.65027927621516,
              32.130387306859596
            ],
            [
              30.65018944468675,
              32.130387306859596
            ],
            [
              30.65018944468675,
              32.13029747533119
            ],
            [
              30.650099613158336,
              32.13029747533119
            ],
            [
              30.650099613158336,
              32.13020764380278
            ],
            [
              30.649919950101513,
              32.13020764380278
            ],
            [
              30.649919950101513,
              32.130117812274364
            ],
            [
              30.6498301185731,
              32.130117812274364
            ],
            [
              30.6498301185731,
              32.13002798074595
            ],
            [
              30.649650455516277,
              32.13002798074595
            ],
            [
              30.649650455516277,
              32.12993814921754
            ],
            [
              30.649560623987863,
              32.12993814921754
            ],
            [
              30.649560623987863,
              32.12975848616072
            ],
            [
              30.64938096093104,
              32.12975848616072
            ],
            [
              30.64938096093104,
              32.129668654632304
            ],
            [
              30.649291129402627,
              32.129668654632304
            ],
            [
              30.649291129402627,
              32.12948899157548
            ],
            [
              30.649201297874217,
              32.12948899157548
            ],
            [
              30.649201297874217,
              32.129399160047065
            ],
            [
              30.649111466345804,
              32.129399160047065
            ],
            [
              30.649111466345804,
              32.129219496990245
            ],
            [
              30.64893180328898,
              32.129219496990245
            ],
            [
              30.64893180328898,
              32.12903983393342
            ],
            [
              30.648841971760568,
              32.12903983393342
            ],
            [
              30.648841971760568,
              32.1288601708766
            ],
            [
              30.648752140232155,
              32.1288601708766
            ],
            [
              30.648752140232155,
              32.12868050781977
            ],
            [
              30.648662308703745,
              32.12868050781977
            ],
            [
              30.648662308703745,
              32.12859067629136
            ],
            [
              30.648572477175332,
              32.12859067629136
            ],
            [
              30.648572477175332,
              32.12850084476295
            ],
            [
              30.648482645646922,
              32.12850084476295
            ],
            [
              30.648482645646922,
              32.12841101323453
            ],
            [
              30.64839281411851,
              32.12841101323453
            ],
            [
              30.64839281411851,
              32.12832118170613
            ],
            [
              30.648213151061686,
              32.12832118170613
            ],
            [
              30.648213151061686,
              32.128231350177714
            ],
            [
              30.648123319533273,
              32.128231350177714
            ],
            [
              30.648123319533273,
              32.1281415186493
            ],
            [
              30.64803348800486,
              32.1281415186493
            ],
            [
              30.64803348800486,
              32.12805168712089
            ],
            [
              30.64794365647645,
              32.12805168712089
            ],
            [
              30.64794365647645,
              32.127961855592474
            ],
            [
              30.647853824948037,
              32.127961855592474
            ],
            [
              30.647853824948037,
              32.12787202406407
            ],
            [
              30.647674161891214,
              32.12787202406407
            ],
            [
              30.647674161891214,
              32.127782192535655
            ],
            [
              30.64749449883439,
              32.127782192535655
            ],
            [
              30.64749449883439,
              32.12769236100724
            ],
            [
              30.647045341192328,
              32.12769236100724
            ],
            [
              30.647045341192328,
              32.12760252947883
            ],
            [
              30.646865678135505,
              32.12760252947883
            ],
            [
              30.646865678135505,
              32.127512697950415
            ],
            [
              30.646775846607092,
              32.127512697950415
            ],
            [
              30.646775846607092,
              32.127422866422
            ],
            [
              30.646686015078682,
              32.127422866422
            ],
            [
              30.646686015078682,
              32.12724320336518
            ],
            [
              30.64650635202186,
              32.12724320336518
            ],
            [
              30.64650635202186,
              32.12715337183677
            ],
            [
              30.646416520493446,
              32.12715337183677
            ],
            [
              30.646416520493446,
              32.127063540308356
            ],
            [
              30.646326688965033,
              32.127063540308356
            ],
            [
              30.646326688965033,
              32.12688387725154
            ],
            [
              30.646236857436623,
              32.12688387725154
            ],
            [
              30.646236857436623,
              32.12679404572312
            ],
            [
              30.64614702590821,
              32.12679404572312
            ],
            [
              30.64614702590821,
              32.12670421419471
            ],
            [
              30.645967362851387,
              32.12670421419471
            ],
            [
              30.645967362851387,
              32.1266143826663
            ],
            [
              30.64578769979456,
              32.1266143826663
            ],
            [
              30.64578769979456,
              32.126524551137884
            ],
            [
              30.64569786826615,
              32.126524551137884
            ],
            [
              30.64569786826615,
              32.12643471960947
            ],
            [
              30.645608036737737,
              32.12643471960947
            ],
            [
              30.645608036737737,
              32.126344888081064
            ],
            [
              30.645518205209328,
              32.126344888081064
            ],
            [
              30.645518205209328,
              32.12616522502424
            ],
            [
              30.645428373680915,
              32.12616522502424
            ],
            [
              30.645428373680915,
              32.126075393495825
            ],
            [
              30.6453385421525,
              32.126075393495825
            ],
            [
              30.6453385421525,
              32.125895730439005
            ],
            [
              30.64524871062409,
              32.125895730439005
            ],
            [
              30.64524871062409,
              32.12553640432535
            ],
            [
              30.64515887909568,
              32.12553640432535
            ],
            [
              30.64515887909568,
              32.12544657279694
            ],
            [
              30.645069047567265,
              32.12544657279694
            ],
            [
              30.645069047567265,
              32.12535674126853
            ],
            [
              30.644979216038855,
              32.12535674126853
            ],
            [
              30.644979216038855,
              32.125177078211706
            ],
            [
              30.644889384510442,
              32.125177078211706
            ],
            [
              30.644889384510442,
              32.12508724668329
            ],
            [
              30.64479955298203,
              32.12508724668329
            ],
            [
              30.64479955298203,
              32.124907583626474
            ],
            [
              30.64470972145362,
              32.124907583626474
            ],
            [
              30.64470972145362,
              32.12481775209806
            ],
            [
              30.644619889925206,
              32.12481775209806
            ],
            [
              30.644619889925206,
              32.12472792056965
            ],
            [
              30.644530058396796,
              32.12472792056965
            ],
            [
              30.644530058396796,
              32.12454825751282
            ],
            [
              30.644440226868383,
              32.12454825751282
            ],
            [
              30.644440226868383,
              32.124368594456
            ],
            [
              30.64435039533997,
              32.124368594456
            ],
            [
              30.64435039533997,
              32.12427876292759
            ],
            [
              30.64426056381156,
              32.12427876292759
            ],
            [
              30.64426056381156,
              32.12409909987076
            ],
            [
              30.644170732283147,
              32.12409909987076
            ],
            [
              30.644170732283147,
              32.12391943681394
            ],
            [
              30.644080900754734,
              32.12391943681394
            ],
            [
              30.644080900754734,
              32.123739773757116
            ],
            [
              30.64390123769791,
              32.123739773757116
            ],
            [
              30.64390123769791,
              32.1236499422287
            ],
            [
              30.643721574641088,
              32.1236499422287
            ],
            [
              30.643721574641088,
              32.12356011070029
            ],
            [
              30.643631743112675,
              32.12356011070029
            ],
            [
              30.643631743112675,
              32.123470279171876
            ],
            [
              30.64345208005585,
              32.123470279171876
            ],
            [
              30.64345208005585,
              32.12329061611506
            ],
            [
              30.64327241699903,
              32.12329061611506
            ],
            [
              30.64327241699903,
              32.12311095305823
            ],
            [
              30.643182585470615,
              32.12311095305823
            ],
            [
              30.643182585470615,
              32.12302112152982
            ],
            [
              30.643092753942202,
              32.12302112152982
            ],
            [
              30.643092753942202,
              32.122931290001404
            ],
            [
              30.64291309088538,
              32.122931290001404
            ],
            [
              30.64291309088538,
              32.122841458473
            ],
            [
              30.642823259356966,
              32.122841458473
            ],
            [
              30.642823259356966,
              32.122751626944584
            ],
            [
              30.642733427828556,
              32.122751626944584
            ],
            [
              30.642733427828556,
              32.12257196388776
            ],
            [
              30.64246393324332,
              32.12257196388776
            ],
            [
              30.64246393324332,
              32.122482132359345
            ],
            [
              30.642374101714907,
              32.122482132359345
            ],
            [
              30.642374101714907,
              32.12239230083094
            ],
            [
              30.642284270186497,
              32.12239230083094
            ],
            [
              30.642284270186497,
              32.122302469302525
            ],
            [
              30.642194438658084,
              32.122302469302525
            ],
            [
              30.642194438658084,
              32.12239230083094
            ],
            [
              30.64210460712967,
              32.12239230083094
            ],
            [
              30.64210460712967,
              32.122302469302525
            ],
            [
              30.64201477560126,
              32.122302469302525
            ],
            [
              30.64201477560126,
              32.12221263777411
            ],
            [
              30.641745281016025,
              32.12221263777411
            ],
            [
              30.641745281016025,
              32.1221228062457
            ],
            [
              30.641565617959202,
              32.1221228062457
            ],
            [
              30.641565617959202,
              32.122032974717285
            ],
            [
              30.641385954902375,
              32.122032974717285
            ],
            [
              30.641385954902375,
              32.12194314318887
            ],
            [
              30.641296123373966,
              32.12194314318887
            ],
            [
              30.641296123373966,
              32.121853311660466
            ],
            [
              30.64111646031714,
              32.121853311660466
            ],
            [
              30.64111646031714,
              32.12176348013205
            ],
            [
              30.64102662878873,
              32.12176348013205
            ],
            [
              30.64102662878873,
              32.12167364860364
            ],
            [
              30.640936797260316,
              32.12167364860364
            ],
            [
              30.640936797260316,
              32.12149398554681
            ],
            [
              30.640846965731903,
              32.12149398554681
            ],
            [
              30.640846965731903,
              32.121314322489994
            ],
            [
              30.640757134203493,
              32.121314322489994
            ],
            [
              30.640757134203493,
              32.121044827904754
            ],
            [
              30.64066730267508,
              32.121044827904754
            ],
            [
              30.64066730267508,
              32.120865164847935
            ],
            [
              30.64057747114667,
              32.120865164847935
            ],
            [
              30.64057747114667,
              32.12068550179111
            ],
            [
              30.640487639618257,
              32.12068550179111
            ],
            [
              30.640487639618257,
              32.120595670262695
            ],
            [
              30.640397808089844,
              32.120595670262695
            ],
            [
              30.640397808089844,
              32.12050583873428
            ],
            [
              30.640307976561434,
              32.12050583873428
            ],
            [
              30.640307976561434,
              32.12023634414905
            ],
            [
              30.64021814503302,
              32.12023634414905
            ],
            [
              30.64021814503302,
              32.12005668109222
            ],
            [
              30.640038481976198,
              32.12005668109222
            ],
            [
              30.640038481976198,
              32.1198770180354
            ],
            [
              30.639948650447785,
              32.1198770180354
            ],
            [
              30.639948650447785,
              32.11978718650699
            ],
            [
              30.63985881891937,
              32.11978718650699
            ],
            [
              30.63985881891937,
              32.11960752345016
            ],
            [
              30.639768987390962,
              32.11960752345016
            ],
            [
              30.639768987390962,
              32.119427860393344
            ],
            [
              30.63967915586255,
              32.119427860393344
            ],
            [
              30.63967915586255,
              32.11933802886493
            ],
            [
              30.63958932433414,
              32.11933802886493
            ],
            [
              30.63958932433414,
              32.11924819733652
            ],
            [
              30.639499492805726,
              32.11924819733652
            ],
            [
              30.639499492805726,
              32.11897870275128
            ],
            [
              30.639319829748903,
              32.11897870275128
            ],
            [
              30.639319829748903,
              32.11879903969446
            ],
            [
              30.63922999822049,
              32.11879903969446
            ],
            [
              30.63922999822049,
              32.118709208166045
            ],
            [
              30.639140166692076,
              32.118709208166045
            ],
            [
              30.639140166692076,
              32.11861937663763
            ],
            [
              30.638960503635253,
              32.11861937663763
            ],
            [
              30.638960503635253,
              32.11852954510922
            ],
            [
              30.63878084057843,
              32.11852954510922
            ],
            [
              30.63878084057843,
              32.11843971358081
            ],
            [
              30.638691009050017,
              32.11843971358081
            ],
            [
              30.638691009050017,
              32.1183498820524
            ],
            [
              30.63842151446478,
              32.1183498820524
            ],
            [
              30.63842151446478,
              32.118260050523986
            ],
            [
              30.63833168293637,
              32.118260050523986
            ],
            [
              30.63833168293637,
              32.11808038746716
            ],
            [
              30.638152019879545,
              32.11808038746716
            ],
            [
              30.638152019879545,
              32.117990555938746
            ],
            [
              30.638062188351135,
              32.117990555938746
            ],
            [
              30.638062188351135,
              32.11790072441034
            ],
            [
              30.63788252529431,
              32.11790072441034
            ],
            [
              30.63788252529431,
              32.11781089288193
            ],
            [
              30.6377926937659,
              32.11781089288193
            ],
            [
              30.6377926937659,
              32.117721061353514
            ],
            [
              30.637702862237486,
              32.117721061353514
            ],
            [
              30.637702862237486,
              32.11754139829669
            ],
            [
              30.637613030709076,
              32.11754139829669
            ],
            [
              30.637613030709076,
              32.11745156676828
            ],
            [
              30.637523199180663,
              32.11745156676828
            ],
            [
              30.637523199180663,
              32.117271903711455
            ],
            [
              30.63743336765225,
              32.117271903711455
            ],
            [
              30.63743336765225,
              32.11691257759781
            ],
            [
              30.63734353612384,
              32.11691257759781
            ],
            [
              30.63734353612384,
              32.11664308301257
            ],
            [
              30.637253704595427,
              32.11664308301257
            ],
            [
              30.637253704595427,
              32.116553251484156
            ],
            [
              30.637163873067013,
              32.116553251484156
            ],
            [
              30.637163873067013,
              32.11637358842734
            ],
            [
              30.637074041538604,
              32.11637358842734
            ],
            [
              30.637074041538604,
              32.11628375689892
            ],
            [
              30.63698421001019,
              32.11628375689892
            ],
            [
              30.63698421001019,
              32.1161040938421
            ],
            [
              30.636894378481777,
              32.1161040938421
            ],
            [
              30.636894378481777,
              32.11601426231368
            ],
            [
              30.636804546953368,
              32.11601426231368
            ],
            [
              30.636804546953368,
              32.11592443078528
            ],
            [
              30.636714715424954,
              32.11592443078528
            ],
            [
              30.636714715424954,
              32.115834599256864
            ],
            [
              30.636624883896545,
              32.115834599256864
            ],
            [
              30.636624883896545,
              32.11565493620004
            ],
            [
              30.63653505236813,
              32.11565493620004
            ],
            [
              30.63653505236813,
              32.115565104671624
            ],
            [
              30.636445220839718,
              32.115565104671624
            ],
            [
              30.636445220839718,
              32.11547527314322
            ],
            [
              30.63635538931131,
              32.11547527314322
            ],
            [
              30.63635538931131,
              32.115385441614805
            ],
            [
              30.636265557782895,
              32.115385441614805
            ],
            [
              30.636265557782895,
              32.11529561008639
            ],
            [
              30.636175726254482,
              32.11529561008639
            ],
            [
              30.636175726254482,
              32.11520577855798
            ],
            [
              30.636085894726072,
              32.11520577855798
            ],
            [
              30.636085894726072,
              32.115115947029565
            ],
            [
              30.635906231669246,
              32.115115947029565
            ],
            [
              30.635906231669246,
              32.114936283972746
            ],
            [
              30.635726568612423,
              32.114936283972746
            ],
            [
              30.635726568612423,
              32.11484645244433
            ],
            [
              30.635636737084013,
              32.11484645244433
            ],
            [
              30.635636737084013,
              32.11475662091592
            ],
            [
              30.6355469055556,
              32.11475662091592
            ],
            [
              30.6355469055556,
              32.114666789387506
            ],
            [
              30.635367242498777,
              32.114666789387506
            ],
            [
              30.635367242498777,
              32.11457695785909
            ],
            [
              30.63518757944195,
              32.11457695785909
            ],
            [
              30.63518757944195,
              32.11448712633069
            ],
            [
              30.63509774791354,
              32.11448712633069
            ],
            [
              30.63509774791354,
              32.114397294802274
            ],
            [
              30.634918084856714,
              32.114397294802274
            ],
            [
              30.634918084856714,
              32.11430746327386
            ],
            [
              30.63473842179989,
              32.11430746327386
            ],
            [
              30.63473842179989,
              32.11421763174545
            ],
            [
              30.634648590271482,
              32.11421763174545
            ],
            [
              30.634648590271482,
              32.114127800217034
            ],
            [
              30.634468927214655,
              32.114127800217034
            ],
            [
              30.634468927214655,
              32.11403796868862
            ],
            [
              30.634289264157832,
              32.11403796868862
            ],
            [
              30.634289264157832,
              32.113948137160214
            ],
            [
              30.63410960110101,
              32.113948137160214
            ],
            [
              30.63410960110101,
              32.1138583056318
            ],
            [
              30.634019769572596,
              32.1138583056318
            ],
            [
              30.634019769572596,
              32.11376847410339
            ],
            [
              30.633840106515773,
              32.11376847410339
            ],
            [
              30.633840106515773,
              32.113678642574975
            ],
            [
              30.63375027498736,
              32.113678642574975
            ],
            [
              30.63375027498736,
              32.113498979518155
            ],
            [
              30.63366044345895,
              32.113498979518155
            ],
            [
              30.63366044345895,
              32.11340914798974
            ],
            [
              30.633480780402124,
              32.11340914798974
            ],
            [
              30.633480780402124,
              32.11331931646133
            ],
            [
              30.633390948873714,
              32.11331931646133
            ],
            [
              30.633390948873714,
              32.113229484932916
            ],
            [
              30.633211285816888,
              32.113229484932916
            ],
            [
              30.633211285816888,
              32.1131396534045
            ],
            [
              30.633031622760065,
              32.1131396534045
            ],
            [
              30.633031622760065,
              32.11304982187609
            ],
            [
              30.63294179123165,
              32.11304982187609
            ],
            [
              30.63294179123165,
              32.11295999034768
            ],
            [
              30.63276212817483,
              32.11295999034768
            ],
            [
              30.63276212817483,
              32.11287015881927
            ],
            [
              30.632672296646415,
              32.11287015881927
            ],
            [
              30.632672296646415,
              32.11278032729086
            ],
            [
              30.632582465118006,
              32.11278032729086
            ],
            [
              30.632582465118006,
              32.11269049576244
            ],
            [
              30.632492633589592,
              32.11269049576244
            ],
            [
              30.632492633589592,
              32.11260066423403
            ],
            [
              30.632402802061183,
              32.11260066423403
            ],
            [
              30.632402802061183,
              32.112510832705624
            ],
            [
              30.63231297053277,
              32.112510832705624
            ],
            [
              30.63231297053277,
              32.11242100117721
            ],
            [
              30.632223139004356,
              32.11242100117721
            ],
            [
              30.632223139004356,
              32.1123311696488
            ],
            [
              30.632133307475947,
              32.1123311696488
            ],
            [
              30.632133307475947,
              32.112241338120384
            ],
            [
              30.63195364441912,
              32.112241338120384
            ],
            [
              30.63195364441912,
              32.11215150659197
            ],
            [
              30.63186381289071,
              32.11215150659197
            ],
            [
              30.63186381289071,
              32.11206167506356
            ],
            [
              30.631773981362297,
              32.11206167506356
            ],
            [
              30.631773981362297,
              32.11197184353515
            ],
            [
              30.631684149833884,
              32.11197184353515
            ],
            [
              30.631684149833884,
              32.11188201200674
            ],
            [
              30.631594318305474,
              32.11188201200674
            ],
            [
              30.631594318305474,
              32.11170234894991
            ],
            [
              30.63150448677706,
              32.11170234894991
            ],
            [
              30.63150448677706,
              32.11152268589309
            ],
            [
              30.631324823720238,
              32.11152268589309
            ],
            [
              30.631324823720238,
              32.111343022836266
            ],
            [
              30.631145160663415,
              32.111343022836266
            ],
            [
              30.631145160663415,
              32.11116335977944
            ],
            [
              30.631055329135002,
              32.11116335977944
            ],
            [
              30.631055329135002,
              32.11098369672262
            ],
            [
              30.63096549760659,
              32.11098369672262
            ],
            [
              30.63096549760659,
              32.11089386519421
            ],
            [
              30.63087566607818,
              32.11089386519421
            ],
            [
              30.63087566607818,
              32.11062437060897
            ],
            [
              30.630785834549766,
              32.11062437060897
            ],
            [
              30.630785834549766,
              32.110354876023735
            ],
            [
              30.630696003021352,
              32.110354876023735
            ],
            [
              30.630696003021352,
              32.11026504449532
            ],
            [
              30.630606171492943,
              32.11026504449532
            ],
            [
              30.630606171492943,
              32.11017521296691
            ],
            [
              30.63051633996453,
              32.11017521296691
            ],
            [
              30.63051633996453,
              32.10999554991009
            ],
            [
              30.63042650843612,
              32.10999554991009
            ],
            [
              30.63042650843612,
              32.109905718381675
            ],
            [
              30.630336676907707,
              32.109905718381675
            ],
            [
              30.630336676907707,
              32.10981588685326
            ],
            [
              30.630246845379293,
              32.10981588685326
            ],
            [
              30.630246845379293,
              32.10972605532485
            ],
            [
              30.630157013850884,
              32.10972605532485
            ],
            [
              30.630157013850884,
              32.109636223796436
            ],
            [
              30.63006718232247,
              32.109636223796436
            ],
            [
              30.63006718232247,
              32.10954639226803
            ],
            [
              30.629977350794057,
              32.10954639226803
            ],
            [
              30.629977350794057,
              32.109456560739616
            ],
            [
              30.629887519265647,
              32.109456560739616
            ],
            [
              30.629887519265647,
              32.1093667292112
            ],
            [
              30.629797687737234,
              32.1093667292112
            ],
            [
              30.629797687737234,
              32.10927689768279
            ],
            [
              30.62970785620882,
              32.10927689768279
            ],
            [
              30.62970785620882,
              32.10918706615438
            ],
            [
              30.62961802468041,
              32.10918706615438
            ],
            [
              30.62961802468041,
              32.10909723462596
            ],
            [
              30.629528193151998,
              32.10909723462596
            ],
            [
              30.629528193151998,
              32.10900740309756
            ],
            [
              30.62943836162359,
              32.10900740309756
            ],
            [
              30.62943836162359,
              32.10882774004073
            ],
            [
              30.629348530095175,
              32.10882774004073
            ],
            [
              30.629348530095175,
              32.108648076983904
            ],
            [
              30.62907903550994,
              32.108648076983904
            ],
            [
              30.62907903550994,
              32.1085582454555
            ],
            [
              30.628989203981526,
              32.1085582454555
            ],
            [
              30.628989203981526,
              32.108468413927085
            ],
            [
              30.628809540924703,
              32.108468413927085
            ],
            [
              30.628809540924703,
              32.10837858239867
            ],
            [
              30.62871970939629,
              32.10837858239867
            ],
            [
              30.62871970939629,
              32.10828875087026
            ],
            [
              30.628540046339467,
              32.10828875087026
            ],
            [
              30.628540046339467,
              32.108198919341845
            ],
            [
              30.628360383282644,
              32.108198919341845
            ],
            [
              30.628360383282644,
              32.10810908781343
            ],
            [
              30.62827055175423,
              32.10810908781343
            ],
            [
              30.62827055175423,
              32.108019256285026
            ],
            [
              30.628090888697407,
              32.108019256285026
            ],
            [
              30.628090888697407,
              32.10792942475661
            ],
            [
              30.628001057168994,
              32.10792942475661
            ],
            [
              30.628001057168994,
              32.107749761699786
            ],
            [
              30.627911225640585,
              32.107749761699786
            ],
            [
              30.627911225640585,
              32.10765993017137
            ],
            [
              30.62782139411217,
              32.10765993017137
            ],
            [
              30.62782139411217,
              32.10757009864297
            ],
            [
              30.62764173105535,
              32.10757009864297
            ],
            [
              30.62764173105535,
              32.10739043558614
            ],
            [
              30.627551899526935,
              32.10739043558614
            ],
            [
              30.627551899526935,
              32.107210772529314
            ],
            [
              30.6272824049417,
              32.107210772529314
            ],
            [
              30.6272824049417,
              32.107031109472494
            ],
            [
              30.627102741884876,
              32.107031109472494
            ],
            [
              30.627102741884876,
              32.10694127794408
            ],
            [
              30.627012910356463,
              32.10694127794408
            ],
            [
              30.627012910356463,
              32.10685144641567
            ],
            [
              30.626923078828053,
              32.10685144641567
            ],
            [
              30.626923078828053,
              32.106761614887255
            ],
            [
              30.62683324729964,
              32.106761614887255
            ],
            [
              30.62683324729964,
              32.10667178335884
            ],
            [
              30.626743415771227,
              32.10667178335884
            ],
            [
              30.626743415771227,
              32.106581951830435
            ],
            [
              30.626653584242817,
              32.106581951830435
            ],
            [
              30.626653584242817,
              32.10649212030202
            ],
            [
              30.626563752714404,
              32.10649212030202
            ],
            [
              30.626563752714404,
              32.106312457245195
            ],
            [
              30.626473921185994,
              32.106312457245195
            ],
            [
              30.626473921185994,
              32.10622262571678
            ],
            [
              30.62638408965758,
              32.10622262571678
            ],
            [
              30.62638408965758,
              32.10604296265996
            ],
            [
              30.626294258129168,
              32.10604296265996
            ],
            [
              30.626294258129168,
              32.10595313113155
            ],
            [
              30.626204426600758,
              32.10595313113155
            ],
            [
              30.626204426600758,
              32.105863299603136
            ],
            [
              30.626114595072345,
              32.105863299603136
            ],
            [
              30.626114595072345,
              32.10568363654631
            ],
            [
              30.62602476354393,
              32.10568363654631
            ],
            [
              30.62602476354393,
              32.105593805017904
            ],
            [
              30.62593493201552,
              32.105593805017904
            ],
            [
              30.62593493201552,
              32.10550397348949
            ],
            [
              30.62584510048711,
              32.10550397348949
            ],
            [
              30.62584510048711,
              32.10523447890425
            ],
            [
              30.625755268958695,
              32.10523447890425
            ],
            [
              30.625755268958695,
              32.10505481584743
            ],
            [
              30.625665437430285,
              32.10505481584743
            ],
            [
              30.625665437430285,
              32.10496498431902
            ],
            [
              30.625575605901872,
              32.10496498431902
            ],
            [
              30.625575605901872,
              32.104875152790605
            ],
            [
              30.625485774373463,
              32.104875152790605
            ],
            [
              30.625485774373463,
              32.10469548973378
            ],
            [
              30.62539594284505,
              32.10469548973378
            ],
            [
              30.62539594284505,
              32.10460565820537
            ],
            [
              30.625306111316636,
              32.10460565820537
            ],
            [
              30.625306111316636,
              32.10451582667696
            ],
            [
              30.625126448259813,
              32.10451582667696
            ],
            [
              30.625126448259813,
              32.10837858239867
            ],
            [
              30.625306111316636,
              32.10837858239867
            ],
            [
              30.625306111316636,
              32.108468413927085
            ],
            [
              30.625126448259813,
              32.108468413927085
            ],
            [
              30.625126448259813,
              32.1085582454555
            ],
            [
              30.62539594284505,
              32.1085582454555
            ],
            [
              30.62539594284505,
              32.108468413927085
            ],
            [
              30.625485774373463,
              32.108468413927085
            ],
            [
              30.625485774373463,
              32.1085582454555
            ],
            [
              30.625755268958695,
              32.1085582454555
            ],
            [
              30.625755268958695,
              32.108648076983904
            ],
            [
              30.62584510048711,
              32.108648076983904
            ],
            [
              30.62584510048711,
              32.10873790851232
            ],
            [
              30.625755268958695,
              32.10873790851232
            ],
            [
              30.625755268958695,
              32.10882774004073
            ],
            [
              30.625575605901872,
              32.10882774004073
            ],
            [
              30.625575605901872,
              32.10900740309756
            ],
            [
              30.625485774373463,
              32.10900740309756
            ],
            [
              30.625485774373463,
              32.10909723462596
            ],
            [
              30.625306111316636,
              32.10909723462596
            ],
            [
              30.625306111316636,
              32.10918706615438
            ],
            [
              30.625126448259813,
              32.10918706615438
            ],
            [
              30.625126448259813,
              32.10927689768279
            ],
            [
              30.625306111316636,
              32.10927689768279
            ],
            [
              30.625306111316636,
              32.1093667292112
            ],
            [
              30.625126448259813,
              32.1093667292112
            ],
            [
              30.625126448259813,
              32.109456560739616
            ],
            [
              30.625306111316636,
              32.109456560739616
            ],
            [
              30.625306111316636,
              32.10954639226803
            ],
            [
              30.625126448259813,
              32.10954639226803
            ],
            [
              30.625126448259813,
              32.109636223796436
            ],
            [
              30.625306111316636,
              32.109636223796436
            ],
            [
              30.625306111316636,
              32.10972605532485
            ],
            [
              30.625126448259813,
              32.10972605532485
            ],
            [
              30.625126448259813,
              32.10981588685326
            ],
            [
              30.625306111316636,
              32.10981588685326
            ],
            [
              30.625306111316636,
              32.109905718381675
            ],
            [
              30.62539594284505,
              32.109905718381675
            ],
            [
              30.62539594284505,
              32.10981588685326
            ],
            [
              30.625485774373463,
              32.10981588685326
            ],
            [
              30.625485774373463,
              32.10999554991009
            ],
            [
              30.625755268958695,
              32.10999554991009
            ],
            [
              30.625755268958695,
              32.110085381438495
            ],
            [
              30.62584510048711,
              32.110085381438495
            ],
            [
              30.62584510048711,
              32.10999554991009
            ],
            [
              30.626114595072345,
              32.10999554991009
            ],
            [
              30.626114595072345,
              32.109905718381675
            ],
            [
              30.626294258129168,
              32.109905718381675
            ],
            [
              30.626294258129168,
              32.10981588685326
            ],
            [
              30.626563752714404,
              32.10981588685326
            ],
            [
              30.626563752714404,
              32.10972605532485
            ],
            [
              30.626653584242817,
              32.10972605532485
            ],
            [
              30.626653584242817,
              32.10981588685326
            ],
            [
              30.626923078828053,
              32.10981588685326
            ],
            [
              30.626923078828053,
              32.109905718381675
            ],
            [
              30.627012910356463,
              32.109905718381675
            ],
            [
              30.627012910356463,
              32.10999554991009
            ],
            [
              30.62719257341329,
              32.10999554991009
            ],
            [
              30.62719257341329,
              32.110085381438495
            ],
            [
              30.6272824049417,
              32.110085381438495
            ],
            [
              30.6272824049417,
              32.11017521296691
            ],
            [
              30.627551899526935,
              32.11017521296691
            ],
            [
              30.627551899526935,
              32.11026504449532
            ],
            [
              30.62764173105535,
              32.11026504449532
            ],
            [
              30.62764173105535,
              32.110354876023735
            ],
            [
              30.627731562583758,
              32.110354876023735
            ],
            [
              30.627731562583758,
              32.11044470755215
            ],
            [
              30.62782139411217,
              32.11044470755215
            ],
            [
              30.62782139411217,
              32.11053453908056
            ],
            [
              30.627911225640585,
              32.11053453908056
            ],
            [
              30.627911225640585,
              32.11062437060897
            ],
            [
              30.628001057168994,
              32.11062437060897
            ],
            [
              30.628001057168994,
              32.11071420213738
            ],
            [
              30.628090888697407,
              32.11071420213738
            ],
            [
              30.628090888697407,
              32.11089386519421
            ],
            [
              30.62827055175423,
              32.11089386519421
            ],
            [
              30.62827055175423,
              32.11098369672262
            ],
            [
              30.628360383282644,
              32.11098369672262
            ],
            [
              30.628360383282644,
              32.111073528251026
            ],
            [
              30.628540046339467,
              32.111073528251026
            ],
            [
              30.628540046339467,
              32.11125319130785
            ],
            [
              30.62862987786788,
              32.11125319130785
            ],
            [
              30.62862987786788,
              32.11206167506356
            ],
            [
              30.62871970939629,
              32.11206167506356
            ],
            [
              30.62871970939629,
              32.1123311696488
            ],
            [
              30.628899372453116,
              32.1123311696488
            ],
            [
              30.628899372453116,
              32.112510832705624
            ],
            [
              30.628989203981526,
              32.112510832705624
            ],
            [
              30.628989203981526,
              32.11260066423403
            ],
            [
              30.62907903550994,
              32.11260066423403
            ],
            [
              30.62907903550994,
              32.11287015881927
            ],
            [
              30.629168867038352,
              32.11287015881927
            ],
            [
              30.629168867038352,
              32.11304982187609
            ],
            [
              30.629258698566762,
              32.11304982187609
            ],
            [
              30.629258698566762,
              32.113498979518155
            ],
            [
              30.629168867038352,
              32.113498979518155
            ],
            [
              30.629168867038352,
              32.11358881104656
            ],
            [
              30.629258698566762,
              32.11358881104656
            ],
            [
              30.629258698566762,
              32.113948137160214
            ],
            [
              30.629348530095175,
              32.113948137160214
            ],
            [
              30.629348530095175,
              32.114127800217034
            ],
            [
              30.62970785620882,
              32.114127800217034
            ],
            [
              30.62970785620882,
              32.11403796868862
            ],
            [
              30.629797687737234,
              32.11403796868862
            ],
            [
              30.629797687737234,
              32.113948137160214
            ],
            [
              30.629887519265647,
              32.113948137160214
            ],
            [
              30.629887519265647,
              32.1138583056318
            ],
            [
              30.629977350794057,
              32.1138583056318
            ],
            [
              30.629977350794057,
              32.11376847410339
            ],
            [
              30.63006718232247,
              32.11376847410339
            ],
            [
              30.63006718232247,
              32.113678642574975
            ],
            [
              30.630157013850884,
              32.113678642574975
            ],
            [
              30.630157013850884,
              32.11358881104656
            ],
            [
              30.630336676907707,
              32.11358881104656
            ],
            [
              30.630336676907707,
              32.113498979518155
            ],
            [
              30.630696003021352,
              32.113498979518155
            ],
            [
              30.630696003021352,
              32.11358881104656
            ],
            [
              30.630785834549766,
              32.11358881104656
            ],
            [
              30.630785834549766,
              32.113678642574975
            ],
            [
              30.63087566607818,
              32.113678642574975
            ],
            [
              30.63087566607818,
              32.1138583056318
            ],
            [
              30.63096549760659,
              32.1138583056318
            ],
            [
              30.63096549760659,
              32.114127800217034
            ],
            [
              30.63087566607818,
              32.114127800217034
            ],
            [
              30.63087566607818,
              32.11421763174545
            ],
            [
              30.63096549760659,
              32.11421763174545
            ],
            [
              30.63096549760659,
              32.114666789387506
            ],
            [
              30.631055329135002,
              32.114666789387506
            ],
            [
              30.631055329135002,
              32.11484645244433
            ],
            [
              30.631145160663415,
              32.11484645244433
            ],
            [
              30.631145160663415,
              32.11502611550115
            ],
            [
              30.631234992191825,
              32.11502611550115
            ],
            [
              30.631234992191825,
              32.11520577855798
            ],
            [
              30.63141465524865,
              32.11520577855798
            ],
            [
              30.63141465524865,
              32.115385441614805
            ],
            [
              30.631594318305474,
              32.115385441614805
            ],
            [
              30.631594318305474,
              32.11547527314322
            ],
            [
              30.631684149833884,
              32.11547527314322
            ],
            [
              30.631684149833884,
              32.115565104671624
            ],
            [
              30.631773981362297,
              32.115565104671624
            ],
            [
              30.631773981362297,
              32.11565493620004
            ],
            [
              30.63186381289071,
              32.11565493620004
            ],
            [
              30.63186381289071,
              32.115565104671624
            ],
            [
              30.63195364441912,
              32.115565104671624
            ],
            [
              30.63195364441912,
              32.11565493620004
            ],
            [
              30.632043475947533,
              32.11565493620004
            ],
            [
              30.632043475947533,
              32.115565104671624
            ],
            [
              30.632133307475947,
              32.115565104671624
            ],
            [
              30.632133307475947,
              32.11565493620004
            ],
            [
              30.632223139004356,
              32.11565493620004
            ],
            [
              30.632223139004356,
              32.115565104671624
            ],
            [
              30.63231297053277,
              32.115565104671624
            ],
            [
              30.63231297053277,
              32.11565493620004
            ],
            [
              30.632672296646415,
              32.11565493620004
            ],
            [
              30.632672296646415,
              32.11574476772845
            ],
            [
              30.632851959703242,
              32.11574476772845
            ],
            [
              30.632851959703242,
              32.115834599256864
            ],
            [
              30.63294179123165,
              32.115834599256864
            ],
            [
              30.63294179123165,
              32.11601426231368
            ],
            [
              30.633031622760065,
              32.11601426231368
            ],
            [
              30.633031622760065,
              32.1161040938421
            ],
            [
              30.63294179123165,
              32.1161040938421
            ],
            [
              30.63294179123165,
              32.11619392537051
            ],
            [
              30.633031622760065,
              32.11619392537051
            ],
            [
              30.633031622760065,
              32.11673291454098
            ],
            [
              30.633121454288478,
              32.11673291454098
            ],
            [
              30.633121454288478,
              32.116822746069396
            ],
            [
              30.633211285816888,
              32.116822746069396
            ],
            [
              30.633211285816888,
              32.11718207218304
            ],
            [
              30.6333011173453,
              32.11718207218304
            ],
            [
              30.6333011173453,
              32.11843971358081
            ],
            [
              30.633390948873714,
              32.11843971358081
            ],
            [
              30.633390948873714,
              32.11861937663763
            ],
            [
              30.633480780402124,
              32.11861937663763
            ],
            [
              30.633480780402124,
              32.118709208166045
            ],
            [
              30.63366044345895,
              32.118709208166045
            ],
            [
              30.63366044345895,
              32.11879903969446
            ],
            [
              30.63375027498736,
              32.11879903969446
            ],
            [
              30.63375027498736,
              32.11888887122287
            ],
            [
              30.633840106515773,
              32.11888887122287
            ],
            [
              30.633840106515773,
              32.11897870275128
            ],
            [
              30.633929938044183,
              32.11897870275128
            ],
            [
              30.633929938044183,
              32.119158365808104
            ],
            [
              30.63410960110101,
              32.119158365808104
            ],
            [
              30.63410960110101,
              32.11924819733652
            ],
            [
              30.634019769572596,
              32.11924819733652
            ],
            [
              30.634019769572596,
              32.11933802886493
            ],
            [
              30.63410960110101,
              32.11933802886493
            ],
            [
              30.63410960110101,
              32.11969735497858
            ],
            [
              30.634289264157832,
              32.11969735497858
            ],
            [
              30.634289264157832,
              32.11978718650699
            ],
            [
              30.63419943262942,
              32.11978718650699
            ],
            [
              30.63419943262942,
              32.1198770180354
            ],
            [
              30.634289264157832,
              32.1198770180354
            ],
            [
              30.634289264157832,
              32.11996684956381
            ],
            [
              30.634379095686246,
              32.11996684956381
            ],
            [
              30.634379095686246,
              32.12005668109222
            ],
            [
              30.634468927214655,
              32.12005668109222
            ],
            [
              30.634468927214655,
              32.120146512620636
            ],
            [
              30.63455875874307,
              32.120146512620636
            ],
            [
              30.63455875874307,
              32.12023634414905
            ],
            [
              30.63473842179989,
              32.12023634414905
            ],
            [
              30.63473842179989,
              32.120416007205876
            ],
            [
              30.634828253328305,
              32.120416007205876
            ],
            [
              30.634828253328305,
              32.120595670262695
            ],
            [
              30.635007916385128,
              32.120595670262695
            ],
            [
              30.635007916385128,
              32.12068550179111
            ],
            [
              30.63518757944195,
              32.12068550179111
            ],
            [
              30.63518757944195,
              32.12077533331952
            ],
            [
              30.635726568612423,
              32.12077533331952
            ],
            [
              30.635726568612423,
              32.120865164847935
            ],
            [
              30.636445220839718,
              32.120865164847935
            ],
            [
              30.636445220839718,
              32.12095499637634
            ],
            [
              30.636624883896545,
              32.12095499637634
            ],
            [
              30.636624883896545,
              32.121044827904754
            ],
            [
              30.636714715424954,
              32.121044827904754
            ],
            [
              30.636714715424954,
              32.12095499637634
            ],
            [
              30.636804546953368,
              32.12095499637634
            ],
            [
              30.636804546953368,
              32.121044827904754
            ],
            [
              30.63698421001019,
              32.121044827904754
            ],
            [
              30.63698421001019,
              32.12113465943317
            ],
            [
              30.637074041538604,
              32.12113465943317
            ],
            [
              30.637074041538604,
              32.121314322489994
            ],
            [
              30.637163873067013,
              32.121314322489994
            ],
            [
              30.637163873067013,
              32.12149398554681
            ],
            [
              30.637253704595427,
              32.12149398554681
            ],
            [
              30.637253704595427,
              32.12167364860364
            ],
            [
              30.63734353612384,
              32.12167364860364
            ],
            [
              30.63734353612384,
              32.121853311660466
            ],
            [
              30.63743336765225,
              32.121853311660466
            ],
            [
              30.63743336765225,
              32.122032974717285
            ],
            [
              30.63734353612384,
              32.122032974717285
            ],
            [
              30.63734353612384,
              32.1221228062457
            ],
            [
              30.63743336765225,
              32.1221228062457
            ],
            [
              30.63743336765225,
              32.122302469302525
            ],
            [
              30.637523199180663,
              32.122302469302525
            ],
            [
              30.637523199180663,
              32.12239230083094
            ],
            [
              30.637613030709076,
              32.12239230083094
            ],
            [
              30.637613030709076,
              32.12257196388776
            ],
            [
              30.637702862237486,
              32.12257196388776
            ],
            [
              30.637702862237486,
              32.122841458473
            ],
            [
              30.6377926937659,
              32.122841458473
            ],
            [
              30.6377926937659,
              32.12302112152982
            ],
            [
              30.63788252529431,
              32.12302112152982
            ],
            [
              30.63788252529431,
              32.12329061611506
            ],
            [
              30.637972356822722,
              32.12329061611506
            ],
            [
              30.637972356822722,
              32.12338044764347
            ],
            [
              30.63788252529431,
              32.12338044764347
            ],
            [
              30.63788252529431,
              32.1236499422287
            ],
            [
              30.637972356822722,
              32.1236499422287
            ],
            [
              30.637972356822722,
              32.123739773757116
            ],
            [
              30.63788252529431,
              32.123739773757116
            ],
            [
              30.63788252529431,
              32.12382960528553
            ],
            [
              30.637972356822722,
              32.12382960528553
            ],
            [
              30.637972356822722,
              32.12391943681394
            ],
            [
              30.638062188351135,
              32.12391943681394
            ],
            [
              30.638062188351135,
              32.12400926834235
            ],
            [
              30.638241851407958,
              32.12400926834235
            ],
            [
              30.638241851407958,
              32.12409909987076
            ],
            [
              30.638062188351135,
              32.12409909987076
            ],
            [
              30.638062188351135,
              32.124638089041234
            ],
            [
              30.638152019879545,
              32.124638089041234
            ],
            [
              30.638152019879545,
              32.12472792056965
            ],
            [
              30.638241851407958,
              32.12472792056965
            ],
            [
              30.638241851407958,
              32.124907583626474
            ],
            [
              30.63833168293637,
              32.124907583626474
            ],
            [
              30.63833168293637,
              32.12508724668329
            ],
            [
              30.63842151446478,
              32.12508724668329
            ],
            [
              30.63842151446478,
              32.12526690974012
            ],
            [
              30.638601177521608,
              32.12526690974012
            ],
            [
              30.638601177521608,
              32.12544657279694
            ],
            [
              30.638691009050017,
              32.12544657279694
            ],
            [
              30.638691009050017,
              32.12553640432535
            ],
            [
              30.63878084057843,
              32.12553640432535
            ],
            [
              30.63878084057843,
              32.12580589891059
            ],
            [
              30.639050335163667,
              32.12580589891059
            ],
            [
              30.639050335163667,
              32.125895730439005
            ],
            [
              30.639140166692076,
              32.125895730439005
            ],
            [
              30.639140166692076,
              32.12598556196741
            ],
            [
              30.639319829748903,
              32.12598556196741
            ],
            [
              30.639319829748903,
              32.12580589891059
            ],
            [
              30.639409661277313,
              32.12580589891059
            ],
            [
              30.639409661277313,
              32.125895730439005
            ],
            [
              30.639499492805726,
              32.125895730439005
            ],
            [
              30.639499492805726,
              32.12571606738218
            ],
            [
              30.63967915586255,
              32.12571606738218
            ],
            [
              30.63967915586255,
              32.125626235853765
            ],
            [
              30.63985881891937,
              32.125626235853765
            ],
            [
              30.63985881891937,
              32.12544657279694
            ],
            [
              30.640128313504608,
              32.12544657279694
            ],
            [
              30.640128313504608,
              32.12526690974012
            ],
            [
              30.64021814503302,
              32.12526690974012
            ],
            [
              30.64021814503302,
              32.12535674126853
            ],
            [
              30.640307976561434,
              32.12535674126853
            ],
            [
              30.640307976561434,
              32.12526690974012
            ],
            [
              30.640397808089844,
              32.12526690974012
            ],
            [
              30.640397808089844,
              32.125177078211706
            ],
            [
              30.64057747114667,
              32.125177078211706
            ],
            [
              30.64057747114667,
              32.12508724668329
            ],
            [
              30.64066730267508,
              32.12508724668329
            ],
            [
              30.64066730267508,
              32.12499741515488
            ],
            [
              30.64102662878873,
              32.12499741515488
            ],
            [
              30.64102662878873,
              32.12508724668329
            ],
            [
              30.641206291845553,
              32.12508724668329
            ],
            [
              30.641206291845553,
              32.125177078211706
            ],
            [
              30.641296123373966,
              32.125177078211706
            ],
            [
              30.641296123373966,
              32.12535674126853
            ],
            [
              30.641385954902375,
              32.12535674126853
            ],
            [
              30.641385954902375,
              32.12544657279694
            ],
            [
              30.641565617959202,
              32.12544657279694
            ],
            [
              30.641565617959202,
              32.125626235853765
            ],
            [
              30.64165544948761,
              32.125626235853765
            ],
            [
              30.64165544948761,
              32.12580589891059
            ],
            [
              30.641745281016025,
              32.12580589891059
            ],
            [
              30.641745281016025,
              32.12598556196741
            ],
            [
              30.641924944072848,
              32.12598556196741
            ],
            [
              30.641924944072848,
              32.12616522502424
            ],
            [
              30.64201477560126,
              32.12616522502424
            ],
            [
              30.64201477560126,
              32.12625505655265
            ],
            [
              30.64210460712967,
              32.12625505655265
            ],
            [
              30.64210460712967,
              32.126344888081064
            ],
            [
              30.642374101714907,
              32.126344888081064
            ],
            [
              30.642374101714907,
              32.12643471960947
            ],
            [
              30.64246393324332,
              32.12643471960947
            ],
            [
              30.64246393324332,
              32.126524551137884
            ],
            [
              30.642643596300143,
              32.126524551137884
            ],
            [
              30.642643596300143,
              32.12670421419471
            ],
            [
              30.642733427828556,
              32.12670421419471
            ],
            [
              30.642733427828556,
              32.12679404572312
            ],
            [
              30.642823259356966,
              32.12679404572312
            ],
            [
              30.642823259356966,
              32.127063540308356
            ],
            [
              30.64291309088538,
              32.127063540308356
            ],
            [
              30.64291309088538,
              32.12724320336518
            ],
            [
              30.643002922413793,
              32.12724320336518
            ],
            [
              30.643002922413793,
              32.12787202406407
            ],
            [
              30.643092753942202,
              32.12787202406407
            ],
            [
              30.643092753942202,
              32.127961855592474
            ],
            [
              30.643002922413793,
              32.127961855592474
            ],
            [
              30.643002922413793,
              32.12805168712089
            ],
            [
              30.643092753942202,
              32.12805168712089
            ],
            [
              30.643092753942202,
              32.12832118170613
            ],
            [
              30.643182585470615,
              32.12832118170613
            ],
            [
              30.643182585470615,
              32.12841101323453
            ],
            [
              30.643092753942202,
              32.12841101323453
            ],
            [
              30.643092753942202,
              32.12868050781977
            ],
            [
              30.643182585470615,
              32.12868050781977
            ],
            [
              30.643182585470615,
              32.1288601708766
            ],
            [
              30.64327241699903,
              32.1288601708766
            ],
            [
              30.64327241699903,
              32.12903983393342
            ],
            [
              30.64336224852744,
              32.12903983393342
            ],
            [
              30.64336224852744,
              32.129219496990245
            ],
            [
              30.64345208005585,
              32.129219496990245
            ],
            [
              30.64345208005585,
              32.129399160047065
            ],
            [
              30.643541911584265,
              32.129399160047065
            ],
            [
              30.643541911584265,
              32.12957882310389
            ],
            [
              30.643631743112675,
              32.12957882310389
            ],
            [
              30.643631743112675,
              32.129668654632304
            ],
            [
              30.643811406169498,
              32.129668654632304
            ],
            [
              30.643811406169498,
              32.12984831768913
            ],
            [
              30.64390123769791,
              32.12984831768913
            ],
            [
              30.64390123769791,
              32.12993814921754
            ],
            [
              30.644170732283147,
              32.12993814921754
            ],
            [
              30.644170732283147,
              32.130117812274364
            ],
            [
              30.64426056381156,
              32.130117812274364
            ],
            [
              30.64426056381156,
              32.13020764380278
            ],
            [
              30.644170732283147,
              32.13020764380278
            ],
            [
              30.644170732283147,
              32.130387306859596
            ],
            [
              30.64426056381156,
              32.130387306859596
            ],
            [
              30.64426056381156,
              32.13047713838801
            ],
            [
              30.64435039533997,
              32.13047713838801
            ],
            [
              30.64435039533997,
              32.13056696991642
            ],
            [
              30.64426056381156,
              32.13056696991642
            ],
            [
              30.64426056381156,
              32.130656801444836
            ],
            [
              30.64435039533997,
              32.130656801444836
            ],
            [
              30.64435039533997,
              32.13074663297325
            ],
            [
              30.644440226868383,
              32.13074663297325
            ],
            [
              30.644440226868383,
              32.13083646450166
            ],
            [
              30.644530058396796,
              32.13083646450166
            ],
            [
              30.644530058396796,
              32.13092629603007
            ],
            [
              30.644889384510442,
              32.13092629603007
            ],
            [
              30.644889384510442,
              32.13083646450166
            ],
            [
              30.64515887909568,
              32.13083646450166
            ],
            [
              30.64515887909568,
              32.13074663297325
            ],
            [
              30.645518205209328,
              32.13074663297325
            ],
            [
              30.645518205209328,
              32.130656801444836
            ],
            [
              30.645608036737737,
              32.130656801444836
            ],
            [
              30.645608036737737,
              32.13074663297325
            ],
            [
              30.64569786826615,
              32.13074663297325
            ],
            [
              30.64569786826615,
              32.130656801444836
            ],
            [
              30.64578769979456,
              32.130656801444836
            ],
            [
              30.64578769979456,
              32.13056696991642
            ],
            [
              30.645967362851387,
              32.13056696991642
            ],
            [
              30.645967362851387,
              32.130387306859596
            ],
            [
              30.646057194379797,
              32.130387306859596
            ],
            [
              30.646057194379797,
              32.13029747533119
            ],
            [
              30.646686015078682,
              32.13029747533119
            ],
            [
              30.646686015078682,
              32.130387306859596
            ],
            [
              30.646775846607092,
              32.130387306859596
            ],
            [
              30.646775846607092,
              32.13029747533119
            ],
            [
              30.646865678135505,
              32.13029747533119
            ],
            [
              30.646865678135505,
              32.130387306859596
            ],
            [
              30.64695550966392,
              32.130387306859596
            ],
            [
              30.64695550966392,
              32.13047713838801
            ],
            [
              30.647045341192328,
              32.13047713838801
            ],
            [
              30.647045341192328,
              32.130656801444836
            ],
            [
              30.647225004249155,
              32.130656801444836
            ],
            [
              30.647225004249155,
              32.13083646450166
            ],
            [
              30.647314835777564,
              32.13083646450166
            ],
            [
              30.647314835777564,
              32.13092629603007
            ],
            [
              30.647404667305977,
              32.13092629603007
            ],
            [
              30.647404667305977,
              32.13101612755848
            ],
            [
              30.64749449883439,
              32.13101612755848
            ],
            [
              30.64749449883439,
              32.13119579061531
            ],
            [
              30.647674161891214,
              32.13119579061531
            ],
            [
              30.647674161891214,
              32.13137545367213
            ],
            [
              30.647763993419623,
              32.13137545367213
            ],
            [
              30.647763993419623,
              32.131555116728954
            ],
            [
              30.647853824948037,
              32.131555116728954
            ],
            [
              30.647853824948037,
              32.13164494825737
            ],
            [
              30.648841971760568,
              32.13164494825737
            ],
            [
              30.648841971760568,
              32.1319144428426
            ],
            [
              30.64893180328898,
              32.1319144428426
            ],
            [
              30.64893180328898,
              32.13209410589943
            ],
            [
              30.64902163481739,
              32.13209410589943
            ],
            [
              30.64902163481739,
              32.13227376895625
            ],
            [
              30.649111466345804,
              32.13227376895625
            ],
            [
              30.649111466345804,
              32.13236360048466
            ],
            [
              30.649201297874217,
              32.13236360048466
            ],
            [
              30.649201297874217,
              32.132543263541486
            ],
            [
              30.649291129402627,
              32.132543263541486
            ],
            [
              30.649291129402627,
              32.1326330950699
            ],
            [
              30.649470792459454,
              32.1326330950699
            ],
            [
              30.649470792459454,
              32.132812758126725
            ],
            [
              30.649560623987863,
              32.132812758126725
            ],
            [
              30.649560623987863,
              32.132992421183545
            ],
            [
              30.649650455516277,
              32.132992421183545
            ],
            [
              30.649650455516277,
              32.13317208424037
            ],
            [
              30.6498301185731,
              32.13317208424037
            ],
            [
              30.6498301185731,
              32.133261915768784
            ],
            [
              30.649919950101513,
              32.133261915768784
            ],
            [
              30.649919950101513,
              32.13335174729719
            ],
            [
              30.650009781629922,
              32.13335174729719
            ],
            [
              30.650009781629922,
              32.13353141035402
            ],
            [
              30.65027927621516,
              32.13353141035402
            ],
            [
              30.65027927621516,
              32.13362124188243
            ],
            [
              30.65081826538563,
              32.13362124188243
            ],
            [
              30.65081826538563,
              32.13371107341084
            ],
            [
              30.651087759970867,
              32.13371107341084
            ],
            [
              30.651087759970867,
              32.13380090493926
            ],
            [
              30.65117759149928,
              32.13380090493926
            ],
            [
              30.65117759149928,
              32.13389073646766
            ],
            [
              30.651357254556103,
              32.13389073646766
            ],
            [
              30.651357254556103,
              32.133980567996076
            ],
            [
              30.651447086084517,
              32.133980567996076
            ],
            [
              30.651447086084517,
              32.13407039952449
            ],
            [
              30.651536917612926,
              32.13407039952449
            ],
            [
              30.651536917612926,
              32.134250062581316
            ],
            [
              30.65162674914134,
              32.134250062581316
            ],
            [
              30.65162674914134,
              32.13451955716655
            ],
            [
              30.651716580669753,
              32.13451955716655
            ],
            [
              30.651716580669753,
              32.134699220223375
            ],
            [
              30.651806412198162,
              32.134699220223375
            ],
            [
              30.651806412198162,
              32.13478905175179
            ],
            [
              30.651986075254985,
              32.13478905175179
            ],
            [
              30.651986075254985,
              32.13496871480861
            ],
            [
              30.6520759067834,
              32.13496871480861
            ],
            [
              30.6520759067834,
              32.135148377865434
            ],
            [
              30.652165738311812,
              32.135148377865434
            ],
            [
              30.652165738311812,
              32.13523820939385
            ],
            [
              30.652345401368635,
              32.13523820939385
            ],
            [
              30.652345401368635,
              32.13532804092225
            ],
            [
              30.652435232897048,
              32.13532804092225
            ],
            [
              30.652435232897048,
              32.13541787245067
            ],
            [
              30.652525064425458,
              32.13541787245067
            ],
            [
              30.652525064425458,
              32.13550770397908
            ],
            [
              30.652704727482284,
              32.13550770397908
            ],
            [
              30.652704727482284,
              32.13568736703591
            ],
            [
              30.652794559010694,
              32.13568736703591
            ],
            [
              30.652794559010694,
              32.135867030092726
            ],
            [
              30.652884390539107,
              32.135867030092726
            ],
            [
              30.652884390539107,
              32.13595686162114
            ],
            [
              30.652974222067517,
              32.13595686162114
            ],
            [
              30.652974222067517,
              32.13604669314955
            ],
            [
              30.653153885124343,
              32.13604669314955
            ],
            [
              30.653153885124343,
              32.13622635620638
            ],
            [
              30.653333548181166,
              32.13622635620638
            ],
            [
              30.653333548181166,
              32.1364060192632
            ],
            [
              30.65342337970958,
              32.1364060192632
            ],
            [
              30.65342337970958,
              32.136585682320025
            ],
            [
              30.65351321123799,
              32.136585682320025
            ],
            [
              30.65351321123799,
              32.13694500843367
            ],
            [
              30.653603042766402,
              32.13694500843367
            ],
            [
              30.653603042766402,
              32.137034839962084
            ],
            [
              30.65351321123799,
              32.137034839962084
            ],
            [
              30.65351321123799,
              32.13721450301891
            ],
            [
              30.65342337970958,
              32.13721450301891
            ],
            [
              30.65342337970958,
              32.13739416607573
            ],
            [
              30.653333548181166,
              32.13739416607573
            ],
            [
              30.653333548181166,
              32.137573829132556
            ],
            [
              30.65351321123799,
              32.137573829132556
            ],
            [
              30.65351321123799,
              32.13766366066097
            ],
            [
              30.653333548181166,
              32.13766366066097
            ],
            [
              30.653333548181166,
              32.13775349218938
            ],
            [
              30.653153885124343,
              32.13775349218938
            ],
            [
              30.653153885124343,
              32.138022986774615
            ],
            [
              30.65306405359593,
              32.138022986774615
            ],
            [
              30.65306405359593,
              32.13811281830303
            ],
            [
              30.652974222067517,
              32.13811281830303
            ],
            [
              30.652974222067517,
              32.13820264983144
            ],
            [
              30.65306405359593,
              32.13820264983144
            ],
            [
              30.65306405359593,
              32.13829248135985
            ],
            [
              30.653153885124343,
              32.13829248135985
            ],
            [
              30.653153885124343,
              32.138741639001914
            ],
            [
              30.65342337970958,
              32.138741639001914
            ],
            [
              30.65342337970958,
              32.13883147053032
            ],
            [
              30.65351321123799,
              32.13883147053032
            ],
            [
              30.65351321123799,
              32.13892130205873
            ],
            [
              30.653692874294816,
              32.13892130205873
            ],
            [
              30.653692874294816,
              32.13901113358715
            ],
            [
              30.65387253735164,
              32.13901113358715
            ],
            [
              30.65387253735164,
              32.13910096511556
            ],
            [
              30.65405220040846,
              32.13910096511556
            ],
            [
              30.65405220040846,
              32.13919079664397
            ],
            [
              30.654142031936875,
              32.13919079664397
            ],
            [
              30.654142031936875,
              32.13928062817238
            ],
            [
              30.654231863465284,
              32.13928062817238
            ],
            [
              30.654231863465284,
              32.139460291229206
            ],
            [
              30.654321694993698,
              32.139460291229206
            ],
            [
              30.654321694993698,
              32.13955012275762
            ],
            [
              30.654231863465284,
              32.13955012275762
            ],
            [
              30.654231863465284,
              32.13981961734285
            ],
            [
              30.65441152652211,
              32.13981961734285
            ],
            [
              30.65441152652211,
              32.14008911192809
            ],
            [
              30.65450135805052,
              32.14008911192809
            ],
            [
              30.65450135805052,
              32.13999928039968
            ],
            [
              30.654591189578934,
              32.13999928039968
            ],
            [
              30.654591189578934,
              32.14008911192809
            ],
            [
              30.654681021107347,
              32.14008911192809
            ],
            [
              30.654681021107347,
              32.13999928039968
            ],
            [
              30.65495051569258,
              32.13999928039968
            ],
            [
              30.65495051569258,
              32.14008911192809
            ],
            [
              30.655040347220993,
              32.14008911192809
            ],
            [
              30.655040347220993,
              32.140178943456505
            ],
            [
              30.655130178749406,
              32.140178943456505
            ],
            [
              30.655130178749406,
              32.14008911192809
            ],
            [
              30.655220010277816,
              32.14008911192809
            ],
            [
              30.655220010277816,
              32.13999928039968
            ],
            [
              30.65530984180623,
              32.13999928039968
            ],
            [
              30.65530984180623,
              32.14008911192809
            ],
            [
              30.655399673334642,
              32.14008911192809
            ],
            [
              30.655399673334642,
              32.140178943456505
            ],
            [
              30.655489504863052,
              32.140178943456505
            ],
            [
              30.655489504863052,
              32.14008911192809
            ],
            [
              30.655579336391465,
              32.14008911192809
            ],
            [
              30.655579336391465,
              32.140178943456505
            ],
            [
              30.655758999448288,
              32.140178943456505
            ],
            [
              30.655758999448288,
              32.140358606513324
            ],
            [
              30.656028494033524,
              32.140358606513324
            ],
            [
              30.656028494033524,
              32.14053826957015
            ],
            [
              30.656208157090347,
              32.14053826957015
            ],
            [
              30.656208157090347,
              32.140628101098564
            ],
            [
              30.656028494033524,
              32.140628101098564
            ],
            [
              30.656028494033524,
              32.14080776415538
            ],
            [
              30.656118325561938,
              32.14080776415538
            ],
            [
              30.656118325561938,
              32.14071793262698
            ],
            [
              30.656208157090347,
              32.14071793262698
            ],
            [
              30.656208157090347,
              32.14080776415538
            ],
            [
              30.65629798861876,
              32.14080776415538
            ],
            [
              30.65629798861876,
              32.140897595683796
            ],
            [
              30.656477651675583,
              32.140897595683796
            ],
            [
              30.656477651675583,
              32.14098742721221
            ],
            [
              30.656387820147174,
              32.14098742721221
            ],
            [
              30.656387820147174,
              32.14125692179744
            ],
            [
              30.656567483203997,
              32.14125692179744
            ],
            [
              30.656567483203997,
              32.141346753325855
            ],
            [
              30.65674714626082,
              32.141346753325855
            ],
            [
              30.65674714626082,
              32.141616247911095
            ],
            [
              30.656926809317643,
              32.141616247911095
            ],
            [
              30.656926809317643,
              32.14152641638268
            ],
            [
              30.657016640846056,
              32.14152641638268
            ],
            [
              30.657016640846056,
              32.14170607943951
            ],
            [
              30.65710647237447,
              32.14170607943951
            ],
            [
              30.65710647237447,
              32.14188574249633
            ],
            [
              30.65719630390288,
              32.14188574249633
            ],
            [
              30.65719630390288,
              32.14197557402474
            ],
            [
              30.657286135431292,
              32.14197557402474
            ],
            [
              30.657286135431292,
              32.14215523708157
            ],
            [
              30.657465798488115,
              32.14215523708157
            ],
            [
              30.657465798488115,
              32.14233490013839
            ],
            [
              30.657555630016528,
              32.14233490013839
            ],
            [
              30.657555630016528,
              32.142245068609974
            ],
            [
              30.657825124601764,
              32.142245068609974
            ],
            [
              30.657825124601764,
              32.14233490013839
            ],
            [
              30.658094619187,
              32.14233490013839
            ],
            [
              30.658094619187,
              32.14251456319521
            ],
            [
              30.65818445071541,
              32.14251456319521
            ],
            [
              30.65818445071541,
              32.14296372083727
            ],
            [
              30.658274282243823,
              32.14296372083727
            ],
            [
              30.658274282243823,
              32.1431433838941
            ],
            [
              30.658364113772237,
              32.1431433838941
            ],
            [
              30.658364113772237,
              32.14359254153616
            ],
            [
              30.658453945300646,
              32.14359254153616
            ],
            [
              30.658453945300646,
              32.14458068834869
            ],
            [
              30.658364113772237,
              32.14458068834869
            ],
            [
              30.658364113772237,
              32.1446705198771
            ],
            [
              30.658453945300646,
              32.1446705198771
            ],
            [
              30.658453945300646,
              32.14485018293392
            ],
            [
              30.65854377682906,
              32.14485018293392
            ],
            [
              30.65854377682906,
              32.14511967751916
            ],
            [
              30.658633608357473,
              32.14511967751916
            ],
            [
              30.658633608357473,
              32.14502984599075
            ],
            [
              30.658723439885883,
              32.14502984599075
            ],
            [
              30.658723439885883,
              32.14511967751916
            ],
            [
              30.658813271414296,
              32.14511967751916
            ],
            [
              30.658813271414296,
              32.14502984599075
            ],
            [
              30.658903102942705,
              32.14502984599075
            ],
            [
              30.658903102942705,
              32.14511967751916
            ],
            [
              30.65917259752794,
              32.14511967751916
            ],
            [
              30.65917259752794,
              32.14502984599075
            ],
            [
              30.659262429056355,
              32.14502984599075
            ],
            [
              30.659262429056355,
              32.14511967751916
            ],
            [
              30.659352260584768,
              32.14511967751916
            ],
            [
              30.659352260584768,
              32.14502984599075
            ],
            [
              30.659621755170004,
              32.14502984599075
            ],
            [
              30.659621755170004,
              32.14511967751916
            ],
            [
              30.659711586698414,
              32.14511967751916
            ],
            [
              30.659711586698414,
              32.14502984599075
            ],
            [
              30.65998108128365,
              32.14502984599075
            ],
            [
              30.65998108128365,
              32.14511967751916
            ],
            [
              30.660070912812063,
              32.14511967751916
            ],
            [
              30.660070912812063,
              32.14520950904757
            ],
            [
              30.660520070454123,
              32.14520950904757
            ],
            [
              30.660520070454123,
              32.14529934057598
            ],
            [
              30.660699733510945,
              32.14529934057598
            ],
            [
              30.660699733510945,
              32.14547900363281
            ],
            [
              30.66078956503936,
              32.14547900363281
            ],
            [
              30.66078956503936,
              32.145389172104395
            ],
            [
              30.66087939656777,
              32.145389172104395
            ],
            [
              30.66087939656777,
              32.14547900363281
            ],
            [
              30.661148891153005,
              32.14547900363281
            ],
            [
              30.661148891153005,
              32.14556883516122
            ],
            [
              30.661238722681418,
              32.14556883516122
            ],
            [
              30.661238722681418,
              32.145389172104395
            ],
            [
              30.66141838573824,
              32.145389172104395
            ],
            [
              30.66141838573824,
              32.14556883516122
            ],
            [
              30.661508217266654,
              32.14556883516122
            ],
            [
              30.661508217266654,
              32.145658666689634
            ],
            [
              30.66141838573824,
              32.145658666689634
            ],
            [
              30.66141838573824,
              32.145838329746454
            ],
            [
              30.661508217266654,
              32.145838329746454
            ],
            [
              30.661508217266654,
              32.14592816127487
            ],
            [
              30.661687880323477,
              32.14592816127487
            ],
            [
              30.661687880323477,
              32.14601799280328
            ],
            [
              30.661598048795067,
              32.14601799280328
            ],
            [
              30.661598048795067,
              32.14610782433169
            ],
            [
              30.661687880323477,
              32.14610782433169
            ],
            [
              30.661687880323477,
              32.1461976558601
            ],
            [
              30.66177771185189,
              32.1461976558601
            ],
            [
              30.66177771185189,
              32.14628748738851
            ],
            [
              30.661687880323477,
              32.14628748738851
            ],
            [
              30.661687880323477,
              32.14646715044534
            ],
            [
              30.66177771185189,
              32.14646715044534
            ],
            [
              30.66177771185189,
              32.146826476558985
            ],
            [
              30.6618675433803,
              32.146826476558985
            ],
            [
              30.6618675433803,
              32.14700613961581
            ],
            [
              30.661957374908713,
              32.14700613961581
            ],
            [
              30.661957374908713,
              32.147095971144225
            ],
            [
              30.662047206437126,
              32.147095971144225
            ],
            [
              30.662047206437126,
              32.147275634201044
            ],
            [
              30.662137037965536,
              32.147275634201044
            ],
            [
              30.662137037965536,
              32.14736546572946
            ],
            [
              30.66222686949395,
              32.14736546572946
            ],
            [
              30.66222686949395,
              32.147545128786284
            ],
            [
              30.662316701022363,
              32.147545128786284
            ],
            [
              30.662316701022363,
              32.1477247918431
            ],
            [
              30.662406532550772,
              32.1477247918431
            ],
            [
              30.662406532550772,
              32.14781462337152
            ],
            [
              30.662316701022363,
              32.14781462337152
            ],
            [
              30.662316701022363,
              32.14790445489993
            ],
            [
              30.662406532550772,
              32.14790445489993
            ],
            [
              30.662406532550772,
              32.14817394948516
            ],
            [
              30.662496364079185,
              32.14817394948516
            ],
            [
              30.662496364079185,
              32.1484434440704
            ],
            [
              30.6625861956076,
              32.1484434440704
            ],
            [
              30.6625861956076,
              32.148533275598815
            ],
            [
              30.662496364079185,
              32.148533275598815
            ],
            [
              30.662496364079185,
              32.14880277018405
            ],
            [
              30.6625861956076,
              32.14880277018405
            ],
            [
              30.6625861956076,
              32.148982433240874
            ],
            [
              30.66267602713601,
              32.148982433240874
            ],
            [
              30.66267602713601,
              32.149431590882934
            ],
            [
              30.6625861956076,
              32.149431590882934
            ],
            [
              30.6625861956076,
              32.14952142241135
            ],
            [
              30.66267602713601,
              32.14952142241135
            ],
            [
              30.66267602713601,
              32.14961125393976
            ],
            [
              30.6625861956076,
              32.14961125393976
            ],
            [
              30.6625861956076,
              32.149970580053406
            ],
            [
              30.662496364079185,
              32.149970580053406
            ],
            [
              30.662496364079185,
              32.15059940075229
            ],
            [
              30.662406532550772,
              32.15059940075229
            ],
            [
              30.662406532550772,
              32.1506892322807
            ],
            [
              30.662316701022363,
              32.1506892322807
            ],
            [
              30.662316701022363,
              32.150868895337524
            ],
            [
              30.66222686949395,
              32.150868895337524
            ],
            [
              30.66222686949395,
              32.15095872686594
            ],
            [
              30.662316701022363,
              32.15095872686594
            ],
            [
              30.662316701022363,
              32.15122822145117
            ],
            [
              30.662406532550772,
              32.15122822145117
            ],
            [
              30.662406532550772,
              32.15149771603641
            ],
            [
              30.662496364079185,
              32.15149771603641
            ],
            [
              30.662496364079185,
              32.15158754756482
            ],
            [
              30.6625861956076,
              32.15158754756482
            ],
            [
              30.6625861956076,
              32.15167737909323
            ],
            [
              30.66276585866442,
              32.15167737909323
            ],
            [
              30.66276585866442,
              32.151857042150056
            ],
            [
              30.66285569019283,
              32.151857042150056
            ],
            [
              30.66285569019283,
              32.15194687367847
            ],
            [
              30.662945521721245,
              32.15194687367847
            ],
            [
              30.662945521721245,
              32.15203670520688
            ],
            [
              30.663035353249658,
              32.15203670520688
            ],
            [
              30.663035353249658,
              32.15239603132053
            ],
            [
              30.663125184778067,
              32.15239603132053
            ],
            [
              30.663125184778067,
              32.15248586284894
            ],
            [
              30.663035353249658,
              32.15248586284894
            ],
            [
              30.663035353249658,
              32.15266552590576
            ],
            [
              30.663125184778067,
              32.15266552590576
            ],
            [
              30.663125184778067,
              32.15284518896259
            ],
            [
              30.663035353249658,
              32.15284518896259
            ],
            [
              30.663035353249658,
              32.15302485201941
            ],
            [
              30.663125184778067,
              32.15302485201941
            ],
            [
              30.663125184778067,
              32.15320451507623
            ],
            [
              30.66321501630648,
              32.15320451507623
            ],
            [
              30.66321501630648,
              32.15338417813306
            ],
            [
              30.663304847834894,
              32.15338417813306
            ],
            [
              30.663304847834894,
              32.153294346604646
            ],
            [
              30.663394679363304,
              32.153294346604646
            ],
            [
              30.663394679363304,
              32.15338417813306
            ],
            [
              30.663484510891717,
              32.15338417813306
            ],
            [
              30.663484510891717,
              32.153563841189886
            ],
            [
              30.66357434242013,
              32.153563841189886
            ],
            [
              30.66357434242013,
              32.153743504246705
            ],
            [
              30.66366417394854,
              32.153743504246705
            ],
            [
              30.66366417394854,
              32.15383333577512
            ],
            [
              30.663843837005363,
              32.15383333577512
            ],
            [
              30.663843837005363,
              32.15410283036035
            ],
            [
              30.663933668533776,
              32.15410283036035
            ],
            [
              30.663933668533776,
              32.154192661888764
            ],
            [
              30.66402350006219,
              32.154192661888764
            ],
            [
              30.66402350006219,
              32.15428249341718
            ],
            [
              30.663933668533776,
              32.15428249341718
            ],
            [
              30.663933668533776,
              32.155001145644476
            ],
            [
              30.663843837005363,
              32.155001145644476
            ],
            [
              30.663843837005363,
              32.155180808701296
            ],
            [
              30.663933668533776,
              32.155180808701296
            ],
            [
              30.663933668533776,
              32.15527064022971
            ],
            [
              30.663843837005363,
              32.15527064022971
            ],
            [
              30.663843837005363,
              32.15536047175812
            ],
            [
              30.663933668533776,
              32.15536047175812
            ],
            [
              30.663933668533776,
              32.15554013481495
            ],
            [
              30.66402350006219,
              32.15554013481495
            ],
            [
              30.66402350006219,
              32.15571979787177
            ],
            [
              30.663933668533776,
              32.15571979787177
            ],
            [
              30.663933668533776,
              32.15598929245701
            ],
            [
              30.663843837005363,
              32.15598929245701
            ],
            [
              30.663843837005363,
              32.15607912398542
            ],
            [
              30.663754005476953,
              32.15607912398542
            ],
            [
              30.663754005476953,
              32.15625878704224
            ],
            [
              30.663843837005363,
              32.15625878704224
            ],
            [
              30.663843837005363,
              32.156348618570654
            ],
            [
              30.663754005476953,
              32.156348618570654
            ],
            [
              30.663754005476953,
              32.15643845009907
            ],
            [
              30.663484510891717,
              32.15643845009907
            ],
            [
              30.663484510891717,
              32.15679777621271
            ],
            [
              30.663394679363304,
              32.15679777621271
            ],
            [
              30.663394679363304,
              32.15697743926954
            ],
            [
              30.663484510891717,
              32.15697743926954
            ],
            [
              30.663484510891717,
              32.15706727079795
            ],
            [
              30.663394679363304,
              32.15706727079795
            ],
            [
              30.663394679363304,
              32.157336765383185
            ],
            [
              30.663484510891717,
              32.157336765383185
            ],
            [
              30.663484510891717,
              32.15724693385477
            ],
            [
              30.66357434242013,
              32.15724693385477
            ],
            [
              30.66357434242013,
              32.157336765383185
            ],
            [
              30.66366417394854,
              32.157336765383185
            ],
            [
              30.66366417394854,
              32.15724693385477
            ],
            [
              30.663933668533776,
              32.15724693385477
            ],
            [
              30.663933668533776,
              32.1574265969116
            ],
            [
              30.664203163119012,
              32.1574265969116
            ],
            [
              30.664203163119012,
              32.15760625996842
            ],
            [
              30.664292994647425,
              32.15760625996842
            ],
            [
              30.664292994647425,
              32.157785923025244
            ],
            [
              30.664203163119012,
              32.157785923025244
            ],
            [
              30.664203163119012,
              32.15787575455366
            ],
            [
              30.6641133315906,
              32.15787575455366
            ],
            [
              30.6641133315906,
              32.15796558608207
            ],
            [
              30.66402350006219,
              32.15796558608207
            ],
            [
              30.66402350006219,
              32.15787575455366
            ],
            [
              30.663933668533776,
              32.15787575455366
            ],
            [
              30.663933668533776,
              32.158055417610484
            ],
            [
              30.663754005476953,
              32.158055417610484
            ],
            [
              30.663754005476953,
              32.15796558608207
            ],
            [
              30.66366417394854,
              32.15796558608207
            ],
            [
              30.66366417394854,
              32.15787575455366
            ],
            [
              30.66357434242013,
              32.15787575455366
            ],
            [
              30.66357434242013,
              32.158055417610484
            ],
            [
              30.663484510891717,
              32.158055417610484
            ],
            [
              30.663484510891717,
              32.1582350806673
            ],
            [
              30.663394679363304,
              32.1582350806673
            ],
            [
              30.663394679363304,
              32.15832491219572
            ],
            [
              30.663304847834894,
              32.15832491219572
            ],
            [
              30.663304847834894,
              32.1582350806673
            ],
            [
              30.66321501630648,
              32.1582350806673
            ],
            [
              30.66321501630648,
              32.15841474372413
            ],
            [
              30.663304847834894,
              32.15841474372413
            ],
            [
              30.663304847834894,
              32.15850457525254
            ],
            [
              30.663394679363304,
              32.15850457525254
            ],
            [
              30.663394679363304,
              32.15859440678095
            ],
            [
              30.663304847834894,
              32.15859440678095
            ],
            [
              30.663304847834894,
              32.15868423830936
            ],
            [
              30.66321501630648,
              32.15868423830936
            ],
            [
              30.66321501630648,
              32.15886390136619
            ],
            [
              30.663304847834894,
              32.15886390136619
            ],
            [
              30.663304847834894,
              32.1589537328946
            ],
            [
              30.66321501630648,
              32.1589537328946
            ],
            [
              30.66321501630648,
              32.15913339595142
            ],
            [
              30.663304847834894,
              32.15913339595142
            ],
            [
              30.663304847834894,
              32.15940289053666
            ],
            [
              30.66321501630648,
              32.15940289053666
            ],
            [
              30.66321501630648,
              32.15985204817872
            ],
            [
              30.663304847834894,
              32.15985204817872
            ],
            [
              30.663304847834894,
              32.16012154276395
            ],
            [
              30.66321501630648,
              32.16012154276395
            ],
            [
              30.66321501630648,
              32.16057070040601
            ],
            [
              30.663304847834894,
              32.16057070040601
            ],
            [
              30.663304847834894,
              32.160660531934425
            ],
            [
              30.663394679363304,
              32.160660531934425
            ],
            [
              30.663394679363304,
              32.16084019499125
            ],
            [
              30.66357434242013,
              32.16084019499125
            ],
            [
              30.66357434242013,
              32.16128935263331
            ],
            [
              30.66366417394854,
              32.16128935263331
            ],
            [
              30.66366417394854,
              32.161558847218544
            ],
            [
              30.66357434242013,
              32.161558847218544
            ],
            [
              30.66357434242013,
              32.162097836389016
            ],
            [
              30.663484510891717,
              32.162097836389016
            ],
            [
              30.663484510891717,
              32.162367330974256
            ],
            [
              30.663394679363304,
              32.162367330974256
            ],
            [
              30.663394679363304,
              32.16290632014473
            ],
            [
              30.663304847834894,
              32.16290632014473
            ],
            [
              30.663304847834894,
              32.16317581472996
            ],
            [
              30.66321501630648,
              32.16317581472996
            ],
            [
              30.66321501630648,
              32.16353514084361
            ],
            [
              30.663125184778067,
              32.16353514084361
            ],
            [
              30.663125184778067,
              32.16416396154249
            ],
            [
              30.66321501630648,
              32.16416396154249
            ],
            [
              30.66321501630648,
              32.164253793070905
            ],
            [
              30.663304847834894,
              32.164253793070905
            ],
            [
              30.663304847834894,
              32.16434362459932
            ],
            [
              30.66321501630648,
              32.16434362459932
            ],
            [
              30.66321501630648,
              32.16461311918455
            ],
            [
              30.663304847834894,
              32.16461311918455
            ],
            [
              30.663304847834894,
              32.164702950712964
            ],
            [
              30.66321501630648,
              32.164702950712964
            ],
            [
              30.66321501630648,
              32.16479278224138
            ],
            [
              30.663304847834894,
              32.16479278224138
            ],
            [
              30.663304847834894,
              32.165152108355024
            ],
            [
              30.66321501630648,
              32.165152108355024
            ],
            [
              30.66321501630648,
              32.165691097525496
            ],
            [
              30.663304847834894,
              32.165691097525496
            ],
            [
              30.663304847834894,
              32.16578092905391
            ],
            [
              30.66321501630648,
              32.16578092905391
            ],
            [
              30.66321501630648,
              32.165960592110736
            ],
            [
              30.663304847834894,
              32.165960592110736
            ],
            [
              30.663304847834894,
              32.16605042363914
            ],
            [
              30.663484510891717,
              32.16605042363914
            ],
            [
              30.663484510891717,
              32.166140255167555
            ],
            [
              30.663754005476953,
              32.166140255167555
            ],
            [
              30.663754005476953,
              32.16605042363914
            ],
            [
              30.663933668533776,
              32.16605042363914
            ],
            [
              30.663933668533776,
              32.165960592110736
            ],
            [
              30.664203163119012,
              32.165960592110736
            ],
            [
              30.664203163119012,
              32.16587076058232
            ],
            [
              30.664292994647425,
              32.16587076058232
            ],
            [
              30.664292994647425,
              32.165960592110736
            ],
            [
              30.664382826175835,
              32.165960592110736
            ],
            [
              30.664382826175835,
              32.16587076058232
            ],
            [
              30.66465232076107,
              32.16587076058232
            ],
            [
              30.66465232076107,
              32.165960592110736
            ],
            [
              30.66501164687472,
              32.165960592110736
            ],
            [
              30.66501164687472,
              32.16605042363914
            ],
            [
              30.66510147840313,
              32.16605042363914
            ],
            [
              30.66510147840313,
              32.166140255167555
            ],
            [
              30.665191309931544,
              32.166140255167555
            ],
            [
              30.665191309931544,
              32.16623008669597
            ],
            [
              30.665370972988367,
              32.16623008669597
            ],
            [
              30.665370972988367,
              32.166409749752795
            ],
            [
              30.66546080451678,
              32.166409749752795
            ],
            [
              30.66546080451678,
              32.166589412809614
            ],
            [
              30.665370972988367,
              32.166589412809614
            ],
            [
              30.665370972988367,
              32.16667924433803
            ],
            [
              30.66546080451678,
              32.16667924433803
            ],
            [
              30.66546080451678,
              32.16694873892327
            ],
            [
              30.665550636045193,
              32.16694873892327
            ],
            [
              30.665550636045193,
              32.16703857045167
            ],
            [
              30.66546080451678,
              32.16703857045167
            ],
            [
              30.66546080451678,
              32.16712840198009
            ],
            [
              30.665550636045193,
              32.16712840198009
            ],
            [
              30.665550636045193,
              32.167397896565326
            ],
            [
              30.66546080451678,
              32.167397896565326
            ],
            [
              30.66546080451678,
              32.16748772809373
            ],
            [
              30.665550636045193,
              32.16748772809373
            ],
            [
              30.665550636045193,
              32.16766739115056
            ],
            [
              30.665640467573603,
              32.16766739115056
            ],
            [
              30.665640467573603,
              32.1679368857358
            ],
            [
              30.665730299102016,
              32.1679368857358
            ],
            [
              30.665730299102016,
              32.16820638032103
            ],
            [
              30.66582013063043,
              32.16820638032103
            ],
            [
              30.66582013063043,
              32.16856570643468
            ],
            [
              30.66590996215884,
              32.16856570643468
            ],
            [
              30.66590996215884,
              32.16865553796309
            ],
            [
              30.66582013063043,
              32.16865553796309
            ],
            [
              30.66582013063043,
              32.1687453694915
            ],
            [
              30.66590996215884,
              32.1687453694915
            ],
            [
              30.66590996215884,
              32.16883520101992
            ],
            [
              30.66582013063043,
              32.16883520101992
            ],
            [
              30.66582013063043,
              32.16892503254833
            ],
            [
              30.66590996215884,
              32.16892503254833
            ],
            [
              30.66590996215884,
              32.169284358661976
            ],
            [
              30.665999793687252,
              32.169284358661976
            ],
            [
              30.665999793687252,
              32.16955385324721
            ],
            [
              30.666089625215662,
              32.16955385324721
            ],
            [
              30.666089625215662,
              32.16964368477562
            ],
            [
              30.666179456744075,
              32.16964368477562
            ],
            [
              30.666179456744075,
              32.16982334783245
            ],
            [
              30.66644895132931,
              32.16982334783245
            ],
            [
              30.66644895132931,
              32.16991317936086
            ],
            [
              30.666538782857724,
              32.16991317936086
            ],
            [
              30.666538782857724,
              32.16982334783245
            ],
            [
              30.666628614386134,
              32.16982334783245
            ],
            [
              30.666628614386134,
              32.17000301088927
            ],
            [
              30.666718445914547,
              32.17000301088927
            ],
            [
              30.666718445914547,
              32.17009284241768
            ],
            [
              30.66680827744296,
              32.17009284241768
            ],
            [
              30.66680827744296,
              32.170182673946094
            ],
            [
              30.66689810897137,
              32.170182673946094
            ],
            [
              30.66689810897137,
              32.17027250547451
            ],
            [
              30.666987940499784,
              32.17027250547451
            ],
            [
              30.666987940499784,
              32.17036233700292
            ],
            [
              30.667077772028193,
              32.17036233700292
            ],
            [
              30.667077772028193,
              32.17045216853133
            ],
            [
              30.667167603556607,
              32.17045216853133
            ],
            [
              30.667167603556607,
              32.17054200005974
            ],
            [
              30.66734726661343,
              32.17054200005974
            ],
            [
              30.66734726661343,
              32.170721663116566
            ],
            [
              30.667437098141843,
              32.170721663116566
            ],
            [
              30.667437098141843,
              32.17081149464498
            ],
            [
              30.667526929670256,
              32.17081149464498
            ],
            [
              30.667526929670256,
              32.17108098923021
            ],
            [
              30.667616761198666,
              32.17108098923021
            ],
            [
              30.667616761198666,
              32.17126065228704
            ],
            [
              30.66770659272708,
              32.17126065228704
            ],
            [
              30.66770659272708,
              32.17144031534386
            ],
            [
              30.667796424255492,
              32.17144031534386
            ],
            [
              30.667796424255492,
              32.17153014687227
            ],
            [
              30.667886255783902,
              32.17153014687227
            ],
            [
              30.667886255783902,
              32.171619978400685
            ],
            [
              30.668065918840725,
              32.171619978400685
            ],
            [
              30.668065918840725,
              32.1717098099291
            ],
            [
              30.668604908011197,
              32.1717098099291
            ],
            [
              30.668604908011197,
              32.17179964145751
            ],
            [
              30.668784571068024,
              32.17179964145751
            ],
            [
              30.668784571068024,
              32.171889472985924
            ],
            [
              30.668874402596433,
              32.171889472985924
            ],
            [
              30.668874402596433,
              32.17197930451433
            ],
            [
              30.668964234124847,
              32.17197930451433
            ],
            [
              30.668964234124847,
              32.172069136042744
            ],
            [
              30.669054065653256,
              32.172069136042744
            ],
            [
              30.669054065653256,
              32.17269795674163
            ],
            [
              30.66914389718167,
              32.17269795674163
            ],
            [
              30.66914389718167,
              32.172877619798456
            ],
            [
              30.669233728710083,
              32.172877619798456
            ],
            [
              30.669233728710083,
              32.173057282855275
            ],
            [
              30.669323560238492,
              32.173057282855275
            ],
            [
              30.669323560238492,
              32.1732369459121
            ],
            [
              30.669413391766906,
              32.1732369459121
            ],
            [
              30.669413391766906,
              32.173326777440515
            ],
            [
              30.66950322329532,
              32.173326777440515
            ],
            [
              30.66950322329532,
              32.1732369459121
            ],
            [
              30.66959305482373,
              32.1732369459121
            ],
            [
              30.66959305482373,
              32.173326777440515
            ]
          ],
          [
            [
              30.65629798861876,
              32.14071793262698
            ],
            [
              30.656387820147174,
              32.14071793262698
            ],
            [
              30.656387820147174,
              32.14080776415538
            ],
            [
              30.65629798861876,
              32.14080776415538
            ],
            [
              30.65629798861876,
              32.14071793262698
            ]
          ],
          [
            [
              30.664382826175835,
              32.157785923025244
            ],
            [
              30.664382826175835,
              32.15787575455366
            ],
            [
              30.664292994647425,
              32.15787575455366
            ],
            [
              30.664292994647425,
              32.157785923025244
            ],
            [
              30.664382826175835,
              32.157785923025244
            ]
          ],
          [
            [
              30.66366417394854,
              32.15814524913889
            ],
            [
              30.66366417394854,
              32.1582350806673
            ],
            [
              30.66357434242013,
              32.1582350806673
            ],
            [
              30.66357434242013,
              32.15814524913889
            ],
            [
              30.66366417394854,
              32.15814524913889
            ]
          ],
          [
            [
              30.656567483203997,
              32.14107725874062
            ],
            [
              30.656567483203997,
              32.141167090269036
            ],
            [
              30.656477651675583,
              32.141167090269036
            ],
            [
              30.656477651675583,
              32.14107725874062
            ],
            [
              30.656567483203997,
              32.14107725874062
            ]
          ],
          [
            [
              30.65441152652211,
              32.13963995428603
            ],
            [
              30.65441152652211,
              32.139729785814446
            ],
            [
              30.654321694993698,
              32.139729785814446
            ],
            [
              30.654321694993698,
              32.13963995428603
            ],
            [
              30.65441152652211,
              32.13963995428603
            ]
          ],
          [
            [
              30.63410960110101,
              32.117990555938746
            ],
            [
              30.63410960110101,
              32.11790072441034
            ],
            [
              30.634289264157832,
              32.11790072441034
            ],
            [
              30.634289264157832,
              32.117721061353514
            ],
            [
              30.634468927214655,
              32.117721061353514
            ],
            [
              30.634468927214655,
              32.11790072441034
            ],
            [
              30.634379095686246,
              32.11790072441034
            ],
            [
              30.634379095686246,
              32.117990555938746
            ],
            [
              30.634468927214655,
              32.117990555938746
            ],
            [
              30.634468927214655,
              32.118260050523986
            ],
            [
              30.634379095686246,
              32.118260050523986
            ],
            [
              30.634379095686246,
              32.1183498820524
            ],
            [
              30.634289264157832,
              32.1183498820524
            ],
            [
              30.634289264157832,
              32.11843971358081
            ],
            [
              30.63419943262942,
              32.11843971358081
            ],
            [
              30.63419943262942,
              32.1183498820524
            ],
            [
              30.63410960110101,
              32.1183498820524
            ],
            [
              30.63410960110101,
              32.11817021899557
            ],
            [
              30.63419943262942,
              32.11817021899557
            ],
            [
              30.63419943262942,
              32.117990555938746
            ],
            [
              30.63410960110101,
              32.117990555938746
            ]
          ],
          [
            [
              30.625485774373463,
              32.10918706615438
            ],
            [
              30.625485774373463,
              32.10927689768279
            ],
            [
              30.62539594284505,
              32.10927689768279
            ],
            [
              30.62539594284505,
              32.10918706615438
            ],
            [
              30.625485774373463,
              32.10918706615438
            ]
          ]
        ]
      },
      "properties": {
        "event_id": "00007_01339_persistent_0003",
        "t0_source": "00007",
        "t1_source": "01339",
        "t0_time": "2024-04-10T10:00:00+00:00",
        "t1_time": "2024-04-10T14:00:00+00:00",
        "change_type": "persistent",
        "pixel_count": 35610,
        "area_m2": 3007776.05,
        "area_km2": 3.007776,
        "area_crs": "EPSG:32636",
        "area_method": "utm_projection_zone_36N",
        "mean_probability_t0": 0.8677,
        "mean_probability_t1": 0.8677,
        "mean_probability_delta": 0.0,
        "centroid": [
          30.652577,
          32.137832
        ],
        "bbox": [
          30.625126,
          32.104516,
          30.67112,
          32.176291
        ]
      }
    },
    {
      "type": "Feature",
      "id": "00007_01339_persistent_0004",
      "geometry": {
        "type": "Polygon",
        "coordinates": [
          [
            [
              30.663484510891717,
              32.15796558608207
            ],
            [
              30.663304847834894,
              32.15796558608207
            ],
            [
              30.663304847834894,
              32.15787575455366
            ],
            [
              30.663035353249658,
              32.15787575455366
            ],
            [
              30.663035353249658,
              32.158055417610484
            ],
            [
              30.663125184778067,
              32.158055417610484
            ],
            [
              30.663125184778067,
              32.15814524913889
            ],
            [
              30.663304847834894,
              32.15814524913889
            ],
            [
              30.663304847834894,
              32.1582350806673
            ],
            [
              30.663394679363304,
              32.1582350806673
            ],
            [
              30.663394679363304,
              32.158055417610484
            ],
            [
              30.663484510891717,
              32.158055417610484
            ],
            [
              30.663484510891717,
              32.15796558608207
            ]
          ]
        ]
      },
      "properties": {
        "event_id": "00007_01339_persistent_0004",
        "t0_source": "00007",
        "t1_source": "01339",
        "t0_time": "2024-04-10T10:00:00+00:00",
        "t1_time": "2024-04-10T14:00:00+00:00",
        "change_type": "persistent",
        "pixel_count": 12,
        "area_m2": 1013.34,
        "area_km2": 0.001013,
        "area_crs": "EPSG:32636",
        "area_method": "utm_projection_zone_36N",
        "mean_probability_t0": 0.2438,
        "mean_probability_t1": 0.2438,
        "mean_probability_delta": 0.0,
        "centroid": [
          30.663245,
          32.158025
        ],
        "bbox": [
          30.663035,
          32.157876,
          30.663485,
          32.158235
        ]
      }
    }
  ]
}